source	translation	status	notes
   (no presentation swap)		excluded	26cf80b context audited: protocol/save/resource identifier, scheduler/pipeline ID, developer schema/log or formatting template; display label localized separately where needed
  %-13s %-18s ids %s%s		excluded	26cf80b context audited: protocol/save/resource identifier, scheduler/pipeline ID, developer schema/log or formatting template; display label localized separately where needed
  (none)		excluded	26cf80b context audited: protocol/save/resource identifier, scheduler/pipeline ID, developer schema/log or formatting template; display label localized separately where needed
  0x%02X %-16s %-2s spare:%-5s %s		excluded	26cf80b context audited: protocol/save/resource identifier, scheduler/pipeline ID, developer schema/log or formatting template; display label localized separately where needed
  ACTIVE -- storage block at 0x%X		excluded	26cf80b context audited: protocol/save/resource identifier, scheduler/pipeline ID, developer schema/log or formatting template; display label localized separately where needed
  Damage: 	  피해: 	translated	upstream 26cf80b display/context review
  heals 	 → 	translated	회복 메시지 조각; 한국어 조사 회피
  INERT (DLL mode or Skills module inactive)		excluded	26cf80b context audited: protocol/save/resource identifier, scheduler/pipeline ID, developer schema/log or formatting template; display label localized separately where needed
  INERT -- ExeMods\\Skillz.dll present, the DLL owns the skill system		excluded	26cf80b context audited: protocol/save/resource identifier, scheduler/pipeline ID, developer schema/log or formatting template; display label localized separately where needed
  Mana: 	  마나: 	translated	멀티플레이 상태 표시
  tables: %d classes, %d races, %d skill rows		excluded	26cf80b context audited: protocol/save/resource identifier, scheduler/pipeline ID, developer schema/log or formatting template; display label localized separately where needed
 (applied after resistances)\n	 (저항 적용 후 계산)\n	translated	세라프 피해 감소 설명 조각
 (the most a Primordial item can drop with). Each point of Bonus Power is worth 	 (태고 아이템에 붙을 수 있는 최대치). 보너스 위력 1당 환산 아이템 레벨: 	translated	upstream 26cf80b review
 +X	 +X	translated	마법부여 미리보기 형식 토큰 유지
 - Corrupted bag #	 - 손상된 가방 #	translated	저장 무결성 경고 조각
 - Corrupted item #	 - 손상된 아이템 #	translated	저장 무결성 경고 조각
 .. lowerLimit .. 		excluded	보정 데이터 생성 코드 조각
 .. name .. 		excluded	보정 데이터 생성 코드 조각
 .. upperLimit .. 		excluded	보정 데이터 생성 코드 조각
 and increases attack speed by 1% per skill point.\n	 또한 기술 포인트당 공격 속도가 1% 증가합니다.\n	translated	upstream 26cf80b review
 and reduces magical damage taken.\n	 또한 받는 마법 피해를 줄입니다.\n	translated	upstream 26cf80b review
 Armor.	 방어력.	translated	아이템 마법부여 설명 조각
 atk	 공격	translated	무기 전문가 숙련 설명 조각
 atk, 	 공격, 	translated	무기 전문가 숙련 설명 조각
 attacks and +	 공격), +	translated	화염 무기 마법부여 설명 조각
 Aura: adds 	 오라: 모든 공격에 	translated	화염 오라 조합 문자열
 Austerity	 절제	translated	게임 모드
 Body and mind Resistances.	 육체 및 정신 저항.	translated	아이템 마법부여 설명 조각
 bonus to Meditation skill for 6 hours.	 (6시간)	translated	명상 보너스 조각
 can only be made by upgrading with U.\n\nTier: 	단계는 U 키를 눌러 합성해야만 만들 수 있습니다.\n\n등급: 	translated	upstream 26cf80b review
 Combo Points to be casted.	 콤보 포인트가 필요합니다.	translated	연결형 암살자 능력 설명 후행 조각
 completed!	 완료!	translated	아레나 완료 메시지 조각
 cover 	 → 엄호: 	translated	엄호 상태 메시지 조각
 covers the blow	의 엄호가 공격을 막아냈습니다	translated	upstream 26cf80b review
 crafting items	개의 제작 재료	translated	순간이동 상태 메시지 조각
 damage on hit	 피해를 가합니다	translated	upstream 26cf80b display/context review
 damage vs 	배 피해를 가합니다. 대상: 	translated	upstream 26cf80b display/context review
 damage.	 피해를 추가합니다.	translated	upstream 26cf80b display/context review
 Direct connect	 직접 연결	translated	upstream 26cf80b review
 dmg and 	 피해, 	translated	무기 전문가 숙련 설명 조각
 dmg, 	 피해, 	translated	무기 전문가 숙련 설명 조각
 Elemental Resistances.	 원소 저항.	translated	아이템 마법부여 설명 조각
 Endurance and	 인내력 및	translated	아이템 마법부여 설명 조각
 Endurance and Accuracy.	 인내력 및 정확도.	translated	아이템 마법부여 설명 조각
 Endurance and Regenerate Hit points over time.	 인내력 및 지속 생명력 재생.	translated	아이템 마법부여 설명 조각
 energy per second	 기력/초	translated	upstream 26cf80b review
 Exp, 	 경험치, 	translated	맵 완료 보상 메시지 조각
 extra damage per skill point.\n	 (기술 포인트당).\n	translated	upstream 26cf80b review
 filtered)	 필터됨)	translated	아이템 필터 메시지 조각
 Fire Damage to any attack\n\n	 화염 피해 추가\n\n	translated	화염 오라 조합 문자열; 줄바꿈 유지
 Fire Resistance and Regenerate Hit points over time.	 화염 저항 및 지속 생명력 재생.	translated	아이템 마법부여 설명 조각
 for 	: 회복량 	translated	회복 메시지 조각
 for 6 hours.	 (6시간 지속).	translated	upstream 26cf80b review
 General settings	 일반 설정	translated	추가 설정 화면 제목
 Gold and a Crafting Material	 금화 및 제작 재료	translated	맵 완료 보상 메시지 조각
 gold! (	 금화! (	translated	아이템 필터 메시지 조각
 gold.	 골드가 필요합니다.	translated	upstream 26cf80b display/context review
 heals 	 → 	translated	회복 메시지 조각
 heals the party for 	: 파티 회복량 	translated	회복 메시지 조각
 heals you for 	: 회복량 	translated	회복 메시지 조각
 Hit points	 생명력	translated	회복 상태 메시지 조각
 hit points	 생명력	translated	회복 상태 메시지 조각
 Hit Points	 생명력	translated	아이템/주문 설명 조각
 hit points (crit)	 생명력 (치명타)	translated	회복 상태 메시지 조각
 Hit points and Regenerate Hit points over time.	 생명력 및 지속 생명력 재생.	translated	아이템 마법부여 설명 조각
 Hit points(crit)	 생명력 (치명타)	translated	회복 상태 메시지 조각
 hit points(crit)	 생명력 (치명타)	translated	회복 상태 메시지 조각
 Hit Points\n	 생명력\n	translated	승천 생명력 회복 설명 후행 조각
 HP over time	 체력을 지속적으로 소모합니다	translated	upstream 26cf80b display/context review
 in bag #	, 가방 #	translated	저장 무결성 경고 조각
 Intellect and Accuracy.	 지능 및 정확도.	translated	아이템 마법부여 설명 조각
 Intellect and Luck.	 지능 및 행운.	translated	아이템 마법부여 설명 조각
 Intellect and Might.	 지능 및 힘.	translated	아이템 마법부여 설명 조각
 Intellect and personality.	 지능 및 성격.	translated	아이템 마법부여 설명 조각
 Intellect and Personality.	 지능 및 성격.	translated	아이템 마법부여 설명 조각
 item levels.\nUsed on a Dimension Map, it moves the map to another dungeon you have already completed, of the same kind (outdoor or indoor).\n(right-click on an item or a map to use)	 레벨.\n차원 지도에 사용하면 같은 유형 (야외 또는 실내)의 다른 완료된 던전으로 지도를 옮깁니다.\n(아이템이나 지도를 우클릭하여 사용)	translated	upstream 26cf80b review
 levels of the character using it, max 	 레벨. 최대 보너스 위력: 	translated	upstream 26cf80b review
 Luck and Meditation Skill +	 행운 및 명상 기술 +	translated	아이템 마법부여 설명 조각
 Map	 지도	translated	지도 아이템 이름 접미사
 Might and Endurance.	 힘 및 인내력.	translated	아이템 마법부여 설명 조각
 Might and Personality.	 힘 및 성격.	translated	아이템 마법부여 설명 조각
 Might, Intellect and Personality.	 힘, 지능 및 성격.	translated	아이템 마법부여 설명 조각
 Might.	 힘.	translated	아이템 마법부여 설명 조각
 monster. Control duration against bosses is halved.\n\nRecovery time: 	. 우두머리 상대 제어 지속시간은 절반입니다.\n\n회복 시간: 	translated	upstream 26cf80b review
 monsters	마리의 몬스터	translated	순간이동 상태 메시지 조각
 monsters and 	마리의 몬스터와 	translated	순간이동 상태 메시지 조각
 on attack activated	 공격 시 발동 활성화	translated	주문 발동 상태 메시지
 on attack disabled	 공격 시 발동 비활성화	translated	주문 발동 상태 메시지
 on skills)	 기술 보너스)	translated	upstream 26cf80b review
 on weapons and body armor), up to 1 Bonus Power every 	 (무기와 몸통 방어구). 사용 캐릭터의 다음 레벨 간격마다 보너스 위력을 최대 1씩 높일 수 있습니다: 	translated	upstream 26cf80b review
 per skill point (at Novice, Expert, Master; Grand Master adds nothing)	 (기술 포인트당; 초보·전문가·마스터에 적용, 그랜드마스터는 추가 없음)	translated	upstream 26cf80b review
 Personality and Accuracy.	 성격 및 정확도.	translated	아이템 마법부여 설명 조각
 points of 	점의 	translated	upstream 26cf80b display/context review
 points of Body damage.	 육체 피해.	translated	아이템 추가 피해 설명
 points of Cold damage.	 냉기 피해.	translated	아이템 추가 피해 설명
 points of Electrical damage.	 전기 피해.	translated	아이템 추가 피해 설명
 points of Fire damage to 	 화염 피해 (	translated	무기 종류가 뒤따르는 화염 피해 설명 조각
 points of Fire damage.	 화염 피해.	translated	아이템 추가 피해 설명
 power per step to work.	 이상.	translated	upstream 26cf80b review
 Randomizer	 무작위화	translated	무작위화 UI 제목
 required)	)	translated	필요 레벨 메시지 후행 조각
 resistance. Control duration against bosses is halved.\n\nRecovery time: 	인 대상을 기준으로 합니다. 보스에게는 제어 지속시간이 절반으로 줄어듭니다.\n\n회복 시간: 	translated	제어 주문 툴팁 조각
 skill	 기술	translated	upstream 26cf80b review
 skill and 	 기술과 	translated	upstream 26cf80b display/context review
 skill by 1, up to double its base value.	 기술이 1 증가합니다. 기본 수치의 두 배까지 증가합니다.	translated	upstream 26cf80b display/context review
 skill in 	 단계 이상의 	translated	주문책 요구 조건 조각
 Skill Points (step 	 기술 포인트 (단계 	translated	upstream 26cf80b review
 Skill Points)	 기술 포인트)	translated	upstream 26cf80b review
 Speed and Accuracy.	 속도 및 정확도.	translated	아이템 마법부여 설명 조각
 Spell Points	 주문력	translated	연금술 툴팁 조각
 Spell points and Meditation Skill +	 주문력 및 명상 기술 +	translated	아이템 마법부여 설명 조각
 Spell points, Speed, Intellect.	 주문력, 속도, 지능.	translated	아이템 마법부여 설명 조각
 Spell Points\n	 주문력\n	translated	승천 주문력 회복 설명 후행 조각
 to all Resistances.	 모든 저항.	translated	아이템 마법부여 설명 조각
 to all Seven Statistics.	 7대 능력치 전체.	translated	아이템 마법부여 설명 조각
 to Endurance, Armor, Hit points.	 인내력, 방어력, 생명력.	translated	아이템 마법부여 설명 조각
 to open the book	 기술이 필요합니다	translated	주문책 요구 조건 조각
 to Seven Stats, HP, SP, Armor, Resistances.	 7대 능력치, 생명력, 주문력, 방어력, 저항.	translated	아이템 마법부여 설명 조각
 to spell damage and +	 주문 피해, +	translated	주문 피해 마법부여 설명 조각
 will not be sorted with C	번은 C키 정렬에서 제외됩니다	translated	인벤토리 정렬 메시지 조각
 will now take alchemy items when sorting	 → 정렬 시 연금술 아이템 담당	translated	인벤토리 정렬 메시지 조각
#\tNote\tContinent\tBolster kind\tSpells\tSummons\tLevel shift\n		excluded	Bolster 설정 파일 헤더
#\tNote\tType\tExtraType\tCreed\tStyle\tPref magic\tNoArena\tAllow ranged attacks\tAllow spells\tHP by size\tAllow replicate\tAllow summons\tSummon Id\tExtra points\tMax HP Boost (%)\n		excluded	Bolster 설정 파일 헤더
% above what the item is worth.\nThe better the item, the less one Cube adds to it: 	%.\n품질이 좋은 아이템일수록 큐브 하나로 얻는 증가량이 적습니다. 일반 및 마법부여 아이템: 	translated	upstream 26cf80b review
% Accuracy) for 6 hours.	%) 효과를 6시간 동안 부여합니다.	translated	upstream 26cf80b review
% and grants Preservation for 6 hours.\nRequire 20 power to work.\n	%. 보존 효과도 부여합니다 (6시간 지속).\n물약 위력이 20 이상이어야 합니다.\n	translated	upstream 26cf80b review
% and making him unable to act for 4 seconds	%의 피해를 주고 4초 동안 행동할 수 없게 합니다.	translated	연결형 질식 설명 후행 조각
% at novice, expert, master and grandmaster rankings per point of skill in Dragon Ability.\nEach point in the skill increases damage and increases recovery time by 3%.	%씩 증가합니다(드래곤 능력 기술의 초보, 전문가, 마스터, 그랜드마스터 단계에서 기술 포인트당).\n기술 포인트마다 피해가 증가하고 회복 시간이 3% 증가합니다.	translated	드래곤 능력 설명의 동적 수치 뒤 문장
% Attack Speed), Heroism (+	%), 영웅심 (근접 피해 +	translated	upstream 26cf80b review
% be an higher tier	% 확률로 더 높은 등급이 됨	translated	지도 어픽스 설명 조각; 원문 문법 오류 보정
% chance to become a boss	% 확률로 보스가 됨	translated	지도 어픽스 설명 조각
% chance to cast dragon breath	% 확률로 드래곤 브레스 시전	translated	지도 어픽스 설명 조각
% chance to cast fireball	% 확률로 화염구 시전	translated	지도 어픽스 설명 조각
% chance to deal energy damage	% 확률로 에너지 피해를 줌	translated	지도 어픽스 설명 조각
% chance to ignore status resistance	% 확률로 상태 저항 무시	translated	지도 어픽스 설명 조각
% chance to miss attacks	% 확률로 공격이 빗나감	translated	지도 어픽스 설명 조각
% chance to summon a monster upon death	% 확률로 사망 시 몬스터 소환	translated	지도 어픽스 설명 조각
% craft items drop chances 	% 제작 재료 드롭 확률 	translated	차원 지도 옵션
% critical chance	% 치명타 확률	translated	지도 어픽스 설명 조각
% extra chance to resist control effects	% 추가 제어 효과 저항 확률	translated	지도 어픽스 설명 조각
% for 6 hours.	% (6시간 지속).	translated	upstream 26cf80b review
% increased damage	% 증가한 피해를 줌	translated	지도 어픽스 설명 조각
% increased HP	% 생명력 증가	translated	지도 어픽스 설명 조각
% increased HP and damage	% 생명력 및 피해 증가	translated	지도 어픽스 설명 조각
% increased movement speed	% 이동 속도 증가	translated	지도 어픽스 설명 조각
% item quality 	% 아이템 품질 	translated	차원 지도 옵션
% magic damage taken), Stone Skin and Preservation for 6 hours.	%), 돌 피부, 보존 효과를 6시간 동안 부여합니다.	translated	upstream 26cf80b review
% Melee Damage) and Bless (+	%), 축복 (정확도 +	translated	upstream 26cf80b review
% monster density	% 몬스터 밀도	translated	차원 지도 옵션
% of current weapon damage.	% (현재 무기 피해 기준).	translated	연결형 무기 피해 설명 후행 조각
% of magic damage	%의 마법 피해를 반사	translated	지도 어픽스 설명 조각
% of Melee damage	% (근접 공격 피해 기준)	translated	연결형 주문 피해 설명 후행 조각
% of monster Hit points as fire damage.	%만큼 추가 화염 피해를 줍니다.	translated	승천 화염 피해 설명 후행 조각
% of physical damage	%의 물리 피해를 반사	translated	지도 어픽스 설명 조각
% of player hp as damage	%의 플레이어 생명력을 피해로 줌	translated	지도 어픽스 설명 조각
% of the base weapon damage	% (기본 무기 피해 기준)	translated	연결형 무기 피해 설명 후행 조각
% of the physical damage you deal (	%입니다 (활 사용 시 	translated	upstream 26cf80b review
% of weapon damage	% (무기 피해 기준)	translated	연결형 무기 피해 설명 후행 조각
% off its damage -- and Retaliation answers it all the same.	%만큼 피해를 줄이며, 이때도 반격이 발동합니다.	translated	upstream 26cf80b review
% on ancient, 	%, 태고 및 전설: 	translated	upstream 26cf80b review
% on artifacts, 	%, 천상: 	translated	upstream 26cf80b review
% on celestial.\n(right-click on a weapon or armor to use)	%.\n(무기나 방어구를 우클릭하여 사용)	translated	upstream 26cf80b review
% on epic, 	%, 고대: 	translated	upstream 26cf80b review
% on plain and enchanted items, 	%, 희귀: 	translated	upstream 26cf80b review
% on primordial and legendary, 	%, 유물: 	translated	upstream 26cf80b review
% on rare, 	%, 영웅: 	translated	upstream 26cf80b review
% per skill point, depending on mastery.	% (기술 포인트당, 숙련도에 따라 달라짐).	translated	upstream 26cf80b review
% per skill point, never less than 1 damage per point, when equipping a blaster.\n	% (기술 포인트당). 블래스터 장착 시 적용되며, 포인트당 피해가 최소 1 증가합니다.\n	translated	upstream 26cf80b review
% per skill point, never less than 1 damage per point, when equipping a bow.\n	% (기술 포인트당). 활 장착 시 적용되며, 포인트당 피해가 최소 1 증가합니다.\n	translated	upstream 26cf80b review
% per skill point, never less than 1 damage per point, when equipping a dagger.\nCrit chance will get lower as monsters grow stronger, up to level 600.	% (기술 포인트당). 단검 장착 시 적용되며, 포인트당 피해가 최소 1 증가합니다.\n몬스터가 강해질수록 치명타 확률이 감소하며, 최대 600레벨까지 적용됩니다.	translated	upstream 26cf80b review
% per skill point, never less than 1 damage per point, when equipping a mace.\n	% (기술 포인트당). 철퇴 장착 시 적용되며, 포인트당 피해가 최소 1 증가합니다.\n	translated	upstream 26cf80b review
% per skill point, never less than 1 damage per point, when equipping a spear.\n\nSpear skill raises AC by X% per skill point, counting an extra +10 effective skill.\n	% (기술 포인트당). 창 장착 시 적용되며, 포인트당 피해가 최소 1 증가합니다.\n\n창 기술은 기술 포인트당 X%만큼 방어력을 높이며, 유효 기술 레벨에 10을 더해 계산합니다.\n	translated	upstream 26cf80b review
% per skill point, never less than 1 damage per point, when equipping a staff.\nAt Grandmaster can combine staff and unarmed skill, increasing its damage with staff skill at half effect.\n\nYour full Staff Attack boosts AC and all Resistances by X% per skill point, counting an extra +10 points of skill. Resistances apply to the entire party.\n	% (기술 포인트당). 지팡이 장착 시 적용되며, 포인트당 피해가 최소 1 증가합니다.\n그랜드마스터는 지팡이와 맨손 전투 기술을 함께 사용할 수 있으며, 지팡이 기술의 절반만큼 효과를 적용하여 맨손 피해를 높입니다.\n\n최종 지팡이 공격 수치는 기술 포인트당 X%만큼 방어력과 모든 저항을 높이며, 기술 레벨에 10을 더해 계산합니다. 저항 보너스는 파티 전체에 적용됩니다.\n	translated	upstream 26cf80b review
% per skill point, never less than 1 damage per point, when equipping a sword.\n\nYour full Sword Attack boosts AC by X% per skill point, counting an extra +10 points of skill.\n	% (기술 포인트당). 검 장착 시 적용되며, 포인트당 피해가 최소 1 증가합니다.\n\n최종 검 공격 수치는 기술 포인트당 X%만큼 방어력을 높이며, 기술 레벨에 10을 더해 계산합니다.\n	translated	upstream 26cf80b review
% per skill point, never less than 1 damage per point, when equipping an axe.\n	% (기술 포인트당). 도끼 장착 시 적용되며, 포인트당 피해가 최소 1 증가합니다.\n	translated	upstream 26cf80b review
% skill in 	% 기술 보너스: 	translated	upstream 26cf80b display/context review
% speed	% 속도	translated	Reviewed armsmaster tooltip fragment
% with a bow). This stacks with a weapon's vampiric enchant.\n	%의 생명력을 흡수합니다). 무기의 흡혈 마법부여와 중첩됩니다.\n	translated	upstream 26cf80b review
%% speed	%% 속도	translated	무기 전문가 숙련 설명 조각
%%([%w_]*)%%		excluded	코드 치환용 정규식 패턴
%%d		excluded	런타임 format 자리표시자 템플릿; 표시 문자열 아님
%(Special		excluded	26cf80b context audited: protocol/save/resource identifier, scheduler/pipeline ID, developer schema/log or formatting template; display label localized separately where needed
%, for 6 hours.	% (6시간 지속).	translated	upstream 26cf80b review
%.10f		excluded	숫자 서식용 format 패턴
%6s		excluded	폭 지정 숫자 서식; 번역 금지
%\n\nAdditionally it will make your attacks to leech damage based on your total HP.\n\nCurrent leech vs. same level monsters: 	%\n\n추가로 총 생명력에 비례하여 공격 시 생명력을 흡수합니다.\n\n동일 레벨 몬스터 대상 현재 흡혈량: 	translated	죽음의 기사 혈마법 설명 후행 조각
%\n\nPress P to enable/disable\n	%\n\nP키로 활성화/비활성화\n	translated	엄호 기술 토글 안내; 선행 % 보존
%d+		excluded	정규식 숫자 패턴; 표시 문자열 아님
%HP per second	% 생명력 재생	translated	지도 어픽스 설명 조각
%lu		excluded	기존 NPC 텍스트 자리표시자 치환용; 표시 문자열 아님
%s		excluded	숫자 이름 string.format 서식 전용
%s      %s|		excluded	서식 전용 문자열; 번역 불필요
%s     %s|		excluded	서식 전용 문자열; 번역 불필요
%s    %s		excluded	스킬 설명 정렬용 서식 문자열
%s  %s|		excluded	서식 전용 문자열; 번역 불필요
%s %g%% to stun for %gs	%s %g%% 확률로 %g초 동안 기절	translated	upstream 26cf80b review
%s (speaking with %s)	%s (대화 상대: %s)	translated	멀티플레이 집 UI
%s 0.5%% dodge chance	%s 회피 확률 +0.5%%	translated	회피 그랜드마스터 효과
%s 1%% to halve AC and increases critical strike damage by 5%% per skill point, reduced up to 1%% as monsters get stronger	%s 방어력을 절반으로 만들 확률 1%%, 기술 포인트당 치명타 피해 +5%%. 몬스터가 강해질수록 효과 확률 감소	translated	도끼 그랜드마스터 효과
%s 1%% to stun	%s 기절 확률 +1%%	translated	지팡이 마스터 효과
%s 15%% Damage reduction	%s 피해 감소 15%%	translated	방패 그랜드마스터 효과
%s 2 arrows	%s 화살 2발 발사	translated	활 마스터 효과
%s 5+1 crit%%/skill	%s 치명타 확률 5+1%%/기술	translated	단검 마스터 효과
%s action %s: ebx=%s esi=%s edi=%s map=%s\n		excluded	26cf80b context audited: protocol/save/resource identifier, scheduler/pipeline ID, developer schema/log or formatting template; display label localized separately where needed
%s borrowed %s food from you!	%s 님이 당신에게서 식량 %s을 빌렸습니다!	translated	upstream 26cf80b display/context review
%s bounty hunt completed!	%s 님이 현상금 사냥을 완료했습니다!	translated	upstream 26cf80b display/context review
%s can dual wield	%s 쌍수 무기 사용 가능	translated	단검 숙련 효과
%s can hold with 1 hand	%s 한 손으로 사용 가능	translated	창 마스터 효과
%s casting Lloyd's Beacon... %s...	%s 님이 로이드의 봉화를 시전 중입니다... %s...	translated	upstream 26cf80b display/context review
%s casts Charge stunning the enemy	%s의 돌진이 적을 기절시킵니다	translated	전투 기술 상태 메시지
%s chance to paralyze	%s 마비 확률	translated	철퇴 그랜드마스터 효과
%s chance to stun	%s 기절 확률	translated	철퇴 마스터 효과
%s created	%s 제작 완료	translated	제작 상태 메시지
%s eliminated bounty hunt target.	%s 님이 현상금 사냥 대상을 처치했습니다.	translated	upstream 26cf80b display/context review
%s gave you %s potion.	%s 플레이어가 %s 물약을 건넸습니다.	translated	upstream 26cf80b review
%s hits %s for %s points!%s	%s이(가) %s에게 %s의 피해를 입혔습니다!%s	translated	실제 근접 전투 상태 메시지; 자리표시자 순서 보존
%s hits for a total of %s points!%s	%s이(가) 총 %s의 피해를 입혔습니다!%s	translated	광역 공격 총 피해 상태 메시지; 자리표시자 보존
%s increases critical strike damage by %g%% per skill point	%s 기술 포인트당 치명타 피해가 %g%% 증가합니다	translated	upstream 26cf80b review
%s inflicts %s points killing %s!%s	%s이(가) %s의 피해를 입혀 %s을(를) 처치했습니다!%s	translated	실제 처치 전투 상태 메시지; 자리표시자 순서 보존
%s is busy speaking with %s	%s 님은 %s 님과 대화 중입니다	translated	upstream 26cf80b display/context review
%s Mana cost: \ncures %s + %s HP per point of skill	마나 소모: %s\n기술 포인트당 생명력 %s + %s 회복	translated	치유 주문 숙련 설명
%s Mana cost: \ncures %s + %s HP per point of skill\n1 day limit\n	마나 소모: %s\n기술 포인트당 생명력 %s + %s 회복\n제한 시간 1일\n	translated	치유 주문 숙련 설명
%s Mana cost: \ncures %s + %s HP per point of skill\nno limit\n	마나 소모: %s\n기술 포인트당 생명력 %s + %s 회복\n시간 제한 없음\n	translated	치유 주문 숙련 설명
%s rec. pen. elim.	%s 회복 페널티 제거	translated	판금 숙련 축약 효과
%s rec. pen. halved	%s 회복 페널티 절반	translated	판금 숙련 축약 효과
%s recovery penalty eliminated	%s 회복 페널티 제거	translated	방어구 숙련 효과
%s recovery penalty halved	%s 회복 페널티 절반	translated	사슬 갑옷 숙련 효과
%s Res\t000	%s 저항\t000	translated	기술 상세 표 저항 라벨; %s/탭 보존
%s shoots %s for %s points!%s	%s이(가) %s에게 원거리 공격으로 %s의 피해를 입혔습니다!%s	translated	실제 원거리 전투 상태 메시지; 자리표시자 순서 보존
%s shoots fire arrows, dealing highest between fire and physical damage	%s 화염 화살을 발사하며 화염 피해와 물리 피해 중 더 높은 피해 적용	translated	활 그랜드마스터 효과
%s stun lasts %gs	%s 기절 지속시간: %g초	translated	upstream 26cf80b review
%s usable with Leather Armor	%s 가죽 갑옷 착용 시 사용 가능	translated	회피 마스터 효과
%s usable with Unarm.	%s 맨손 전투와 함께 사용 가능	translated	지팡이 그랜드마스터 효과
%s usable with Unarm., stun lasts %gs	%s 맨손 전투와 함께 사용 가능, 기절 지속시간: %g초	translated	upstream 26cf80b review
%s%%|		excluded	수치/퍼센트 서식 전용 문자열
%s's poison effect expired	%s: 독 효과가 끝났습니다	translated	독 효과 상태 메시지
%s, %d target%s	%s, 대상 %d명%s	translated	upstream 26cf80b display/context review
%s. World: Enroth. Realm: %s. Landmark: %s. Year: %s.	%s. 세계: 엔로스. 영역: %s. 지점: %s. 연도: %s.	translated	텔레로케이터 인물 검색 결과
%s. World: Enroth. Realm: %s. Landmark: %s. Year: %s\nTargets' status: in %s.\n	%s. 세계: 엔로스. 영역: %s. 지점: %s. 연도: %s\n대상 상태: %s에 있음.\n	translated	텔레로케이터 아이템 검색 결과
%s: %s		excluded	플레이어명/맵명 구분 포맷; 번역 요소 없음
%s: %s grants you %s exp.	%s: %s에게서 경험치 %s을 획득했습니다.	translated	멀티플레이 퀘스트 경험치 알림
%s: x:%d, y:%d		excluded	멀티플레이 좌표 포맷; 번역 요소 없음
%s\\9Portraits exceptions:\\9%s\n\\9Available classes:\\9%s\n\\9Available races:\\9%s\n		excluded	26cf80b context audited: protocol/save/resource identifier, scheduler/pipeline ID, developer schema/log or formatting template; display label localized separately where needed
%s\n %s\t %29s\t%32s %s\t%37s %s\t%42s	%s\n %s\t %29s\t%32s %s\t%37s %s\t%42s	translated	레이아웃 포맷 유지
%s\n %s\t %29s\t%32s %s\t%37s %s\t%42s %s\t%47s	%s\n %s\t %29s\t%32s %s\t%37s %s\t%42s %s\t%47s	translated	레이아웃 포맷 유지
%s\n%s	%s\n%s	translated	레이아웃 포맷 유지
%s\n------------------------------------------------------------\n		excluded	기술 UI 구분선 서식; 번역 불필요
%s\n------------------------------------------------------------\n         		excluded	기술 UI 구분선/여백 서식; 번역 불필요
%s\n\nBonus healing: %s%s\n\nSpell cost reduction: %s%s\n\nIncrease the mana by 2 levels worth of mana per 5 personality	%s\n\n추가 치유량: %s%s\n\n주문 비용 감소: %s%s\n\n인격 5마다 2레벨 분량의 마나 증가	translated	능력치 툴팁
%s\n\nBonus magic damage: %s%s\n\nCritical spell strike damage: %s%s	%s\n\n추가 마법 피해: %s%s\n\n주문 치명타 피해: %s%s	translated	능력치 툴팁
%s\n\nBonus Melee/Bow Damage: %s%s	%s\n\n근접/활 추가 피해: %s%s	translated	능력치 툴팁
%s\n\nCritical melee and bow strike damage bonus: %s%s	%s\n\n근접 및 활 치명타 피해 보너스: %s%s	translated	능력치 툴팁
%s\n\nCritical strike chance vs level %s: %s%%	%s\n\n레벨 %s 상대 치명타 확률: %s%%	translated	upstream 26cf80b review
%s\n\nCritical strike chance vs level %s: %s%%(%s%% with dagger)	%s\n\n레벨 %s 상대 치명타 확률: %s%% (단검 사용 시 %s%%)	translated	upstream 26cf80b review
%s\n\nCritical strike chance: %s%%	%s\n\n치명타 확률: %s%%	translated	능력치 툴팁
%s\n\nCritical strike chance: %s%%(%s%% with dagger)	%s\n\n치명타 확률: %s%% (단검 사용 시 %s%%)	translated	능력치 툴팁
%s\n\nCurrent bonuses at skill %s:\n- Damage base: %s\n- Damage scaling: %s\n\n- Healing base: %s\n- Healing scaling: %s\n\n- Mana cost: %s\n- Cast time: %s\n	%s\n\n기술 %s의 현재 보너스:\n- 기본 피해: %s\n- 피해 배율: %s\n\n- 기본 치유량: %s\n- 치유 배율: %s\n\n- 마나 소모: %s\n- 시전 시간: %s\n	translated	승천 현재 보너스 설명
%s\n\nCurrent HP Regeneration: %s (%s of your health per second)\nNext Level Bonus: %s HP Regen	%s\n\n현재 생명력 재생: %s (초당 최대 생명력의 %s)\n다음 레벨 보너스: 생명력 재생 %s	translated	upstream 26cf80b review
%s\n\nCurrent HP Regeneration: %s\nNext Level Bonus: %s HP Regen	%s\n\n현재 생명력 재생: %s\n다음 레벨 보너스: 생명력 재생 %s	translated	생명력 재생 기술 설명; 자리표시자 보존
%s\n\nCURRENT MAP DAMAGE RECOUNT\nMelee Damage done in current map: %s	%s\n\n현재 맵 피해 집계\n현재 맵 근접 피해량: %s	translated	현재 맵 피해 통계; 자리표시자 보존
%s\n\nDodge chance: %s%%	%s\n\n회피 확률: %s%%	translated	능력치 툴팁
%s\n\nHealth bonus from Endurance: %s%s\n\nFlat HP bonus from Endurance: %s	%s\n\n지구력으로 얻는 생명력 보너스: %s%s\n\n지구력으로 얻는 고정 생명력 보너스: %s	translated	능력치 툴팁
%s\n\nHit chance vs level %s monsters: %s%s	%s\n\n레벨 %s 몬스터 상대 명중률: %s%s	translated	upstream 26cf80b review
%s\n\nHit chance vs same level monster: %s%s	%s\n\n동레벨 몬스터 상대 명중 확률: %s%s	translated	명중 통계; 자리표시자 보존
%s\n\nHit chance: %s up to level %s monsters	%s\n\n명중률: %s (몬스터 레벨 %s까지)	translated	upstream 26cf80b review
%s\n\nHP bonus from Endurance: %s\nHP bonus from Body building: %s\nHP bonus from items: %s\nBase HP: %s\n\n HP Regen per second: %s	%s\n\n인내력 생명력 보너스: %s\n보디빌딩 생명력 보너스: %s\n아이템 생명력 보너스: %s\n기본 생명력: %s\n\n초당 생명력 재생: %s	translated	생명력 상세 통계; 자리표시자 보존
%s\n\nHP bonus from Endurance: %s\nHP bonus from Body building: %s\nHP bonus from items: %s\nBase HP: %s\n\n HP Regen per second: %s (%s)	%s\n\n인내력으로 얻는 생명력 보너스: %s\n육체 단련으로 얻는 생명력 보너스: %s\n아이템으로 얻는 생명력 보너스: %s\n기본 생명력: %s\n\n초당 생명력 재생: %s (%s)	translated	upstream 26cf80b review
%s\n\nIncreases spell points based on SP per level and mastery\n\nCurrent SP Regeneration: %s\nNext Level Bonus: %s SP Regen\n	%s\n\n레벨당 주문력과 숙련도에 따라 주문력 재생이 증가합니다.\n\n현재 주문력 재생: %s\n다음 레벨 보너스: 주문력 재생 %s\n	translated	명상 스킬 설명; 자리표시자 보존
%s\n\nMap percentage, Melee/Ranged/Total:	%s\n\n지도 보정치, 근접/원거리/합계:	translated	통계 UI
%s\n\nMelee Haste:   %s%%\nRanged Haste: %s%%\nSpell Haste:   %s%%	%s\n\n근접 가속:   %s%%\n원거리 가속: %s%%\n주문 가속:   %s%%	translated	능력치 툴팁
%s\n\nMelee Haste:   %s%%\nRanged Haste: %s%%\nSpell Haste:   %s%%\n\nChance to Dodge Physical Attacks vs level %s: %s%%	%s\n\n근접 가속: %s%%\n원거리 가속: %s%%\n주문 가속: %s%%\n\n레벨 %s 상대 물리 공격 회피 확률: %s%%	translated	upstream 26cf80b review
%s\n\nPhysical damage reduction vs level %s: %s%s	%s\n\n레벨 %s 상대 물리 피해 감소: %s%s	translated	upstream 26cf80b review
%s\n\nPhysical damage reduction: %s%s	%s\n\n물리 피해 감소: %s%s	translated	방어 통계; 자리표시자 보존
%s\n\nSpell point regen per second: %s	%s\n\n초당 주문력 재생: %s	translated	주문력 재생 통계; 자리표시자 보존
%s\n\nTOTAL DAMAGE RECOUNT\nTotal Damage done: %s	%s\n\n전체 피해 집계\n총 피해량: %s	translated	전체 피해 통계; 자리표시자 보존
%s\n\nTotal percentage, Melee/Ranged/Total:	%s\n\n전체 보정치, 근접/원거리/합계:	translated	통계 UI
%s\n\t070Each spear attack makes the target take %s%% more physical damage, stacking until it dies\nIncreased by 50%% with Halberds	%s\n\t070창 공격마다 대상이 받는 물리 피해가 %s%% 증가하며, 죽을 때까지 중첩됩니다.\n미늘창 사용 시 효과가 50%% 증가합니다	translated	upstream 26cf80b review
%s\n\t070Each spear attack reduces physical resistance, increasing damage by: %s%%\nIncreased by 50%% with Halberds	%s\n\t070창 공격마다 물리 저항을 감소시켜 피해 증가: %s%%\n미늘창 사용 시 50%% 증가	translated	창 그랜드마스터 설명
%s\nRanged Damage done in current map: %s	%s\n현재 맵 원거리 피해량: %s	translated	현재 맵 피해 통계; 자리표시자 보존
%s\nTotal Ranged Damage done: %s	%s\n총 원거리 피해량: %s	translated	전체 피해 통계; 자리표시자 보존
%s\t		excluded	스킬 설명 표 정렬용 서식 문자열
%s\t0		excluded	기술 UI 정렬용 포맷; 번역 요소 없음
%s\t075AC|	%s\t075방어도|	translated	기술 상세 표 방어도 라벨; 포맷/탭 보존
%sRes		excluded	전역 번역 금지; localization/scoped_overrides.tsv에서 기술 상세창 occurrence만 %s저항으로 처리
%s|		excluded	서식 전용 문자열
%Y-%m-%d %H:%M:%S		excluded	26cf80b context audited: protocol/save/resource identifier, scheduler/pipeline ID, developer schema/log or formatting template; display label localized separately where needed
's bag is no longer a crafting bag	의 가방이 제작 가방에서 해제됐습니다	translated	upstream 26cf80b review
's bag is now a crafting bag	의 가방이 제작 가방으로 지정됐습니다	translated	upstream 26cf80b review
's bags sorted	의 모든 가방	translated	가방 정렬 메시지 조각
(calculated after resistances)\n	(저항 적용 후 계산)\n	translated	승천 피해 감소 설명 후행 조각
(client save) 	(클라이언트 저장) 	translated	멀티플레이 저장 선택
(CRIT!)	(치명타!)	translated	전투 상태 메시지
(current) 	(현재) 	translated	멀티플레이 저장 선택
(exactly 100 = celestial without affix, from black potions), 		excluded	26cf80b context audited: protocol/save/resource identifier, scheduler/pipeline ID, developer schema/log or formatting template; display label localized separately where needed
(host save) 	(호스트 저장) 	translated	멀티플레이 저장 선택
(last choice) 	(마지막 선택) 	translated	멀티플레이 저장 선택
(Most relevant) 	(가장 관련 높음) 	translated	멀티플레이 저장 선택
(pad)		excluded	26cf80b context audited: protocol/save/resource identifier, scheduler/pipeline ID, developer schema/log or formatting template; display label localized separately where needed
). Fang skill increases this amount by a percentage based on mastery and skill level.\n\nWhenever this skill is below dragon skill it will push monsters away\nEach point in the skill increases damage and increases recovery time by 1.5%.\n	). 송곳니 기술은 숙련도와 기술 레벨에 따른 비율로 이 피해를 높입니다.\n\n이 기술이 용 기술보다 낮으면 몬스터를 밀쳐냅니다.\n기술 포인트마다 피해와 회복 시간이 1.5% 증가합니다.\n	translated	upstream 26cf80b review
).\nOnly the difference over the 	).\n기존에 마신 가장 강력한 물약과의 	translated	upstream 26cf80b review
).\nScales further enhance their toughness and resistance to magical damage, increasing the thoughness by a percentage.\n\n------------------------------------------------------------\n          AC%| Res%	).\n비늘은 강인함과 마법 피해 저항을 더욱 높이며, 강인함을 일정 비율로 증가시킵니다.\n\n------------------------------------------------------------\n          방어력%| 저항%	translated	upstream 26cf80b review
*Swap*	*교대*	translated	전투 상태 메시지
*You don't have any philosopher stone to charge the telelocator.*	*텔레로케이터를 충전할 철학자의 돌이 없습니다.*	translated	메시지
+50 Fire Resistance temporary.	일시적으로 화염 저항 +50.	translated	맵 상태 메시지
.\n\nDamage done depends on 2 coefficients, multiplied then by skill level:\n\nMelee Power coefficient: 	.\n\n피해량은 두 계수를 곱한 뒤 기술 레벨을 곱해 결정됩니다.\n\n근접 위력 계수: 	translated	upstream 26cf80b review
.\n\nGrants 10 plus 1% chance per skill point to Cover, up to 40%, however, something might happen once at max level....\n\nCurrent cover chance: 	.\n\n엄호 확률은 기본 10%에 기술 포인트당 1%가 추가되며, 최대 40%입니다. 다만 최고 레벨에 도달하면 무언가 달라질 수도 있습니다...\n\n현재 엄호 확률: 	translated	upstream 26cf80b review
.\n\nMastery increase its mana efficience, which stops growing past skill 	.\n\n숙련도가 높아질수록 주문력 효율이 증가하며, 다음 기술 레벨을 넘으면 더 이상 증가하지 않습니다: 	translated	upstream 26cf80b review
.lua		excluded	26cf80b context audited: protocol/save/resource identifier, scheduler/pipeline ID, developer schema/log or formatting template; display label localized separately where needed
0x		excluded	26cf80b context audited: protocol/save/resource identifier, scheduler/pipeline ID, developer schema/log or formatting template; display label localized separately where needed
0xF0 item-effect nibble, 0x100 Stolen, 0x200 Hardened, 0x400 Refundable		excluded	26cf80b context audited: protocol/save/resource identifier, scheduler/pipeline ID, developer schema/log or formatting template; display label localized separately where needed
1 ancient, 2 primordial, 11-35 legendary affix, +100 celestial 		excluded	26cf80b context audited: protocol/save/resource identifier, scheduler/pipeline ID, developer schema/log or formatting template; display label localized separately where needed
1-1000 artifact level, map affix id on map items (getUniqueAffix), 		excluded	26cf80b context audited: protocol/save/resource identifier, scheduler/pipeline ID, developer schema/log or formatting template; display label localized separately where needed
16 Mana cost: \ncures 36 + 6 HP per point of skill\nno limit\n	마나 소모: 16\n기술 포인트당 생명력 36 + 6 회복\n시간 제한 없음\n	translated	치유 주문 숙련 설명
446561746820436f756e743a20	ec82aceba79d20ed9a9fec88983a20	translated	_H가 hex를 바이트로 복원함; UTF-8 hex는 런타임에서 '사망 횟수: '로 표시
5 Mana cost: \ncures 12 + 2 HP per point of skill\n1 hour limit\n	마나 소모: 5\n기술 포인트당 생명력 12 + 2 회복\n제한 시간 1시간\n	translated	치유 주문 숙련 설명
8 Mana cost: \ncures 24 + 4 HP per point of skill\n1 day limit\n	마나 소모: 8\n기술 포인트당 생명력 24 + 4 회복\n제한 시간 1일\n	translated	치유 주문 숙련 설명
: tiers 	단계까지만 드롭됩니다. 	translated	upstream 26cf80b review
=%d\n		excluded	시드 진단 데이터 파일 서식
\\9\\9NoBolster\\9-\\9-\\9-\\9\\9\n		excluded	Bolster 설정 파일 출력 포맷
\\9Continents:\n		excluded	26cf80b context audited: protocol/save/resource identifier, scheduler/pipeline ID, developer schema/log or formatting template; display label localized separately where needed
\\x1B%c%c%c%s		excluded	멀티플레이 색상/프로토콜 바이트 서식
\n------------------------------------------------------------\n            Attack| Dmg|	\n------------------------------------------------------------\n            공격| 피해|	translated	드래곤 송곳니 표 머리글
\n------------------------------------------------------------\n         \t075AC| Res\t000		excluded	26cf80b context audited: protocol/save/resource identifier, scheduler/pipeline ID, developer schema/log or formatting template; display label localized separately where needed
\n\n Bonus: %s%d		excluded	26cf80b context audited: protocol/save/resource identifier, scheduler/pipeline ID, developer schema/log or formatting template; display label localized separately where needed
\n\nArtifact Level: 	\n\n유물 레벨: 	translated	아이템 툴팁
\n\nBalancing power and vitality leads to the highest damage.\n	\n\n위력과 활력을 균형 있게 높이면 가장 높은 피해를 낼 수 있습니다.\n	translated	반격 기술 설명
\n\nBest step already taken: 	\n\n기존에 적용된 최고 단계: 	translated	upstream 26cf80b review
\n\nBolster Level in MM6: 	\n\nMM6 보정 레벨: 	translated	보정 레벨 UI
\n\nBonus AC: 	\n\n추가 방어력: 	translated	스킬 설명
\n\nCan benefit only if experience gained this way is less than 25% of base experience and level gained are less than 50\nCurrent amount: 	\n\n이 방식으로 얻은 경험치가 기본 경험치의 25% 미만이고 상승한 레벨이 50 미만일 때만 효과를 받을 수 있습니다.\n현재 수치: 	translated	경험치 물약 설명
\n\nCan't learn	\n\n습득 불가	translated	주문 상태
\n\nCelestial Items cannot be upgraded with crafting Gems or Cubes, but scale with player level, up to level 1000.	\n\n천상 아이템은 제작용 보석이나 큐브로 강화할 수 없지만, 플레이어 레벨에 따라 성장하며 최대 1000레벨까지 적용됩니다.	translated	천상 아이템 설명
\n\nCelestial Items cannot be upgraded with crafting Gems or Cubes, but scale with player level, up to level 600.	\n\n천상 아이템은 제작용 보석이나 큐브로 강화할 수 없지만, 플레이어 레벨에 따라 성장하며 최대 600레벨까지 적용됩니다.	translated	천상 아이템 설명
\n\nControl Spell duration is reduced by monster level but increased by Ascension; Recovery time is reduced by Spell Skill. Duration shown is against a level 	\n\n제어 주문의 지속시간은 몬스터 레벨에 따라 감소하고 승천으로 증가합니다. 회복 시간은 주문 기술에 따라 감소합니다. 표시된 지속시간의 대상 몬스터 레벨: 	translated	upstream 26cf80b review
\n\nControl Spell duration is reduced by monster resistances but increased by Ascension; Recovery time is reduced by Spell Skill. Duration shown is against 	\n\n제어 주문의 지속시간은 몬스터 저항에 따라 감소하고 승천에 따라 증가합니다. 회복 시간은 주문 기술에 따라 감소합니다. 표시된 지속시간은 저항 	translated	제어 주문 툴팁 조각
\n\nCurrent AC from items: 	\n\n아이템으로 얻는 현재 방어력: 	translated	스킬 설명
\n\nCurrent Health: 	\n\n현재 생명력: 	translated	몬스터 감정창
\n\nCURRENT MAP HEALING RECOUNT:\nHealing Done in current Map:  	\n\n현재 맵 회복 집계:\n현재 맵 총 회복량:  	translated	현재 맵 회복 통계
\n\nDamage is reduced by an amount equal to % shown.\n\nLight resistance is equal to the lowest between Mind and Body resistances.\nDark resistance is equal to the lowest between elemental resistances.\nEnergy resistance is equal to the lowest resistance.	\n\n표시된 % 수치만큼 피해가 감소합니다.\n\n빛 저항은 정신 저항과 육체 저항 중 낮은 값과 같습니다.\n어둠 저항은 원소 저항 중 가장 낮은 값과 같습니다.\n에너지 저항은 모든 저항 중 가장 낮은 값과 같습니다.	translated	저항 툴팁
\n\nEvery 7 Skill level adds 1 level into ascension.\n	\n\n기술 레벨 7마다 승천 레벨이 1 증가합니다.\n	translated	upstream 26cf80b review
\n\nEvery 7 Skill level adds 1 level into ascension.\nIncreases melee damage 1-2-3-4 (at N-E-M-GM) per Earth Magic Level\n	\n\n기술 레벨이 7 오를 때마다 승천 레벨이 1 증가합니다.\n대지 마법 레벨당 근접 피해가 1-2-3-4(초보-전문가-마스터-그랜드마스터) 증가합니다.\n	translated	승천 대지 마법 설명
\n\nEvery 7 Skill level adds 1 level into ascension.\nIncreases melee damage by 	\n\n기술 레벨이 7 오를 때마다 승천 레벨이 1 증가합니다.\n근접 피해 증가: 	translated	승천 근접 피해 설명 앞부분
\n\nEvery 7 Skill level adds 1 level into ascension.\nMelee attacks deal an extra 	\n\n기술 레벨이 7 오를 때마다 승천 레벨이 1 증가합니다.\n근접 공격은 몬스터 생명력의 	translated	승천 화염 마법 설명 앞부분
\n\nEvery 7 Skill level adds 1 level into ascension.\nMelee attacks restore 	\n\n기술 레벨이 7 오를 때마다 승천 레벨이 1 증가합니다.\n근접 공격 시 회복: 	translated	승천 회복 설명 앞부분
\n\nEvery 7 Skill level adds 1 level into ascension.\nReduce all damage taken by 	\n\n기술 레벨이 7 오를 때마다 승천 레벨이 1 증가합니다.\n받는 모든 피해 감소: 	translated	승천 피해 감소 설명 앞부분
\n\nExperience: 	\n\n경험치: 	translated	몬스터 감정창
\n\nExpert has 1 hour limit per skill point, Master has 1 day per skill point, Grand has not time limit.	\n\n전문가는 기술 포인트당 1시간, 마스터는 기술 포인트당 1일의 제한이 있으며 그랜드마스터는 시간 제한이 없습니다.	translated	치유 주문 제한 설명
\n\nHealth Reserved: 	\n\n예약 생명력: 	translated	주문 툴팁
\n\nHit Points are also increased 	\n\n생명력 추가 증가량: 	translated	upstream 26cf80b review
\n\nHit Points are also increased 2-3-4-5% per skill point, depending on mastery.	\n\n숙련도에 따라 기술 포인트당 생명력이 2-3-4-5% 추가로 증가합니다.	translated	생명력 기술 설명 추가문
\n\nIncreases Charges by 	\n\n충전 횟수 증가: 	translated	연금술 툴팁
\n\nItem Bonus Power: 	\n\n아이템 보너스 위력: 	translated	아이템 정보창
\n\nItem Modifier:\nTwo Handed Weapons: 	\n\n아이템 보정치:\n양손 무기: 	translated	연금술 설명
\n\nLevel Required: 	\n\n요구 레벨: 	translated	아이템 정보창
\n\nLevels gained in MM6: 	\n\nMM6에서 획득한 레벨: 	translated	대륙별 획득 레벨 UI
\n\nLight Magic quickens the Seraphim's strikes, increasing attack speed.\n\nIts radiance lightens the blade so much that even a two-handed sword can be wielded in one hand, freeing the off hand for a shield.\n	\n\n빛 마법은 세라핌의 공격을 가속하여 공격 속도를 높입니다.\n\n그 빛은 칼날을 매우 가볍게 만들어 양손검도 한 손으로 사용할 수 있게 하며, 다른 손에는 방패를 들 수 있습니다.\n	translated	세라핌 빛 마법 설명
\n\nMana Reserved: 	\n\n예약 마나: 	translated	주문 툴팁
\n\nMap percentage, Heal/Regen/Leech/Total:	\n\n지도 보정치, 치유/재생/흡수/합계:	translated	통계 UI
\n\nMaster will grant 1% to drop random reagents from Monsters.\nAt GM this chance is doubled.	\n\n마스터 단계에서는 몬스터에게서 무작위 재료가 떨어질 확률이 1% 생깁니다.\n그랜드마스터 단계에서는 이 확률이 두 배가 됩니다.	translated	연금술 기술 설명
\n\nMelee Life Leech vs equal level: %s\nNext Level Bonus: %s\n(lower against higher level monsters)	\n\n동일 레벨 대상 근접 흡혈: %s\n다음 레벨 보너스: %s\n(더 높은 레벨의 몬스터에게는 효과 감소)	translated	흡혈 기술 동적 설명
\n\nNot Learned	\n\n미습득	translated	주문 상태
\n\nOnly healing done when monsters are in the nearbies is counted	\n\n주변에 몬스터가 있을 때 행한 치유만 집계됩니다	translated	통계 UI
\n\nPhysical Leech: %s\nMagical Leech: %s	\n\n물리 흡수: %s\n마법 흡수: %s	translated	upstream 26cf80b display/context review
\n\nPress alt to show recipe list	\n\n조합법 목록을 보려면 Alt를 누르세요	translated	연금술 툴팁
\n\nPress M to enable/disable	\n\nM키로 활성화/비활성화	translated	기술 토글 안내
\n\nPress P to enable/disable\n	\n\nP 키로 활성화/비활성화\n	translated	upstream 26cf80b review
\n\nRealms: Detached. Time: Detached.	\n\n영역: 분리됨. 시간: 분리됨.	translated	텔레로케이터 검색 결과
\n\nRecovery time: 	\n\n회복 시간: 	translated	주문 툴팁 조각
\n\nScale with player level, up to level 550.	\n\n플레이어 레벨에 따라 성장하며, 최대 레벨 550까지 적용됩니다.	translated	아이템 정보창
\n\nScale with player level, up to level 900.	\n\n플레이어 레벨에 따라 성장하며, 최대 레벨 900까지 적용됩니다.	translated	아이템 정보창
\n\nSeraph Spirit strengthens the Seraph's resolve, shrugging off light hits and softening heavy blows\n	\n\n세라프의 영혼은 세라프의 결의를 강화하여 가벼운 공격은 흘려내고 강한 공격의 피해를 줄입니다.\n	translated	세라프 영혼 설명
\n\nSeraphim damage upon attack increases depending on Mind magic, scaling with might(weapon speed and weapon damage multiplier applies).\n\n	\n\n세라핌의 공격 시 피해는 정신 마법에 따라 증가하고 힘에 비례합니다(무기 속도와 무기 피해 배율이 적용됩니다).\n\n	translated	세라핌 정신 마법 설명
\n\nSeraphim healing upon attack increases depending on Body magic, scaling with personality(weapon speed multiplier applies).\n\n	\n\n세라핌의 공격 시 회복량은 육체 마법에 따라 증가하고 인격에 비례합니다(무기 속도 배율이 적용됩니다).\n\n	translated	세라핌 육체 마법 설명
\n\nSubsequent spawn failure reasons:\n		excluded	개발자 스폰 디버그 출력
\n\nSummary:\n	\n\n요약:\n	translated	저장 무결성 경고 요약
\n\nThere is only you and those who would harm you. With no one else to shield, every guard you raise is your own: a successful Cover turns the blow aside, taking 	\n\n홀로 여행할 때는 자신을 해치려는 적과 직접 맞서야 합니다. 보호할 동료가 없으므로 엄호는 자신을 지킵니다. 엄호 성공 시 공격을 막아 피해를 	translated	upstream 26cf80b review
\n\nThis Ability requires 	\n\n이 능력을 사용하려면 	translated	QA: 뒤의 숫자 + ' 콤보 포인트가 필요합니다.'와 자연스럽게 결합되도록 중복 표현 제거
\n\nTotal average damage reduction: 	\n\n평균 총 피해 감소: 	translated	방어 통계 UI
\n\nTotal Damage: 	\n\n총 피해: 	translated	반격 기술 피해 표시
\n\nTOTAL HEALING RECOUNT:\nTotal Healing Done:  	\n\n전체 회복 집계:\n총 회복량:  	translated	전체 회복 통계
\n\nTotal Levels gained: 	\n\n총 획득 레벨: 	translated	전체 획득 레벨 UI
\n\nTotal percentage, Heal/Regen/Leech/Total:	\n\n전체 보정치, 치유/재생/흡수/합계:	translated	통계 UI
\n\nYou need at least 	\n\n이 책을 열려면 최소 	translated	주문책 요구 조건 조각
\nActive (	\n활성 (	translated	주문 상태
\nActive(	\n활성(	translated	주문 상태
\nAll damage taken: +	\n받는 모든 피해: +	translated	upstream 26cf80b display/context review
\nAttack Speed: 	\n공격 속도: 	translated	아이템 정보창 공격 속도
\nBlock chance vs same level monsters: 	\n동레벨 몬스터 상대 막기 확률: 	translated	방어 통계 UI
\nBody Armor: 	\n갑옷: 	translated	연금술 아이템 보정치
\nBolster Level in MM7: 	\nMM7 보정 레벨: 	translated	보정 레벨 UI
\nBolster Level in MM8: 	\nMM8 보정 레벨: 	translated	보정 레벨 UI
\nBonus: 	\n보너스: 	translated	연금술 아이템 보정치
\nCouldn't spawn monster, spawnpoint data: 		excluded	개발자 스폰 디버그 출력
\nCurrent bonus Damage: 	\n현재 추가 피해: 	translated	전설 효과 UI
\nCurrent Reduction: 	\n현재 피해 감소: 	translated	전설 효과 UI
\nCurrently disabled\n	\n현재 비활성화됨\n	translated	기술 상태 표시
\nCurrently enabled\n	\n현재 활성화됨\n	translated	기술 상태 표시
\nEvery monster is measured with the bar of the middle variant of its family: weak variants leech for less, strong ones and bosses for more.	\n몬스터의 체력은 같은 계열의 중간 등급을 기준으로 계산합니다. 약한 변종에게서는 적게, 강한 변종과 우두머리에게서는 많이 흡수합니다.	translated	upstream 26cf80b display/context review
\nHelm-Boots-Gloves-Bow: 	\n투구-장화-장갑-활: 	translated	연금술 아이템 보정치
\nIncrease your regeneration by 1% per every 1% of hp lost	\n잃은 생명력 1%마다 재생량이 1% 증가합니다	translated	upstream 26cf80b review
\nKnights can learn up to a Supreme level, which is learned automatically at skill level 	\n기사는 최상위 단계까지 습득할 수 있으며, 해당 단계는 기술 레벨 	translated	기사 최상위 숙련 설명 조각
\nKnights only. Each 10 points of armsmaster raise every melee weapon	\n기사 전용. 무기 달인 기술 10점마다 모든 근접 무기	translated	upstream 26cf80b display/context review
\nLeech counts health bars, not damage: take away 50% of a monster's health with 10% leech, and you heal 5% of your own.	\n흡수량은 피해 수치가 아닌 체력 비율로 계산합니다. 흡수율 10%로 몬스터 체력의 50%를 깎으면 자신의 체력 5%를 회복합니다.	translated	upstream 26cf80b display/context review
\nLeech done with bow is halved. Magical Leech also includes damage done with weapons enchants.	\n활의 흡수 효과는 절반으로 감소합니다. 마법 흡수에는 무기 마법 부여로 가하는 피해도 포함됩니다.	translated	upstream 26cf80b display/context review
\nLeech Healing in current Map: 	\n현재 맵 흡혈 회복량: 	translated	현재 맵 회복 통계
\nLevel Recommended:\n	\n권장 레벨:\n	translated	추천 레벨 표시; 줄바꿈 보존
\nLevels gained in MM7: 	\nMM7에서 획득한 레벨: 	translated	대륙별 획득 레벨 UI
\nLevels gained in MM8: 	\nMM8에서 획득한 레벨: 	translated	대륙별 획득 레벨 UI
\nLevels: 	\n레벨: 	translated	경험치 물약 설명
\nMax Power: 	\n최대 위력: 	translated	upstream 26cf80b review
\nNot Active	\n비활성	translated	주문 상태
\nPhysical damage taken: +	\n받는 물리 피해: +	translated	upstream 26cf80b display/context review
\nQuality bonus: +	\n품질 보너스: +	translated	upstream 26cf80b review
\nRealms: Detached. Time: Detached.	\n영역: 분리됨. 시간: 분리됨.	translated	텔레로케이터 검색 결과
\nRegen Healing in current Map: 	\n현재 맵 재생 회복량: 	translated	현재 맵 회복 통계
\nRings: 	\n반지: 	translated	연금술 아이템 보정치
\nSkills Max Power: 	\n기술 최대 위력: 	translated	upstream 26cf80b review
\nThe Celestial Orb allows the transfer of celestial essence from one item to another, preserving the divine property while freeing the original item of its blessing.\n\n(right-click on a celestial item to extract its power charging the Celestial orb, then right-click on a non celestial item to transfer its power.)	\n천상의 오브는 한 아이템의 천상 정수를 다른 아이템으로 옮겨, 신성한 속성을 보존하면서 원래 아이템에서 그 축복을 제거할 수 있습니다.\n\n(천상 아이템을 우클릭하면 힘을 추출해 천상의 오브를 충전하고, 이후 천상이 아닌 아이템을 우클릭하면 그 힘을 이전합니다.)	translated	천상의 오브 설명
\nThe paralyze effect lasts for 5 seconds on regular monsters and 2 seconds on bosses. The stun effect lasts for half the duration of the paralyze effect. The chances of successfully applying these effects depend on the skill level and the monster's level.\n	\n일반 몬스터에게는 마비가 5초, 보스에게는 2초 동안 지속됩니다. 기절은 마비 지속시간의 절반 동안 지속됩니다. 효과 적용 확률은 기술 레벨과 몬스터 레벨에 따라 달라집니다.\n	translated	철퇴 기술 추가 설명
\nThis skill increases the damage gained from weapon +1 per skill point in the bow skill, by 	\n무기로 얻는 피해에 활 기술 포인트당 1을 추가한 뒤, 다음 비율로 증가시킵니다: 	translated	upstream 26cf80b review
\nThis skill increases the damage gained from weapon +1 per skill point in the bow skill, by a percentage when equipping a bow.\n	\n활을 장비하면 활 기술의 포인트당 무기 +1 피해로 얻는 피해 증가량이 일정 비율만큼 증가합니다.\n	translated	활 기술 추가 설명
\nThis skill increases the damage gained from weapon by 	\n무기로 얻는 피해 증가율: 	translated	upstream 26cf80b review
\nThis skill increases the damage gained from weapon by a percentage when equipping a staff.\nAt Grandmaster can combine staff and unarmed skill, increasing its damage with staff skill at half effect.\n\nYour full Staff Attack boosts AC and all Resistances by X% per skill point, counting an extra +10 points of skill. Resistances apply to the entire party.\n	\n지팡이를 장비하면 무기로 얻는 피해가 일정 비율만큼 증가합니다.\n그랜드마스터 단계에서는 지팡이와 맨손 전투 기술을 함께 적용할 수 있으며, 지팡이 기술은 절반의 효율로 피해를 증가시킵니다.\n\n전체 지팡이 공격 수치는 기술 포인트당 방어력과 모든 저항을 X% 높이며, 유효 기술에 +10이 추가됩니다. 저항 보너스는 파티 전체에 적용됩니다.\n	translated	지팡이 기술 추가 설명
\nThis skill increases the damage gained from weapon, armsmaster, and special abilities by 	\n무기·무기 숙련·특수 능력으로 얻는 피해 증가율: 	translated	upstream 26cf80b review
\nThis skill increases the damage gained from weapon, armsmaster, and special abilities by a percentage when equipping a dagger.\nCrit chance will get lower as monsters grow stronger, up to level 600.	\n단검을 장비하면 무기, 무기 전문가, 특수 능력으로 얻는 피해가 일정 비율만큼 증가합니다.\n몬스터가 강해질수록 치명타 확률이 낮아지며, 이 보정은 600레벨까지 적용됩니다.	translated	단검 기술 추가 설명
\nThis skill increases the damage gained from weapon, armsmaster, and special abilities by a percentage when equipping a mace.\n	\n철퇴를 장비하면 무기, 무기 전문가, 특수 능력으로 얻는 피해가 일정 비율만큼 증가합니다.\n	translated	철퇴 기술 추가 설명
\nThis skill increases the damage gained from weapon, armsmaster, and special abilities by a percentage when equipping a spear.\n\nSpear skill raises AC by X% per skill point, counting an extra +10 effective skill.\n	\n창을 장비하면 무기, 무기 전문가, 특수 능력으로 얻는 피해가 일정 비율만큼 증가합니다.\n\n창 기술은 기술 포인트당 방어력을 X% 높이며, 유효 기술에 +10이 추가됩니다.\n	translated	창 기술 추가 설명
\nThis skill increases the damage gained from weapon, armsmaster, and special abilities by a percentage when equipping a sword.\n\nYour full Sword Attack boosts AC by X% per skill point, counting an extra +10 points of skill.\n	\n검을 장비하면 무기, 무기 전문가, 특수 능력으로 얻는 피해가 일정 비율만큼 증가합니다.\n\n전체 검 공격 수치는 기술 포인트당 방어력을 X% 높이며, 유효 기술에 +10이 추가됩니다.\n	translated	검 기술 추가 설명
\nThis skill increases the damage gained from weapon, armsmaster, and special abilities by a percentage when equipping an axe.\n	\n도끼를 장비하면 무기, 무기 전문가, 특수 능력으로 얻는 피해가 일정 비율만큼 증가합니다.\n	translated	도끼 기술 추가 설명
\nTotal Leech Healing: 	\n총 흡혈 회복량: 	translated	전체 회복 통계
\nTotal Regen Healing: 	\n총 재생 회복량: 	translated	전체 회복 통계
\nUnarmed combat deals 	\n맨손 전투의 추가 피해량: 	translated	upstream 26cf80b review
\nVitality coefficient: 	\n활력 계수: 	translated	반격 기술 계수
\t            %s%s 		excluded	서식 전용 문자열; 번역 금지
_maw_local_off		excluded	26cf80b context audited: protocol/save/resource identifier, scheduler/pipeline ID, developer schema/log or formatting template; display label localized separately where needed
A calm glow lingers between the leaves; a spirit-binding sigil veils the prayers, and they fade to silence without skill in Spirit.	책장 사이에 잔잔한 빛이 머뭅니다. 영혼을 묶는 인장이 기도문을 가리고 있어, 영혼 마법에 숙련되지 않으면 글귀가 고요히 사라집니다.	translated	영혼 마법서 설명
A deadly spell capable to heal the caster upon hitting the target by an amount equal to double the Life leech enchant. Deals damage equal to 	대상을 적중하면 생명력 흡수 마법 부여 효과의 두 배만큼 시전자의 생명력을 회복시키는 치명적인 주문입니다. 피해량: 	translated	죽음의 고리 설명 앞부분
A lethal explosion dealing huge damage to all monsters in the area. Can be used safely also in close combat.\nDeals damage equal to 	치명적인 폭발을 일으켜 범위 내 모든 몬스터에게 막대한 피해를 줍니다. 근접전에서도 안전하게 사용할 수 있습니다.\n피해량은 무기 피해의 	translated	죽음의 숨결 설명 조각
A pale radiance seeps through the cover; a sun-seal flares too bright to read, dimming into clarity for those trained in Light.	표지 사이로 창백한 광휘가 새어 나옵니다. 태양의 인장이 너무 밝게 타올라 읽을 수 없지만, 빛 마법에 숙련된 자에게는 빛이 잦아들며 글이 선명해집니다.	translated	빛 마법서 설명
A poisonous cloud of noxious gases is formed in front of the caster and moves slowly away from your characters.  The cloud does %s points of damage plus 1-%s per point of skill in Dark Magic and lasts until something runs into it.	시전자 앞에 유독 가스 구름을 만들어 파티에서 천천히 멀어지게 합니다. 구름은 %s의 기본 피해와 어둠 마법 기술 포인트당 1-%s의 추가 피해를 주며, 대상과 충돌할 때까지 유지됩니다.	translated	독성 구름 주문 설명
A scorched grimoire that radiates gentle heat; a heat-seal brands the cover, and the pages grow too hot to hold unless you're versed in Fire.	은은한 열기를 내뿜는 그을린 마도서입니다. 열기의 인장이 표지에 새겨져 있어, 화염 마법에 숙련되지 않으면 책장이 너무 뜨거워 잡을 수 없습니다.	translated	화염 마법서 설명
A special Gem that allows to increase an item Enchant Strength (right-click on an item with a base enchant to use)\nAncient, Primordial and Legendary items have increased Max power.\n\nIt is possible to upgrade 3 gems into 1 of upper tier by pressing U in the inventory page.\n\nMax Power: 	아이템의 마법부여 강도를 높일 수 있는 특별한 보석입니다. (기본 마법부여가 있는 아이템을 우클릭하여 사용)\n고대, 태고, 전설 아이템은 최대 위력이 더 높습니다.\n\n인벤토리 화면에서 U 키를 누르면 보석 3개를 상위 등급 보석 1개로 업그레이드할 수 있습니다.\n\n최대 위력: 	translated	강화 보석 설명
A special Gem that allows to increase an item Enchant Strength (right-click on an item with a base enchant to use)\nMax Power is the highest Enchant Strength a Primordial item can roll, scaled by the gem tier.\n\nIt is possible to upgrade 3 gems into 1 of upper tier by pressing U in the inventory page.\nGems drop only up to tier 	아이템의 마법부여 강도를 높이는 특수 보석입니다 (기본 마법부여가 있는 아이템을 우클릭하여 사용).\n최대 위력은 태고 아이템에 붙을 수 있는 최대 마법부여 강도이며, 보석 등급에 따라 달라집니다.\n\n인벤토리 화면에서 U 키를 누르면 보석 3개를 상위 등급 1개로 합성할 수 있습니다.\n보석은 	translated	upstream 26cf80b review
Absorb up to 25% damage	피해를 최대 25% 흡수합니다	translated	마나 방패 숙련 효과
Absorb up to 50% damage	피해를 최대 50% 흡수합니다	translated	마나 방패 숙련 효과
Absorb up to 75% damage	피해를 최대 75% 흡수합니다	translated	마나 방패 숙련 효과
AC gained from armors is doubled	방어구에서 얻는 방어력이 두 배가 됩니다	translated	전설 아이템 효과
Accept: text/plain\r\n		excluded	26cf80b context audited: protocol/save/resource identifier, scheduler/pipeline ID, developer schema/log or formatting template; display label localized separately where needed
Access have been destroyed	접근로가 파괴되었습니다	translated	맵 상태 메시지
Accuracy	정확도	translated	MMMerge PO 정확 일치 + 표시 문맥 확인
Acid burst squirts a jet of extremely caustic acid at a single victim.  It always hits and does %s points of damage plus 1-%s per point of skill.	단일 대상에게 강한 부식성 산을 분사합니다. 항상 명중하며 %s의 기본 피해와 기술 포인트당 1-%s의 추가 피해를 줍니다.	translated	산성 폭발 주문 설명
Acid burst squirts a jet of extremely caustic acid at a single victim.  It always hits and does %s%% of a melee attack damage.	단일 대상에게 강한 부식성 산을 분사합니다. 항상 명중하며 근접 공격 피해의 %s%%만큼 피해를 줍니다.	translated	암살자 산성 폭발 설명
Activating this spell imbues the knight body with blood, leeching life upon attacking at the cost of 6 spell points.	이 주문을 활성화하면 기사의 몸에 피의 힘을 부여하여 공격할 때마다 생명력을 흡수합니다. 주문력 6을 소모합니다.	translated	죽음의 기사 피 흡수 설명
Activating this spell imbues the knight body with dark powers, empairing oppenents powers (damage halved) upon attacking 15 spell points.	이 주문을 활성화하면 기사의 몸에 어둠의 힘을 부여하여 공격할 때 적의 힘을 약화시킵니다(피해량 절반). 주문력 15를 소모합니다.	translated	죽음의 기사 죽음의 손아귀 설명
Activating this spell imbues the knight essence with blood, leeching a superior amount of life upon attacking at the cost of 12 spell points.	이 주문을 활성화하면 기사의 본질에 피의 힘을 부여하여 공격할 때 더 많은 생명력을 흡수합니다. 주문력 12를 소모합니다.	translated	상급 피 흡수 설명
Activating this spell imbues the knight's body with dark powers. Every melee hit costs %d spell points and leaves the target dealing %d%% less damage for %gs, refreshed on each hit.	이 주문을 활성화하면 기사의 몸에 어둠의 힘이 깃듭니다. 근접 공격이 명중할 때마다 주문력을 %d 소모하며, 대상이 주는 피해를 %d%% 감소시킵니다. 효과는 %g초 동안 지속되며 명중할 때마다 갱신됩니다.	translated	upstream 26cf80b review
AC|	방어도|	translated	기술 상세 표 방어도 라벨
add line	행 추가	translated	upstream 26cf80b review
Adds 	추가 	translated	아이템 추가 효과 접두어
Adds %s + %s HP per point of skill to the pool	기술 포인트당 생명력 풀에 %s + %s 추가	translated	주문 숙련 설명
Adds 'of Swiftness' property to a non-magic weapon.\nRequire 40 power to work.\n	마법이 부여되지 않은 무기에 '신속의' 속성을 추가합니다.\n작동하려면 위력 40이 필요합니다.\n	translated	물약 효과 툴팁
Adds a random tier 2 elemental damage enchant to a weapon\nRequire 40 power to work.\n	무기에 무작위 2단계 원소 피해 마법부여를 추가합니다.\n작동하려면 위력 40이 필요합니다.\n	translated	물약 효과 툴팁
After mastering the art of covering, you have become capable delivering deadly counter attacks to those who dare try harm your allies. Retaliation has a 1% per skill point chance to activate after a successful Cover -- on an ally, or on yourself when you travel alone.\n\nExpert, Master and Grandmaster are learned automatically at skill 	엄호를 숙달한 당신은 동료를 해치려는 적에게 치명적인 반격을 가할 수 있습니다. 엄호 성공 시 기술 포인트당 1%의 확률로 반격이 발동합니다. 동료를 엄호할 때뿐 아니라 홀로 여행하며 자신을 엄호할 때도 적용됩니다.\n\n전문가·마스터·그랜드마스터는 다음 기술 레벨에서 자동으로 습득합니다: 	translated	upstream 26cf80b review
After mastering the art of covering, you have become capable delivering deadly counter attacks to those who dare try harm your allies. Retaliation has a 1% per skill point chance to activate after successfully covering an ally.\n\nExpert, Master and Grandmaster are learned automatically at skill 12, 30 and 50.\n	엄호의 경지에 이르러 동료를 해치려는 적에게 치명적인 반격을 가할 수 있게 되었습니다. 반격은 동료 엄호에 성공한 뒤 기술 포인트당 1% 확률로 발동합니다.\n\n전문가, 마스터, 그랜드마스터 단계는 기술 레벨 12, 30, 50에서 자동으로 습득합니다.\n	translated	반격 기술 설명
After mastering the art of covering, you have become capable delivering deadly counter attacks to those who dare try harm your allies. Retaliation has a 1% per skill point chance to activate after successfully covering an ally.\n\nExpert, Master and Grandmaster are learned automatically at skill 12, 30 and 50.\n\nDamage done depends on 2 coefficients, multiplied then by skill level:\n\nMelee Power coefficient: 	엄호의 경지에 이르러, 동료를 공격하는 적에게 치명적인 반격을 가할 수 있게 되었습니다. 반격은 동료 엄호에 성공한 뒤 기술 포인트당 1% 확률로 발동합니다.\n\n전문가, 마스터, 그랜드마스터 단계는 기술 레벨 12, 30, 50에서 자동으로 습득합니다.\n\n피해량은 두 계수에 의해 결정되며, 이후 기술 레벨이 곱해집니다:\n\n근접 위력 계수: 	translated	반격 기술 본문
Air Magic	공기 마법	translated	Skillz.setName 표시명
Air Magic Book	대기 마법서	translated	마법서 이름
Air Magic Skill +	공기 마법 기술 +	translated	아이템 마법부여 기술 보너스
Air Resistance	공기 저항	translated	MMMerge PO 정확 일치 + 표시 문맥 확인
AIState		excluded	26cf80b context audited: protocol/save/resource identifier, scheduler/pipeline ID, developer schema/log or formatting template; display label localized separately where needed
Alchemy skill	연금술 기술	translated	MMMerge PO 정확 일치 + 표시 문맥 확인
alchemy-craft-with-held-item		excluded	26cf80b context audited: protocol/save/resource identifier, scheduler/pipeline ID, developer schema/log or formatting template; display label localized separately where needed
alchemy-orbs-gems		excluded	26cf80b context audited: protocol/save/resource identifier, scheduler/pipeline ID, developer schema/log or formatting template; display label localized separately where needed
alchemy-potions		excluded	26cf80b context audited: protocol/save/resource identifier, scheduler/pipeline ID, developer schema/log or formatting template; display label localized separately where needed
alchemy-reagent-power		excluded	26cf80b context audited: protocol/save/resource identifier, scheduler/pipeline ID, developer schema/log or formatting template; display label localized separately where needed
alchemy/craft-cooldown		excluded	26cf80b context audited: protocol/save/resource identifier, scheduler/pipeline ID, developer schema/log or formatting template; display label localized separately where needed
alchemy/reagent-power		excluded	26cf80b context audited: protocol/save/resource identifier, scheduler/pipeline ID, developer schema/log or formatting template; display label localized separately where needed
All 	정렬 완료: 	translated	가방 정렬 메시지 조각
All buffs have been removed	모든 버프가 제거되었습니다	translated	버프 상태 메시지
All damage is absorbed by mana	모든 피해를 마나로 흡수합니다	translated	마나 방패 숙련 효과
All inventories have been sorted	모든 인벤토리를 정렬했습니다	translated	인벤토리 정렬 메시지
All Party bags sorted	파티의 모든 가방을 정렬했습니다	translated	가방 정렬 메시지
All players on the map must be nearby to start rest.	휴식을 시작하려면 지도에 있는 모든 플레이어가 가까이 모여야 합니다.	translated	upstream 26cf80b review
All spells cast at 1.5 times skill	모든 주문이 기술 수치의 1.5배로 적용됩니다	translated	주문 숙련 설명
All spells cast at 2 times skill	모든 주문이 기술 수치의 2배로 적용됩니다	translated	주문 숙련 설명
All stats increased by 10+1 per skill	모든 능력치가 10 + 기술 포인트당 1만큼 증가합니다	translated	주문 숙련 설명
All stats increased by 15+1.5 per skill	모든 능력치가 15 + 기술 포인트당 1.5만큼 증가합니다	translated	주문 숙련 설명
All stats increased by 20+2 per skill	모든 능력치가 20 + 기술 포인트당 2만큼 증가합니다	translated	주문 숙련 설명
Allow use to Cover Physical damage\n	물리 피해를 엄호할 수 있습니다\n	translated	엄호 숙련 효과
Allow use to Cover Projectiles damage	투사체 피해도 엄호할 수 있습니다	translated	엄호 숙련 효과
Allow use to Cover Spells damage	주문 피해도 엄호할 수 있습니다	translated	엄호 숙련 효과
Allows to make black potions. Power when mixing will be increased to 2 and increases potion duration by 6 Minutes per skill point. Allows the Endless potion to be dropped by monsters, which power is determined by Alchemy level.	검은 물약을 만들 수 있습니다. 혼합 시 위력이 2배로 증가하며 기술 포인트당 물약 지속시간이 6분 증가합니다. 몬스터에게서 무한 물약이 떨어질 수 있으며, 그 위력은 연금술 레벨에 따라 결정됩니다.	translated	연금술 그랜드마스터 효과
Allows to make white potions. Power when mixing will be increased to 1.5 per skill point.	흰색 물약을 만들 수 있습니다. 혼합 시 위력이 기술 포인트당 1.5만큼 증가합니다.	translated	연금술 마스터 효과
Ally	동료	translated	멀티플레이 회복자 기본명
AlreadySold		excluded	26cf80b context audited: protocol/save/resource identifier, scheduler/pipeline ID, developer schema/log or formatting template; display label localized separately where needed
Also: potion charge counters (zzAlchemy), map affix pairs (zzMaw-Maps), 		excluded	26cf80b context audited: protocol/save/resource identifier, scheduler/pipeline ID, developer schema/log or formatting template; display label localized separately where needed
Amber Droplet	호박 방울	translated	제작 보석 상태 메시지
Amethyst Chunk	자수정 덩어리	translated	제작 보석 상태 메시지
Among the strongest direct damage spells available, Incinerate inflicts massive damage on a single target.  Only the strongest of monsters can expect to survive this spell.  Damage is %s points plus 1-%s per point of skill in Fire Magic.	가장 강력한 단일 대상 피해 주문 중 하나입니다. 소각은 한 대상에게 막대한 피해를 주며, 매우 강한 몬스터만이 살아남을 수 있습니다. 피해량은 %s + 화염 마법 기술 포인트당 1-%s입니다.	translated	소각 주문 설명
Ancient 	고대 	translated	아이템 등급 접두어
and may reach 255, the u1 ceiling (zzMaw-Items, ItemGenerated)		excluded	26cf80b context audited: protocol/save/resource identifier, scheduler/pipeline ID, developer schema/log or formatting template; display label localized separately where needed
Another player picked that up first.	다른 플레이어가 먼저 가져갔습니다.	translated	upstream 26cf80b display/context review
Antagarich	안타개릭	translated	MMMerge PO 정확 일치 + 표시 문맥 확인
Antagrich		excluded	26cf80b context audited: protocol/save/resource identifier, scheduler/pipeline ID, developer schema/log or formatting template; display label localized separately where needed
Apply to player:	사용할 플레이어:	translated	upstream 26cf80b review
Archibald's Mirror	아치발드의 거울	translated	제작 아이템 이름
armor		excluded	26cf80b context audited: protocol/save/resource identifier, scheduler/pipeline ID, developer schema/log or formatting template; display label localized separately where needed
armor AC/Res from items		excluded	26cf80b context audited: protocol/save/resource identifier, scheduler/pipeline ID, developer schema/log or formatting template; display label localized separately where needed
Armor Class	방어력	translated	기존 MMMerge 능력치 용어
Armor Halved	방어력 절반	translated	몬스터 정보창 디버프명
Armor: +	방어력: +	translated	아이템 정보창 기본 수치
ArmorSkills		excluded	26cf80b context audited: protocol/save/resource identifier, scheduler/pipeline ID, developer schema/log or formatting template; display label localized separately where needed
Armsmaster skill	무기 전문가 기술	translated	MMMerge PO 정확 일치 + 표시 문맥 확인
Armsmaster skill represents the warrior's tricks of the trade, enhancing your proficiency with all weapons-except staves.\nThis skill allows you to strike faster, execute smoother attacks, and deal more powerful blows.\n\nDamage added by armsmaster skill scales with your weapon skill, amplifying its impact as you grow more adept.\n	무기 전문가 기술은 전사의 노련한 전투 기법을 나타내며, 지팡이를 제외한 모든 무기의 숙련도를 강화합니다.\n이 기술은 더 빠르고 매끄럽게 공격하며 더 강력한 타격을 가할 수 있게 합니다.\n\n무기 전문가 기술이 더하는 피해는 무기 기술에 비례하므로 숙련될수록 효과가 커집니다.\n	translated	무기 전문가 기술 설명
armsmaster supreme requirement		excluded	26cf80b context audited: protocol/save/resource identifier, scheduler/pipeline ID, developer schema/log or formatting template; display label localized separately where needed
Artifact level, map affixes and the vanilla expiry read and 		excluded	26cf80b context audited: protocol/save/resource identifier, scheduler/pipeline ID, developer schema/log or formatting template; display label localized separately where needed
artifact-on-hit		excluded	26cf80b context audited: protocol/save/resource identifier, scheduler/pipeline ID, developer schema/log or formatting template; display label localized separately where needed
artifactRollPity		excluded	26cf80b context audited: protocol/save/resource identifier, scheduler/pipeline ID, developer schema/log or formatting template; display label localized separately where needed
artifacts/buffs		excluded	26cf80b context audited: protocol/save/resource identifier, scheduler/pipeline ID, developer schema/log or formatting template; display label localized separately where needed
artPity		excluded	26cf80b context audited: protocol/save/resource identifier, scheduler/pipeline ID, developer schema/log or formatting template; display label localized separately where needed
Ascended 	승천한 	translated	아이템 등급 접두어
Ascended Amber	승천한 호박	translated	승천 제작 보석
Ascended Amber Droplet	승천한 호박 방울	translated	승천 제작 보석
Ascended Amethyst	승천한 자수정	translated	승천 제작 보석
Ascended Amethyst Chunk	승천한 자수정 덩어리	translated	승천 제작 아이템 이름
Ascended Diamond	승천한 다이아몬드	translated	승천 제작 보석
Ascended Erathian Sapphire	승천한 에라시아 사파이어	translated	승천 제작 아이템 이름
Ascended Erudite Crystal	승천한 현자의 수정	translated	승천 제작 아이템 이름
Ascended Fire Topaz	승천한 화염 토파즈	translated	승천 제작 아이템 이름
Ascended Gemcutter's Ruby	승천한 보석세공사의 루비	translated	승천 제작 아이템 이름
Ascended Lunar Shard	승천한 달의 파편	translated	승천 제작 보석
Ascended Purple Amethyst	승천한 보라 자수정	translated	승천 제작 보석
Ascended Queen's Diamond	승천한 여왕의 다이아몬드	translated	승천 제작 아이템 이름
Ascended Royal Amethyst	승천한 왕실 자수정	translated	승천 제작 아이템 이름
Ascended Ruby	승천한 루비	translated	승천 제작 보석
Ascended Sapphire	승천한 사파이어	translated	승천 제작 보석
Ascended Solarstone	승천한 태양석	translated	승천 제작 보석
Ascended Topaz	승천한 토파즈	translated	승천 제작 보석
Ascension	승천	translated	MAW 스킬명
ascension bonuses		excluded	26cf80b context audited: protocol/save/resource identifier, scheduler/pipeline ID, developer schema/log or formatting template; display label localized separately where needed
Asphyxiate	질식	translated	MAW 주문명
Asphyxiate the target deal damage equal to 	대상을 질식시킵니다. 피해량: 	translated	질식 주문 설명 앞부분
assassin		excluded	26cf80b context audited: protocol/save/resource identifier, scheduler/pipeline ID, developer schema/log or formatting template; display label localized separately where needed
assassin-attack		excluded	26cf80b context audited: protocol/save/resource identifier, scheduler/pipeline ID, developer schema/log or formatting template; display label localized separately where needed
Assassination	암살	translated	MAW 스킬명
Assassination focuses on eliminating isolated targets before they react. Attacks that spend energy or spells, have your damage increased by 2-3-4-5 per skill point, reduced by 20% for each target's nearby enemy (up to 4 enemies).\nSuch attacks also grant 1 combo point, allowing the assassin to cast offensive spells.\nBow has 50% chance and energy cost.\n\nHigher levels also grant more starting energy, ideal for high burst damage in short engagements.\n\n	암살은 고립된 대상을 반응하기 전에 제거하는 데 특화돼 있습니다. 기력을 소모하는 공격이나 주문의 피해가 기술 포인트당 2-3-4-5 증가합니다. 대상 근처의 적 하나당 증가량이 20% 감소하며, 최대 4명까지 적용됩니다.\n이러한 공격은 연계 포인트도 1 부여하여 암살자가 공격 주문을 시전할 수 있게 합니다.\n활은 발동 확률과 기력 소모량이 각각 50%입니다.\n\n레벨이 높아질수록 시작 기력도 증가하여 짧은 교전에서 폭발적인 피해를 주기 좋습니다.\n\n	translated	upstream 26cf80b review
Assassination focuses on eliminating isolated targets before they react. Attacks that spend energy or spells, have your damage increased by 4-6-8-10 per skill point, reduced by 20% for each target's nearby enemy (up to 4 enemies).\nSuch attacks also grant 1 combo point, allowing the assassin to cast offensive spells.\nBow has 50% chance and energy cost.\n\nHigher levels also grant more starting energy, ideal for high burst damage in short engagements.\n\n	암살은 고립된 대상을 반응하기 전에 제거하는 데 특화된 기술입니다. 에너지를 소모하는 공격이나 주문은 기술 포인트당 피해가 4-6-8-10 증가하지만, 대상 주변의 적 하나당 효과가 20% 감소합니다(최대 4명).\n이런 공격은 콤보 포인트 1을 부여하여 암살자가 공격 주문을 사용할 수 있게 합니다.\n활 공격은 50% 확률로 적용되며 에너지를 소모합니다.\n\n기술 레벨이 높을수록 시작 에너지도 증가하여 짧은 전투에서 강력한 순간 화력을 내기 좋습니다.\n\n	translated	암살 기술 설명
assassinClass		excluded	26cf80b context audited: protocol/save/resource identifier, scheduler/pipeline ID, developer schema/log or formatting template; display label localized separately where needed
assassinDamage		excluded	26cf80b context audited: protocol/save/resource identifier, scheduler/pipeline ID, developer schema/log or formatting template; display label localized separately where needed
assassinStacks		excluded	26cf80b context audited: protocol/save/resource identifier, scheduler/pipeline ID, developer schema/log or formatting template; display label localized separately where needed
Attack	근접	translated	Game.GlobalTxt 근접 공격 표시
Attack         +	근접         +	translated	능력치 패널 근접 공격 표시
Attack: +	공격: +	translated	아이템 정보창 기본 수치
Attacking will increase you next Cover chance by 15%	공격하면 다음 엄호 확률이 15% 증가합니다	translated	엄호 숙련 효과
AttackSpeedStack		excluded	26cf80b context audited: protocol/save/resource identifier, scheduler/pipeline ID, developer schema/log or formatting template; display label localized separately where needed
AttackSpeedStackDecay		excluded	26cf80b context audited: protocol/save/resource identifier, scheduler/pipeline ID, developer schema/log or formatting template; display label localized separately where needed
Attack|	공격|	translated	기술 상세 표 공격 라벨
Attempt %d. Waiting for response...	%d번째 시도. 응답을 기다리는 중...	translated	upstream 26cf80b review
Base enchants on this items are 50% stronger	이 아이템의 기본 마법부여 효과가 50% 강해집니다	translated	전설 아이템 효과
Berserk	광분	translated	몬스터 정보창 상태명
best one already drunk is granted.	차이만큼만 추가됩니다.	translated	upstream 26cf80b review
Beyond Madness - a word of warning.\n\nNo bolster here (except on starting maps).\n\nQuest timing matters:\n- Finish early: immediate power now, less XP.\n- Finish late: bigger XP later, no early power.\n\nRun-wide tracking:\n- On the character screen, you'll see a death counter shared across all saves of this run.\n- On the map, a red counter appears after you take damage and clears when no monsters are nearby.\n- Loading or leaving the game while that counter is red counts as a death.\n\nIf Insanity wasn't enough for you, you're in the right place.	광란을 넘어 - 경고.\n\n이곳에서는 보정이 적용되지 않습니다(시작 맵 제외).\n\n퀘스트 완료 시점이 중요합니다:\n- 일찍 완료: 즉시 강해지지만 경험치는 적습니다.\n- 늦게 완료: 초반 강화는 없지만 나중에 더 많은 경험치를 얻습니다.\n\n플레이 전체 추적:\n- 캐릭터 화면에는 이번 플레이의 모든 저장 파일에서 공유되는 사망 횟수가 표시됩니다.\n- 맵에서는 피해를 입은 뒤 빨간 카운터가 나타나며, 주변에 몬스터가 없으면 사라집니다.\n- 카운터가 빨간 상태에서 게임을 불러오거나 종료하면 사망 1회로 계산됩니다.\n\n광기 모드로도 부족했다면 제대로 찾아왔습니다.	translated	Beyond Madness 진입 경고
Beyond\nMadness	광란을\n넘어	translated	QA: Madness=광란, Insanity=광기로 구분
bit op or a faithful copy); earmarked by the gem-sockets design		excluded	26cf80b context audited: protocol/save/resource identifier, scheduler/pipeline ID, developer schema/log or formatting template; display label localized separately where needed
bits 11-30 pass the whole-number test (every access is a masked 		excluded	26cf80b context audited: protocol/save/resource identifier, scheduler/pipeline ID, developer schema/log or formatting template; display label localized separately where needed
Blood	혈마법	translated	죽음의 기사 스킬명
Blood Leech	피 흡수	translated	MAW 주문명
Body Magic	육체 마법	translated	Skillz.setName 표시명
Body Magic Book	육체 마법서	translated	마법서 이름
Body Magic Skill +	육체 마법 기술 +	translated	아이템 마법부여 기술 보너스
Body Resistance	육체 저항	translated	MMMerge PO 정확 일치 + 표시 문맥 확인
BolsterAmount		excluded	설정 저장/게임 필드 이름
BolsterFineTuning		excluded	CustomUI 화면 내부 ID
Bonus AC: 	추가 방어력: 	translated	스킬 설명
Bonus Resistances: 	추가 저항: 	translated	스킬 설명
Book	책	translated	미감정 주문서 아이템 이름
Boss density increased by 	보스 밀도 증가: 	translated	지도 어픽스 설명 조각
boss-affixes		excluded	26cf80b context audited: protocol/save/resource identifier, scheduler/pipeline ID, developer schema/log or formatting template; display label localized separately where needed
boss-affixes-player		excluded	26cf80b context audited: protocol/save/resource identifier, scheduler/pipeline ID, developer schema/log or formatting template; display label localized separately where needed
BossDebug AUTO: OFF		excluded	개발자 보스 디버그 출력
BossDebug AUTO: ON		excluded	개발자 보스 디버그 출력
BossDebug: impossible d’écrire boss_dump.txt		excluded	개발자 보스 디버그 출력
BossDebug: écrit dans boss_dump.txt		excluded	개발자 보스 디버그 출력
Bosses have 	보스: 	translated	지도 어픽스 설명 조각
Bounty	현상금	translated	현상금 UI 제목
Bow Disabled	활 사용 비활성화	translated	전투 설정 상태 메시지
Bow Enabled	활 사용 활성화	translated	전투 설정 상태 메시지
Broodling		excluded	보스 로직 canonical 토큰은 영어 유지; 생성 overlay에서 [군체하수인] 표시 + GetMawBossSkill 역변환
broodlord		excluded	보스 생성 확률 분기용 소문자 내부 토큰
Broodlord		excluded	보스 로직 canonical 토큰은 영어 유지; 생성 overlay에서 [군체군주] 표시 + GetMawBossSkill 역변환
Buff Disabled	버프 비활성화	translated	주문 상태 메시지
Buff effects reduced by 	버프 효과 감소: 	translated	지도 어픽스 설명 조각
Buff Rework	버프 개편	translated	MAW 설정 화면 헤더
Buffs reserve Hit Points instead of Mana and Hit Point coefficient is used instead.\nEnlightenment bonus still apply.	버프가 마나 대신 생명력을 점유하며 생명력 계수를 대신 사용합니다.\n깨달음 보너스는 계속 적용됩니다.	translated	전설 아이템 효과
buffToIgnore		excluded	26cf80b context audited: protocol/save/resource identifier, scheduler/pipeline ID, developer schema/log or formatting template; display label localized separately where needed
By agreeing to this, every skill you possess shall be returned to the beginning, to the level of a Novice, and all the points you've invested in these skills shall be returned to you. \n\nOnce your skill grows to the necessary level, mastery of it shall be bestowed upon you once more, should you have achieved it before.\n\nFor this service, a tribute of 1000 gold for each level you have achieved shall be required	동의하면 보유한 모든 기술이 처음의 초보 단계로 돌아가며, 지금까지 투자한 모든 기술 포인트를 돌려받습니다.\n\n기술이 필요한 레벨에 다시 도달하면 이전에 획득했던 숙련도도 다시 부여됩니다.\n\n이 서비스를 이용하려면 현재 레벨당 1,000 금화를 지불해야 합니다.	translated	기술 초기화 설명; 줄바꿈 보존
call absolute 0x%X		excluded	26cf80b context audited: protocol/save/resource identifier, scheduler/pipeline ID, developer schema/log or formatting template; display label localized separately where needed
Calls stars from the heavens to smite and burn your enemies.  Twenty stars are called, and the damage for each star is %s points plus %s per point of skill in Air Magic. Try not to get caught in the blast! This spell only works outdoors.	하늘의 별을 불러 적을 강타하고 불태웁니다. 20개의 별이 떨어지며, 별 하나당 %s + 공기 마법 기술 포인트당 %s의 피해를 줍니다. 폭발에 휘말리지 않게 주의하십시오. 야외에서만 사용할 수 있습니다.	translated	별폭발 주문 설명
Calls upon the power of heaven to undo the evil magic that extends the lives of the undead, inflicting %s points of damage plus 1-%s per point of skill in Light Magic upon a single, unlucky target.  This spell only works on the undead.	천상의 힘으로 언데드의 생명을 연장하는 사악한 마법을 끊어, 단일 언데드 대상에게 %s + 빛 마법 기술 포인트당 1-%s의 피해를 줍니다. 언데드에게만 효과가 있습니다.	translated	언데드 파괴 주문 설명
Can't benefit anymore	더 이상 효과를 받을 수 없습니다	translated	물약 상태 메시지
Can't teleport now	지금은 순간이동할 수 없습니다	translated	순간이동 상태 메시지
CanMonsterCastSpell		excluded	이벤트 디스패치 이름
cannot resolve address to ip	주소를 IP로 변환할 수 없습니다	translated	upstream 26cf80b display/context review
CanProcessSpell		excluded	26cf80b context audited: protocol/save/resource identifier, scheduler/pipeline ID, developer schema/log or formatting template; display label localized separately where needed
Captain Finch	핀치 대장	translated	Game.PlaceMonTxt 몬스터명
Captain Sharp-Tooth	날카로운 이빨 대장	translated	Game.PlaceMonTxt 몬스터명
Captain Strong-Scale	단단한 비늘 대장	translated	Game.PlaceMonTxt 몬스터명
Cardinal of Baa	바의 추기경	translated	몬스터 표시명
Casts Acid Burst on hit	명중 시 산성 폭발을 시전합니다	translated	upstream 26cf80b review
Casts Fireball on hit	명중 시 화염구를 시전합니다	translated	upstream 26cf80b review
Casts Lightning Bolt on hit	명중 시 번개 화살을 시전합니다	translated	upstream 26cf80b review
Causes 1-%s points of damage per point of skill, 5 spikes maximum	기술 포인트당 1-%s의 피해를 주며, 화염 가시는 최대 5개까지 설치할 수 있습니다	translated	화염 가시 숙련 설명
Causes your party weapons to burn with a magical fire, giving the weapons fire enchant, on top of any other enchants	파티의 무기에 마법의 불꽃을 둘러 기존 마법부여와 별개로 화염 마법부여를 추가합니다.	translated	주문 설명
Celestial 	천상의 	translated	아이템 등급 접두어
celestial accessors live in zMaw_ItemBits.lua: read with 		excluded	26cf80b context audited: protocol/save/resource identifier, scheduler/pipeline ID, developer schema/log or formatting template; display label localized separately where needed
Celestial Orb	천상의 구체	translated	제작 아이템 이름
Celestial orb is charged and it's ready to grant celestial powers to any non-Artifact Equipment	천상 오브의 충전이 완료되어 유물이 아닌 장비에 천상의 힘을 부여할 준비가 되었습니다	translated	천상 오브 설명
celestialPityCounter		excluded	26cf80b context audited: protocol/save/resource identifier, scheduler/pipeline ID, developer schema/log or formatting template; display label localized separately where needed
Chain armor is the medium armor type.  It provides more protection than leather and less than plate, but it also slows your character down more than leather.\n\nChain Armor Skill boosts the AC and Resistances gained by ALL armors when equipping a Chain Armor by a percent amount.	사슬 갑옷은 중간 무게의 방어구입니다. 가죽 갑옷보다 보호력이 높고 판금 갑옷보다는 낮지만, 가죽 갑옷보다 행동을 더 느리게 만듭니다.\n\n사슬 갑옷을 장비하면 사슬 갑옷 기술이 모든 방어구에서 얻는 방어력과 저항을 일정 비율만큼 높입니다.	translated	사슬 갑옷 기술 설명
Chain Lightning	연쇄 번개	translated	MAW 재정의 주문명
Chance to Paralyze vs level 	마비 확률 (대상 레벨: 	translated	upstream 26cf80b review
Chance to Paralyze: 	마비 확률: 	translated	철퇴 마비 확률 표시
Chance to Stun vs level 	기절 확률 (대상 레벨: 	translated	upstream 26cf80b review
Chance to Stun: 	기절 확률: 	translated	기술 툴팁 수치 라벨
CHANGED-ADDRESS		excluded	26cf80b context audited: protocol/save/resource identifier, scheduler/pipeline ID, developer schema/log or formatting template; display label localized separately where needed
Charge has %s seconds of cooldown	돌진 재사용 대기시간이 %s초 남았습니다	translated	기술 재사용 대기시간
Charge telelocator	텔레로케이터 충전	translated	텔레로케이터 NPC 토픽
Charged. Insert request.	충전 완료. 요청을 입력하십시오.	translated	메시지
Charges: 	충전 횟수: 	translated	연금술 툴팁
Charm	매혹	translated	몬스터 정보창 디버프명
checkMapCompletition		excluded	타이머 등록용 내부 함수 이름
clamped to maxChargesCap (difficulty-derived, <= 200)		excluded	26cf80b context audited: protocol/save/resource identifier, scheduler/pipeline ID, developer schema/log or formatting template; display label localized separately where needed
class school text		excluded	26cf80b context audited: protocol/save/resource identifier, scheduler/pipeline ID, developer schema/log or formatting template; display label localized separately where needed
Classes		excluded	26cf80b context audited: protocol/save/resource identifier, scheduler/pipeline ID, developer schema/log or formatting template; display label localized separately where needed
classes/assassin-stacks		excluded	26cf80b context audited: protocol/save/resource identifier, scheduler/pipeline ID, developer schema/log or formatting template; display label localized separately where needed
classes/dragon-charscreen		excluded	26cf80b context audited: protocol/save/resource identifier, scheduler/pipeline ID, developer schema/log or formatting template; display label localized separately where needed
classes/elementalist-stacks		excluded	26cf80b context audited: protocol/save/resource identifier, scheduler/pipeline ID, developer schema/log or formatting template; display label localized separately where needed
classes/monster-push		excluded	26cf80b context audited: protocol/save/resource identifier, scheduler/pipeline ID, developer schema/log or formatting template; display label localized separately where needed
classes:		excluded	26cf80b context audited: protocol/save/resource identifier, scheduler/pipeline ID, developer schema/log or formatting template; display label localized separately where needed
Cleric of Baa	바의 성직자	translated	Game.PlaceMonTxt 몬스터 이름
Clerics only	성직자 전용	translated	upstream 26cf80b review
Clients:	접속자:	translated	upstream 26cf80b review
Closed hosts accept only direct connections.\n  \nOpen LAN hosts are discoverable in local network\n  \nOpen internet hosts publish themselves on accessible Lobby servers.	비공개 서버는 직접 연결만 허용합니다.\n  \n공개 LAN 서버는 로컬 네트워크에서 찾을 수 있습니다.\n  \n인터넷 공개 서버는 접속 가능한 로비 서버에 등록됩니다.	translated	upstream 26cf80b review
"cmd /c mkdir ""%s"" >nul 2>nul"		excluded	Windows 디렉터리 생성 명령
Cold	냉기	translated	upstream 26cf80b display/context review
Cold\01200000\t070	냉기\01200000\t070	translated	저항 표시; 제어 코드 보존
Combat	전투	translated	암살자 스킬명
Combat is the skill that allows you to endure prolonged fights by enhancing your energy recovery.\n\nEach attack has a base 10% chance, plus 1% per skill point, to restore 15 energy.\n\n	전투 기술은 에너지 회복을 강화하여 장기전에 버틸 수 있게 합니다.\n\n공격할 때마다 기본 10%에 기술 포인트당 1%를 더한 확률로 에너지 15를 회복합니다.\n\n	translated	전투 기술 설명
completely full, no slack. Celestials are the one exception 		excluded	26cf80b context audited: protocol/save/resource identifier, scheduler/pipeline ID, developer schema/log or formatting template; display label localized separately where needed
Connection to 	연결할 서버: 	translated	upstream 26cf80b review
Connection: close\r\n		excluded	26cf80b context audited: protocol/save/resource identifier, scheduler/pipeline ID, developer schema/log or formatting template; display label localized separately where needed
Content-Length: %d\r\n		excluded	26cf80b context audited: protocol/save/resource identifier, scheduler/pipeline ID, developer schema/log or formatting template; display label localized separately where needed
Content-Type: text/plain\r\n		excluded	26cf80b context audited: protocol/save/resource identifier, scheduler/pipeline ID, developer schema/log or formatting template; display label localized separately where needed
Convert %s into %s? (U)	%s을(를) %s(으)로 변환하시겠습니까? (U)	translated	제작 변환 안내
corpse		excluded	26cf80b context audited: protocol/save/resource identifier, scheduler/pipeline ID, developer schema/log or formatting template; display label localized separately where needed
Could not read strings, stopped on 	문자열을 읽지 못했습니다. 중단된 필드: 	translated	upstream 26cf80b display/context review
Cover	엄호	translated	MAW 방어 스킬명
cover chance + toggle state		excluded	26cf80b context audited: protocol/save/resource identifier, scheduler/pipeline ID, developer schema/log or formatting template; display label localized separately where needed
Cover Disabled	엄호 비활성화	translated	전투 기술 상태 메시지
Cover Enabled	엄호 활성화	translated	전투 기술 상태 메시지
Cover Skill is a defensive prowess enabling a character to shield allies by intercepting incoming damage. This ability strategically positions the user as the primary target of enemy onslaughts, thereby protecting teammates who are more susceptible to damage.\n\nGrants 10 plus 1% chance per skill point to Cover an ally, up to 40%, however, something might happen once at max level...\n\n\nPress P to enable/disable\n	엄호는 아군에게 향하는 피해를 대신 받아 동료를 보호하는 방어 기술입니다. 사용자는 적의 공격을 자신에게 집중시켜 피해에 취약한 동료를 지킵니다.\n\n아군을 엄호할 확률은 기본 10%에 기술 포인트당 1%가 추가되며 최대 40%입니다. 다만 최대 레벨에 도달하면 무언가가 일어날 수도 있습니다...\n\n\nP키로 활성화/비활성화\n	translated	엄호 기술 설명
Cover Skill is a defensive prowess enabling a character to shield allies by intercepting incoming damage. This ability strategically positions the user as the primary target of enemy onslaughts, thereby protecting teammates who are more susceptible to damage.\n\nIf available, Expert, Master and Grandmaster is learned at skill 	엄호는 동료가 받을 피해를 대신 가로막는 방어 기술입니다. 적의 공격을 자신에게 집중시켜 취약한 동료를 보호합니다.\n\n습득 가능한 경우 전문가·마스터·그랜드마스터의 요구 기술 레벨: 	translated	upstream 26cf80b review
Cover Skill is a defensive prowess enabling a character to shield allies by intercepting incoming damage. This ability strategically positions the user as the primary target of enemy onslaughts, thereby protecting teammates who are more susceptible to damage.\n\nIf available, Expert, Master and Grandmaster is learned at skill 6-12-20.\n\nGrants 10 plus 1% chance per skill point to Cover, up to 40%, however, something might happen once at max level....\n\nCurrent cover chance: 	엄호 기술은 아군에게 향하는 피해를 대신 받아 동료를 보호하는 방어 기술입니다. 사용자는 적의 공격을 우선적으로 받아내어 피해에 취약한 동료를 지킵니다.\n\n가능한 경우 전문가, 마스터, 그랜드마스터 단계는 기술 레벨 6-12-20에서 습득합니다.\n\n기본 10%에 기술 포인트당 1%의 엄호 확률을 추가하며 최대 40%까지 증가합니다. 단, 최대 레벨에서는 특별한 일이 일어날 수도 있습니다....\n\n현재 엄호 확률: 	translated	엄호 기술 설명 6-12-20
Cover Skill is a defensive prowess enabling a character to shield allies by intercepting incoming damage. This ability strategically positions the user as the primary target of enemy onslaughts, thereby protecting teammates who are more susceptible to damage.\n\nIf available, Expert, Master and Grandmaster is learned at skill 8-20-30.\n\nGrants 10 plus 1% chance per skill point to Cover, up to 40%, however, something might happen once at max level....\n\nCurrent cover chance: 	엄호 기술은 아군에게 향하는 피해를 대신 받아 동료를 보호하는 방어 기술입니다. 사용자는 적의 공격을 우선적으로 받아내어 피해에 취약한 동료를 지킵니다.\n\n가능한 경우 전문가, 마스터, 그랜드마스터 단계는 기술 레벨 8-20-30에서 습득합니다.\n\n기본 10%에 기술 포인트당 1%의 엄호 확률을 추가하며 최대 40%까지 증가합니다. 단, 최대 레벨에서는 특별한 일이 일어날 수도 있습니다....\n\n현재 엄호 확률: 	translated	엄호 기술 설명 8-20-30
cover-flag		excluded	26cf80b context audited: protocol/save/resource identifier, scheduler/pipeline ID, developer schema/log or formatting template; display label localized separately where needed
Crafting Cube	제작 큐브	translated	upstream 26cf80b review
Crafting Item	제작 재료	translated	미감정 제작 아이템 이름
craftingbag/marker		excluded	26cf80b context audited: protocol/save/resource identifier, scheduler/pipeline ID, developer schema/log or formatting template; display label localized separately where needed
craftPityCounters		excluded	26cf80b context audited: protocol/save/resource identifier, scheduler/pipeline ID, developer schema/log or formatting template; display label localized separately where needed
Creator's Hourglass	창조자의 모래시계	translated	제작 아이템 이름
Creator's Hourglass and Eye of the void can be used to unlock new affixes, Crafting Cube to change the Map and emerald of power to increase the map Level.\nUsing this map will teleport you to the entrance.	창조자의 모래시계와 공허의 눈으로 새 속성을 해금하고, 제작 큐브로 지도를 변경하며, 힘의 에메랄드로 지도 레벨을 높일 수 있습니다.\n이 지도를 사용하면 입구로 순간이동합니다.	translated	upstream 26cf80b review
Creator's Hourglass and Eye of the void can be used to unlock new affixes, Pandora's Cube to change the Map and emerald of power to increase the map Level.\nUsing this map will teleport you to the entrance.	창조자의 모래시계와 공허의 눈으로 새로운 어픽스를 해금할 수 있습니다. 판도라의 상자로 지도를 변경하고, 힘의 에메랄드로 지도 레벨을 높일 수 있습니다.\n이 지도를 사용하면 입구로 순간이동합니다.	translated	지도 아이템 사용법 설명
Crit chance increased by 10% and crit chance over 100% increases total damage	치명타 확률이 10% 증가하며, 100%를 초과한 치명타 확률은 총 피해를 증가시킵니다	translated	전설 아이템 효과
Cures %s + %s HP per point of skill	기술 포인트당 생명력 %s + %s 회복	translated	주문 숙련 설명
Cures and prevent Stoned condition for 6 hours.\nRequire 20 power to work.\n	석화를 치료하고 6시간 동안 석화를 방지합니다.\n작동하려면 위력 20이 필요합니다.\n	translated	물약 효과 툴팁
Cures and prevents Curse and Paralysis for 6 hours.	저주와 마비를 치료하고 6시간 동안 방지합니다.	translated	물약 효과 툴팁
Cures and prevents Disease and Poison for 6 hours.	질병과 독을 치료하고 6시간 동안 방지합니다.	translated	물약 효과 툴팁
Cures and prevents Fear and Insanity for 6 hours.	공포와 광기를 치료하고 6시간 동안 방지합니다.	translated	물약 효과 툴팁
Cures and prevents Weakness and inducted Sleep for 6 hours.	약화와 강제 수면을 치료하고 6시간 동안 방지합니다.	translated	물약 효과 툴팁
Current damage from Mind: 	정신 마법으로 얻는 현재 피해: 	translated	세라핌 능력치 표시
Current Damage reduction per Mana: 	마나당 현재 피해 감소: 	translated	마나 방패 수치 표시
Current heal from Body: 	육체 마법으로 얻는 현재 회복량: 	translated	세라핌 능력치 표시
Current map data reset.	현재 맵 데이터를 초기화했습니다.	translated	맵 데이터 상태 메시지
Current Reduction: 	현재 피해 감소: 	translated	죽음의 기사 피해 감소 표시
CurrentActionLength		excluded	26cf80b context audited: protocol/save/resource identifier, scheduler/pipeline ID, developer schema/log or formatting template; display label localized separately where needed
CurrentActionStep		excluded	26cf80b context audited: protocol/save/resource identifier, scheduler/pipeline ID, developer schema/log or formatting template; display label localized separately where needed
Currently Active Legendary effects:	현재 활성화된 전설 효과:	translated	전설 효과 UI
Curse	저주	translated	몬스터 정보창 상태명
curse	저주	translated	면역 발동 상태 메시지의 동적 상태명
Curse Immunity	저주 면역	translated	물약 효과 상태 메시지
Damage	피해량	translated	Game.GlobalTxt 피해 표시
damage		excluded	계산 모드/내부 분기 토큰; 표시 문자열 아님
Damage 1-%s per point of skill	기술 포인트당 피해 1-%s	translated	주문 숙련 설명
Damage Halved	피해량 절반	translated	몬스터 정보창 디버프명
Damage Increased to 	피해량: 	translated	연결형 주문 피해 설명
Damage increased to 	피해량: 	translated	연결형 주문 피해 설명
Damage on Friendly Units	아군 피해	translated	MAW 설정 화면 헤더
Damage reduction: 	피해 감소: 	translated	세라프 능력치 표시
damage-recompute		excluded	26cf80b context audited: protocol/save/resource identifier, scheduler/pipeline ID, developer schema/log or formatting template; display label localized separately where needed
damage-taken		excluded	26cf80b context audited: protocol/save/resource identifier, scheduler/pipeline ID, developer schema/log or formatting template; display label localized separately where needed
Damage: 	피해: 	translated	아이템 정보창 기본 수치
Damage\n\n\n\n\n\n\n\n\n\n\n\n\n\n\n	피해\n\n\n\n\n\n\n\n\n\n\n\n\n\n\n	translated	줄바꿈 포함 능력치 UI
DamageToMonster		excluded	26cf80b context audited: protocol/save/resource identifier, scheduler/pipeline ID, developer schema/log or formatting template; display label localized separately where needed
Damp vellum where ink ripples like tides; a water-ward dissolves every character into droplets unless a Water adept calls them back.	잉크가 물결처럼 일렁이는 축축한 양피지입니다. 물의 결계가 모든 글자를 물방울로 녹여 버리지만, 물 마법에 숙련된 자라면 다시 글자를 불러낼 수 있습니다.	translated	물 마법서 설명
Dark Elves only	다크 엘프 전용	translated	upstream 26cf80b review
Dark Magic	어둠 마법	translated	Skillz.setName 표시명
Dark Magic Book	어둠 마법서	translated	마법서 이름
Dark Magic Skill +	어둠 마법 기술 +	translated	아이템 마법부여 기술 보너스
Day-o-Gods		excluded	몬스터 주문 판별용 엔진 문자열
Deals damage equal to 	피해량: 	translated	연결형 주문 피해 설명
Deals damage equal to 100% of breath damage	숨결 피해의 100%만큼 피해	translated	주문 숙련 설명
Deals damage equal to 70% of breath damage	숨결 피해의 70%만큼 피해	translated	주문 숙련 설명
Deals damage equal to 85% of breath damage	숨결 피해의 85%만큼 피해	translated	주문 숙련 설명
Death	죽음	translated	몬스터 정보창 상태명
death	죽음	translated	면역 발동 상태 메시지의 동적 상태명
Death and Eradication Immunity	죽음 및 소멸 면역	translated	특수 아이템 효과 설명
Death Breath	죽음의 숨결	translated	MAW 주문명
Death Coil	죽음의 고리	translated	MAW 주문명
Death Grasp	죽음의 손아귀	translated	MAW 주문명
death-seed-mark		excluded	26cf80b context audited: protocol/save/resource identifier, scheduler/pipeline ID, developer schema/log or formatting template; display label localized separately where needed
Debuffs:	디버프:	translated	몬스터 상태 UI
DemonFly		excluded	몬스터 스프라이트 리소스 ID
dereferenced constantly		excluded	26cf80b context audited: protocol/save/resource identifier, scheduler/pipeline ID, developer schema/log or formatting template; display label localized separately where needed
Description:	설명:	translated	upstream 26cf80b display/context review
Difficulty reverted to Hell	난이도가 지옥으로 되돌아갔습니다	translated	메시지
Dimension Map	차원 지도	translated	MAW 아이템명
Dimensional Maps	차원 지도	translated	upstream 26cf80b review
Direction		excluded	26cf80b context audited: protocol/save/resource identifier, scheduler/pipeline ID, developer schema/log or formatting template; display label localized separately where needed
Directly inflicts magical damage upon a single creature.  Harm does %s points of damage plus 1-%s per point of skill in Body Magic.	단일 대상에게 직접 마법 피해를 줍니다. 해악은 %s의 기본 피해와 육체 마법 기술 포인트당 1-%s의 추가 피해를 줍니다.	translated	해악 주문 설명
Disabled	비활성화	translated	원소술사 로테이션 상태
disableRotation		excluded	26cf80b context audited: protocol/save/resource identifier, scheduler/pipeline ID, developer schema/log or formatting template; display label localized separately where needed
Disarm skill	함정 해제 기술	translated	MMMerge PO 정확 일치 + 표시 문맥 확인
disease	질병	translated	면역 발동 상태 메시지의 동적 상태명
Disease	질병	translated	upstream 26cf80b display/context review
Disease 1	질병 1	translated	몬스터 정보창 상태명
Disease 2	질병 2	translated	몬스터 정보창 상태명
Disease 3	질병 3	translated	몬스터 정보창 상태명
Disease and Curse Immunity	질병 및 저주 면역	translated	특수 아이템 효과 설명
Disease Immunity	질병 면역	translated	물약 효과 상태 메시지
Disintegrated	소멸됨	translated	전투 상태 메시지
Display players despite distance:	거리와 관계없이 플레이어 표시:	translated	upstream 26cf80b review
Divine protection (instead of dying you go back to 25% HP, once every 5 minutes)	신성한 보호 (사망하는 대신 생명력 25%로 회복, 5분마다 한 번)	translated	전설 아이템 효과
Divine Protection saves you from lethal damage	신성한 보호가 치명적인 피해로부터 당신을 구했습니다	translated	전투 상태 메시지
dk-attack		excluded	26cf80b context audited: protocol/save/resource identifier, scheduler/pipeline ID, developer schema/log or formatting template; display label localized separately where needed
dkActiveAttackSpell		excluded	26cf80b context audited: protocol/save/resource identifier, scheduler/pipeline ID, developer schema/log or formatting template; display label localized separately where needed
dkClass		excluded	26cf80b context audited: protocol/save/resource identifier, scheduler/pipeline ID, developer schema/log or formatting template; display label localized separately where needed
Dmg%%|	피해%%|	translated	기술 상세 표 피해율 라벨; %% 보존
Dmg|	피해|	translated	기술 상세 표 피해 라벨
Dodge skill	회피 기술	translated	MMMerge PO 정확 일치 + 표시 문맥 확인
Dodging	회피	translated	Skillz.setName 표시명
Doom	파멸	translated	게임 모드/난이도
Double healing effect	회복 효과가 2배가 됩니다	translated	스킬 숙련 효과
Dragon Breath empowers the caster to exhale a cloud of toxic vapors that targets a single monster and damage all creatures nearby, doing 1-%s points of damage per point of skill in Dark Magic.	시전자가 독성 증기를 내뿜어 한 몬스터를 지정하고 주변의 모든 생물에게 피해를 줍니다. 피해량은 어둠 마법 기술 포인트당 1-%s입니다.	translated	드래곤 브레스 주문 설명
dragon fangs		excluded	26cf80b context audited: protocol/save/resource identifier, scheduler/pipeline ID, developer schema/log or formatting template; display label localized separately where needed
dragon scales		excluded	26cf80b context audited: protocol/save/resource identifier, scheduler/pipeline ID, developer schema/log or formatting template; display label localized separately where needed
dragon-attack		excluded	26cf80b context audited: protocol/save/resource identifier, scheduler/pipeline ID, developer schema/log or formatting template; display label localized separately where needed
dragonMeditationRemoved		excluded	26cf80b context audited: protocol/save/resource identifier, scheduler/pipeline ID, developer schema/log or formatting template; display label localized separately where needed
Dragons are powerful creatures with innate abilities.\nLike the racial abilities of Dark Elves and Vampires, Dragon abilities are cast like spells, but are acquired like skills. Dragons begin able to cast Fear, the gain a second breath weapon, Flight and Wing Bugget at expert, master and grandmaster rankings.\n\nBreath damage is 20 + 2 per level (up to level 600, or 900 in madness) and total damage is increased by 	드래곤은 타고난 능력을 지닌 강력한 생물입니다.\n다크 엘프와 뱀파이어의 종족 능력처럼 드래곤 능력은 주문처럼 사용하지만 기술처럼 습득합니다. 드래곤은 처음부터 공포를 사용할 수 있고, 전문가·마스터·그랜드마스터 단계에서 두 번째 브레스 무기, 비행, 윙 버핏을 차례로 얻습니다.\n\n브레스 피해는 레벨당 20 + 2이며(최대 600레벨, 광기에서는 900레벨), 총 피해 증가율은 	translated	드래곤 능력 설명 앞부분
Dragons can use their fangs to deal atrocious damage to enemies. Damage is 30 + 2 per level (up to level 	용은 송곳니로 적에게 막대한 피해를 줍니다. 기본 피해는 30이며 레벨당 2가 추가됩니다 (적용 레벨 상한: 	translated	upstream 26cf80b review
Dragons can use their fangs to deal atrocious damage to enemies. Damage is 30 + 2 per level (up to level 600). Fang skill increases this amount by a percentage based on mastery and skill level.\n\nWhenever this skill is below dragon skill it will push monsters away\nEach point in the skill increases damage and increases recovery time by 1.5%.\n	드래곤은 송곳니로 적에게 끔찍한 피해를 줄 수 있습니다. 피해량은 30 + 레벨당 2입니다(최대 600레벨). 송곳니 기술은 숙련도와 기술 레벨에 따라 이 피해를 일정 비율만큼 증가시킵니다.\n\n송곳니 기술이 드래곤 기술보다 낮으면 공격 시 몬스터를 밀쳐냅니다.\n기술 포인트마다 피해가 증가하고 회복 시간이 1.5% 증가합니다.\n	translated	드래곤 송곳니 기술 설명
Dragons scales are hard enough to work as natural armor, gaining naturally 40 + 1 AC per level (up to level 	용의 비늘은 천연 방어구 역할을 합니다. 기본 방어력은 40이며 레벨당 1이 추가됩니다 (적용 레벨 상한: 	translated	upstream 26cf80b review
Dragons scales are hard enough to work as natural armor, gaining naturally 40 + 1 AC per level (up to level 600).\nScales further enhance their toughness and resistance to magical damage, increasing the thoughness by a percentage.\n\n------------------------------------------------------------\n          AC%| Res%	드래곤의 비늘은 천연 갑옷 역할을 할 만큼 단단하며, 레벨당 40 + 1의 방어력을 얻습니다(최대 600레벨).\n비늘 기술은 강인함과 마법 피해 저항을 더욱 높여 방어력을 일정 비율만큼 증가시킵니다.\n\n------------------------------------------------------------\n          방어%| 저항%	translated	드래곤 비늘 기술 설명
Drops a Fire Spike on the ground that waits for a creature to get near it before exploding.  Fire Spikes last until you leave the map or they are triggered.	지면에 화염 가시를 설치합니다. 근처에 적이 다가오면 폭발하며, 맵을 떠나거나 폭발할 때까지 유지됩니다.	translated	화염 가시 주문 설명
Drops a Fire Spike on the ground that waits for a creature to get near it before exploding.  Fire Spikes last until you leave the map or they are triggered. Fire Spike does %s%% of a melee attack damage.	지면에 화염 가시를 설치합니다. 근처에 적이 다가오면 폭발하며, 맵을 떠나거나 발동할 때까지 유지됩니다. 화염 가시는 근접 공격 피해의 %s%%만큼 피해를 줍니다.	translated	암살자 화염 가시 설명
Druid Circlet	드루이드 머리띠	translated	upstream 26cf80b review
Dungeon Completed!	던전 완료!	translated	던전 완료 메시지
Dungeon Completed!\nReset is possible again.	던전 완료!\n이제 다시 초기화할 수 있습니다.	translated	던전 완료/초기화 메시지
Duration 15+1.5 minutes per point of skill	지속시간: 15분 + 기술 포인트당 1.5분	translated	주문 숙련 설명
Duration 30+3 minutes per point of skill	지속시간: 30분 + 기술 포인트당 3분	translated	주문 숙련 설명
Duration: %.1f seconds	지속시간: %.1f초	translated	주문 지속시간
Dwarves only	드워프 전용	translated	upstream 26cf80b review
Each attack makes the monster take %s%% more damage of any kind, stacking until it dies	공격할 때마다 몬스터가 받는 모든 피해가 %s%% 증가합니다. 몬스터가 죽을 때까지 중첩됩니다	translated	upstream 26cf80b display/context review
Each attack makes the monster take 1% more damage of any kind, stacking until it dies	공격할 때마다 몬스터가 받는 모든 피해가 1% 증가하며, 죽을 때까지 중첩됩니다	translated	upstream 26cf80b review
Each attack reduces monster resistances by 1	공격할 때마다 몬스터의 저항을 1 감소시킵니다	translated	전설 아이템 효과
Each hit deals damage equal to 	타격당 피해량: 	translated	연결형 주문 피해 설명
Each skill point adds 	기술 점수당 보너스: 	translated	upstream 26cf80b display/context review
Earth		excluded	클래스/오브젝트 구조 및 내부 조회값; 표시명은 기존 MMMerge 데이터에서 별도 처리
earth		excluded	마법 계열 내부 조회용 소문자 키
Earth Magic	대지 마법	translated	Skillz.setName 표시명
Earth Magic Book	대지 마법서	translated	마법서 이름
Earth Magic Skill +	대지 마법 기술 +	translated	아이템 마법부여 기술 보너스
Earth Resistance	대지 저항	translated	MMMerge PO 정확 일치 + 표시 문맥 확인
Easy	쉬움	translated	난이도
Effect is now passive	이제 효과가 지속 효과로 적용됩니다	translated	주문 숙련 설명
Effects vary per spell	효과는 주문마다 다릅니다	translated	주문 숙련 공통 설명
Effects vary per spell \n\n	효과는 주문마다 다릅니다.\n\n	translated	원소술사 숙련 설명
Elder 	원로 	translated	클래스명 접두어
Elec\01200000\t070	전기\01200000\t070	translated	저항 표시; 제어 코드 보존
Electrical	전기	translated	upstream 26cf80b display/context review
elementalist		excluded	26cf80b context audited: protocol/save/resource identifier, scheduler/pipeline ID, developer schema/log or formatting template; display label localized separately where needed
Elementalist offensive spells, when casted randomly, grant elementalist stacks, which increase spell damage, speed and cost.\nPress R to enable/disable random rotation.\nCurrently 	원소술사의 공격 주문을 무작위로 시전하면 원소술사 중첩을 얻으며, 중첩에 따라 주문 피해, 속도, 비용이 증가합니다.\nR키로 무작위 로테이션을 활성화/비활성화합니다.\n현재 	translated	원소술사 로테이션 설명
Elementalist Rotation Disabled	원소술사 로테이션 비활성화	translated	직업 기술 상태 메시지
Elementalist Rotation Enabled	원소술사 로테이션 활성화	translated	직업 기술 상태 메시지
elementalist-learning		excluded	26cf80b context audited: protocol/save/resource identifier, scheduler/pipeline ID, developer schema/log or formatting template; display label localized separately where needed
elementalist-stack-reset		excluded	26cf80b context audited: protocol/save/resource identifier, scheduler/pipeline ID, developer schema/log or formatting template; display label localized separately where needed
elementalistClass		excluded	26cf80b context audited: protocol/save/resource identifier, scheduler/pipeline ID, developer schema/log or formatting template; display label localized separately where needed
Elementalists learn new spells with practice instead of books.\n\nAll the available spells of this school have been learned.	원소술사는 책 대신 실전을 통해 새로운 주문을 익힙니다.\n\n이 계통에서 배울 수 있는 주문을 모두 습득했습니다.	translated	원소술사 주문 학습 설명
Elementalists learn new spells with practice instead of books.\n\nProgress toward learning 	원소술사는 책 대신 실전을 통해 새로운 주문을 익힙니다.\n\n다음 주문 습득 진행도: 	translated	원소술사 주문 학습 설명 조각
Elementalists learn their spells through practice	원소술사는 실전을 통해 주문을 익힙니다	translated	직업 안내 메시지
elementalistSpellBinds		excluded	26cf80b context audited: protocol/save/resource identifier, scheduler/pipeline ID, developer schema/log or formatting template; display label localized separately where needed
elementalistSpells		excluded	26cf80b context audited: protocol/save/resource identifier, scheduler/pipeline ID, developer schema/log or formatting template; display label localized separately where needed
eleStacks		excluded	26cf80b context audited: protocol/save/resource identifier, scheduler/pipeline ID, developer schema/log or formatting template; display label localized separately where needed
eleTimer		excluded	26cf80b context audited: protocol/save/resource identifier, scheduler/pipeline ID, developer schema/log or formatting template; display label localized separately where needed
Elves only	엘프 전용	translated	upstream 26cf80b review
Emerald Island	에메랄드 섬	translated	MMMerge PO 정확 일치 + 표시 문맥 확인
Emerald of Power	힘의 에메랄드	translated	제작 아이템 이름
Empower Magic	마법 강화	translated	주문 이름
empty	비어 있음	translated	맵 상태 메시지
Empty Barrel	빈 통	translated	MMMerge PO 정확 일치 + 표시 문맥 확인
Enabled	활성화	translated	원소술사 로테이션 상태
enc2 bitfield (zMaw_ItemBits.lua) + 3 unrelated legacy meanings		excluded	26cf80b context audited: protocol/save/resource identifier, scheduler/pipeline ID, developer schema/log or formatting template; display label localized separately where needed
enchant strength		excluded	26cf80b context audited: protocol/save/resource identifier, scheduler/pipeline ID, developer schema/log or formatting template; display label localized separately where needed
Enchantment protects %s from %s	마법 부여가 %s을(를) %s(으)로부터 보호합니다	translated	마법 부여 상태 메시지
Enchants party weapons with the Vampiric ability.  Damage inflicted on monsters will be given to the weapon's wielder as extra hit points, up to his or her normal hit point maximum.	파티의 무기에 흡혈 능력을 부여합니다. 몬스터에게 준 피해가 무기 사용자의 추가 생명력으로 전환되며, 원래의 최대 생명력을 넘을 수는 없습니다.	translated	흡혈의 오라 설명
enchantSeedList		excluded	26cf80b context audited: protocol/save/resource identifier, scheduler/pipeline ID, developer schema/log or formatting template; display label localized separately where needed
Endless Arena	끝없는 투기장	translated	투기장 토픽
Endless Potion	무한 물약	translated	MAW 아이템명
Endurance	인내력	translated	기존 MMMerge 능력치 용어
engine patches applied:		excluded	26cf80b context audited: protocol/save/resource identifier, scheduler/pipeline ID, developer schema/log or formatting template; display label localized separately where needed
engine-reset		excluded	26cf80b context audited: protocol/save/resource identifier, scheduler/pipeline ID, developer schema/log or formatting template; display label localized separately where needed
Enlightenment	깨달음	translated	MAW 마나 스킬명
Enroth	엔로스	translated	MMMerge PO 정확 일치 + 표시 문맥 확인
Enslave	노예화	translated	몬스터 정보창 디버프명
Enter server description	서버 설명 입력	translated	upstream 26cf80b review
Enter server info:	서버 정보 입력:	translated	upstream 26cf80b review
Enter server name	서버 이름 입력	translated	upstream 26cf80b review
Enter the data.	데이터를 입력하세요.	translated	퀘스트 질문
Entering will reset the dungeon	입장하면 던전이 초기화됩니다	translated	던전 초기화 경고
equip slot		excluded	26cf80b context audited: protocol/save/resource identifier, scheduler/pipeline ID, developer schema/log or formatting template; display label localized separately where needed
Eradication	소멸	translated	몬스터 정보창 상태명
eradication	소멸	translated	면역 발동 상태 메시지의 동적 상태명
Erathian Sapphire	에라시아 사파이어	translated	제작 보석 상태 메시지
Erudite Crystal	현자의 수정	translated	제작 보석 상태 메시지
Estimates		excluded	26cf80b context audited: protocol/save/resource identifier, scheduler/pipeline ID, developer schema/log or formatting template; display label localized separately where needed
every frame		excluded	26cf80b context audited: protocol/save/resource identifier, scheduler/pipeline ID, developer schema/log or formatting template; display label localized separately where needed
example.com		excluded	26cf80b context audited: protocol/save/resource identifier, scheduler/pipeline ID, developer schema/log or formatting template; display label localized separately where needed
Expert		excluded	전역 번역 금지; SpellPoints/설명 필드 내부 키 유지, 주문서 표시 occurrence만 scoped 번역
Explosive Impact! (half damage)	폭발 충격! (피해 절반)	translated	특수 아이템 효과 설명
ExSetScr		excluded	CustomUI 배경/화면 내부 ID
ExSetScr2		excluded	CustomUI 화면 내부 ID
ExtSetUp		excluded	CustomUI 아이콘 리소스 ID
Eye of Void	공허의 눈	translated	제작 아이템 이름
Face		excluded	26cf80b context audited: protocol/save/resource identifier, scheduler/pipeline ID, developer schema/log or formatting template; display label localized separately where needed
Fangs	송곳니	translated	드래곤 스킬명
far away	멀리 있음	translated	upstream 26cf80b review
Fear	공포	translated	몬스터 정보창 상태명
Fear Immunity	공포 면역	translated	물약 효과 상태 메시지
Feather-light pages hum with static; a whirling air-sigil scatters the lines to the wind, settling only for one trained in Air.	깃털처럼 가벼운 책장에서 정전기가 웅웅거립니다. 소용돌이치는 대기의 인장이 글줄을 바람에 흩뜨리지만, 대기 마법에 숙련된 자에게는 다시 제자리를 찾습니다.	translated	대기 마법서 설명
feeds stat math		excluded	26cf80b context audited: protocol/save/resource identifier, scheduler/pipeline ID, developer schema/log or formatting template; display label localized separately where needed
final-clamp		excluded	26cf80b context audited: protocol/save/resource identifier, scheduler/pipeline ID, developer schema/log or formatting template; display label localized separately where needed
Find the Druid Circlet of Power in the Druid Circle and bring it to Dantillion in Murmurwoods.	드루이드의 원에서 힘의 드루이드 머리띠를 찾아 머머우드의 단틸리온에게 가져가십시오.	translated	upstream 26cf80b review
Fire	화염	translated	공통 화염 표기; 능력치/오라 양쪽에 안전
Fire Magic	화염 마법	translated	Skillz.setName 표시명
Fire Magic Book	화염 마법서	translated	마법서 이름
Fire Magic Skill +	화염 마법 기술 +	translated	아이템 마법부여 기술 보너스
Fire Resistance	화염 저항	translated	MMMerge PO 정확 일치 + 표시 문맥 확인
Fire Topaz	화염 토파즈	translated	제작 보석 상태 메시지
Fire\01200000\t070	화염\01200000\t070	translated	저항 표시; 제어 코드 보존
Fires a ball of fire at a single target. When it hits, the ball explodes damaging all those nearby, including your characters if they're too close.  Fireball does %s%% of a melee attack damage.	단일 대상에게 화염구를 발사합니다. 명중하면 폭발하여 주변 모두에게 피해를 주며, 너무 가까우면 파티원도 피해를 받습니다. 화염구는 근접 공격 피해의 %s%%만큼 피해를 줍니다.	translated	암살자 화염구 설명
Fires a ball of fire at a single target. When it hits, the ball explodes damaging all those nearby, including your characters if they're too close.  Fireball does 1-%s points of damage per point of skill in Fire Magic.	단일 대상에게 화염구를 발사합니다. 명중하면 폭발하여 주변 모두에게 피해를 주며, 너무 가까우면 파티원도 피해를 받습니다. 화염구는 화염 마법 기술 포인트당 1-%s의 피해를 줍니다.	translated	화염구 주문 설명
Fires a ball of ice in the direction the caster is facing.  The ball will shatter when it hits something, launching 7 shards of ice in all directions except the caster's.  The shards will ricochet until they strike a creature or melt.  Each shard does %s points of damage plus 1-%s per point of skill in Water Magic.	시전자가 바라보는 방향으로 얼음 구체를 발사합니다. 충돌하면 산산이 부서져 시전자 방향을 제외한 모든 방향으로 7개의 얼음 파편을 날립니다. 파편은 생물에 맞거나 녹을 때까지 튕겨 다닙니다. 파편 하나당 %s의 기본 피해와 물 마법 기술 포인트당 1-%s의 추가 피해를 줍니다.	translated	얼음 폭발 주문 설명
Fires a blast of hot, jagged metal in front of the caster, striking any creature that gets in the way.  Each piece inflicts 1-%s points of damage per point of skill in Dark Magic.	시전자 앞쪽으로 뜨겁고 날카로운 금속 파편을 발사하여 경로상의 생물을 타격합니다. 파편 하나당 어둠 마법 기술 포인트당 1-%s의 피해를 줍니다.	translated	파편금속 주문 설명
Fires a bolt of ice at a single target.  The missile does %s + 1-%s points of damage per point of skill in Water Magic.	단일 대상에게 얼음 화살을 발사합니다. %s + 물 마법 기술 포인트당 1-%s의 피해를 줍니다.	translated	얼음 화살 주문 설명
Fires a bolt of light at a single target that does %s + 1-%s points of damage per point of skill in light magic.  Damage vs. Undead is doubled.	단일 대상에게 빛의 화살을 발사하여 %s + 빛 마법 기술 포인트당 1-%s의 피해를 줍니다. 언데드에게는 피해가 두 배입니다.	translated	빛의 화살 주문 설명
Fires a bolt of mental force which damages a single target's nervous system.  Mind Blast does %s points of damage plus 1-%s per point of skill in Mind Magic.	정신력의 화살로 단일 대상의 신경계를 공격합니다. 정신 폭발은 %s의 기본 피해와 정신 마법 기술 포인트당 1-%s의 추가 피해를 줍니다.	translated	정신 폭발 주문 설명
Fires a rotating, razor-thin metal blade at a single monster.  The blade does %s%% of a melee attack damage.\n\nBlades is the only spell capable to deal Physical damage.	회전하는 면도날처럼 얇은 금속 칼날을 몬스터 하나에게 발사합니다. 칼날은 근접 공격 피해의 %s%%만큼 피해를 줍니다.\n\n칼날은 물리 피해를 줄 수 있는 유일한 주문입니다.	translated	칼날 주문 설명
Fires a rotating, razor-thin metal blade at a single monster.  The blade does 1-%s points of damage per point of skill in Earth Magic.\n\nBlades is the only spell capable to deal Physical damage.	회전하는 면도날처럼 얇은 금속 칼날을 몬스터 하나에게 발사합니다. 칼날은 대지 마법 기술 포인트당 1-%s의 피해를 줍니다.\n\n칼날은 물리 피해를 줄 수 있는 유일한 주문입니다.	translated	칼날 주문 설명
Fix caracter age at 20.\nRequire 50 power to work.\n	캐릭터의 나이를 20세로 고정합니다.\n작동하려면 위력 50이 필요합니다.\n	translated	물약 효과 툴팁
Fix caracter age at 60.\nRequire 50 power to work.\n	캐릭터의 나이를 60세로 고정합니다.\n작동하려면 위력 50이 필요합니다.\n	translated	물약 효과 툴팁
FixMonstersBlockingShots=0		excluded	26cf80b context audited: protocol/save/resource identifier, scheduler/pipeline ID, developer schema/log or formatting template; display label localized separately where needed
FixMonstersBlockingShots=1		excluded	26cf80b context audited: protocol/save/resource identifier, scheduler/pipeline ID, developer schema/log or formatting template; display label localized separately where needed
flag bits: 0x1 Identified, 0x2 Broken, 0x8 TemporaryBonus, 		excluded	26cf80b context audited: protocol/save/resource identifier, scheduler/pipeline ID, developer schema/log or formatting template; display label localized separately where needed
Flame	불꽃	translated	화염 오라 단계명
Fly is allowed without restrictions here	이곳에서는 제한 없이 비행할 수 있습니다	translated	비행 상태 메시지
fly-removal		excluded	26cf80b context audited: protocol/save/resource identifier, scheduler/pipeline ID, developer schema/log or formatting template; display label localized separately where needed
Flying Fist throws a heavy magical force at a single opponent that does %s points of damage plus 1-%s per point of skill in Body Magic.	강력한 마법의 주먹을 단일 대상에게 날려 %s의 기본 피해와 육체 마법 기술 포인트당 1-%s의 추가 피해를 줍니다.	translated	비행 주먹 주문 설명
Following you would be foolish	당신을 따라가는 건 어리석은 짓이겠군	translated	고난도 모드 NPC 고용 토픽
Forced Sleep Immunity	강제 수면 면역	translated	물약 효과 상태 메시지
FrameLimit		excluded	Game 설정 필드 이름
freeProgression		excluded	설정 저장 필드 이름
friendly-fire-zero		excluded	26cf80b context audited: protocol/save/resource identifier, scheduler/pipeline ID, developer schema/log or formatting template; display label localized separately where needed
Frost	냉기	translated	죽음의 기사 스킬명
Frostbite	동상	translated	MAW 주문명
FullHP		excluded	26cf80b context audited: protocol/save/resource identifier, scheduler/pipeline ID, developer schema/log or formatting template; display label localized separately where needed
FullSP		excluded	26cf80b context audited: protocol/save/resource identifier, scheduler/pipeline ID, developer schema/log or formatting template; display label localized separately where needed
game.BolsterAmount		excluded	26cf80b context audited: protocol/save/resource identifier, scheduler/pipeline ID, developer schema/log or formatting template; display label localized separately where needed
game.freeProgression		excluded	26cf80b context audited: protocol/save/resource identifier, scheduler/pipeline ID, developer schema/log or formatting template; display label localized separately where needed
Gem power is not enough	보석의 힘이 부족합니다	translated	제작 상태 메시지
Gemcutter's Ruby	보석세공사의 루비	translated	제작 보석 상태 메시지
GetAncientTier / IsAncientItem / IsPrimordialItem / 		excluded	26cf80b context audited: protocol/save/resource identifier, scheduler/pipeline ID, developer schema/log or formatting template; display label localized separately where needed
GM		excluded	SpellPointsGM/설명 필드 조합용 내부 숙련 키
Goblin King	고블린 왕	translated	Game.PlaceMonTxt 몬스터 이름
Goblin Reinforcements	고블린 증원군	translated	맵 이벤트 메시지
Goblin's Lieutenant	고블린 부관	translated	upstream 26cf80b review
Goblin's Liutenant	고블린 부관	translated	몬스터 표시명; 원문 오탈자 유지
Goblins only	고블린 전용	translated	upstream 26cf80b review
google.com		excluded	26cf80b context audited: protocol/save/resource identifier, scheduler/pipeline ID, developer schema/log or formatting template; display label localized separately where needed
Grand		excluded	26cf80b context audited: protocol/save/resource identifier, scheduler/pipeline ID, developer schema/log or formatting template; display label localized separately where needed
Grandmaster	그랜드마스터	translated	주문서 요구 숙련도 표시
Grant 1 enchant to an unenchanted item, based on potion Power.\nRequire at least 20 power to work.\n	물약 위력에 따라 마법이 부여되지 않은 아이템에 마법부여 효과 1개를 추가합니다.\n작동하려면 위력이 최소 20 필요합니다.\n	translated	물약 효과 툴팁
Grant 5 +1 per 10 potion power charges of Magic Protection (as the spell) for 6 hours.\nFrom 50 power on will protect also from death and eradication.\n	6시간 동안 마법 보호(주문과 동일) 효과를 5 + 물약 위력 10당 1만큼 부여합니다.\n위력 50 이상이면 죽음과 소멸도 방지합니다.\n	translated	물약 효과 툴팁
Grant 500 Experience point per Power to the player.	플레이어에게 위력 1당 경험치 500을 부여합니다.	translated	물약 효과 툴팁
Grants 	명상 기술 보너스 +	translated	명상 물약 설명 조각
Grants 3 Accuracy to all party per skill point	기술 포인트당 파티 전체의 정확도가 3 증가합니다	translated	주문 숙련 효과
Grants 3 Endurance to all party per skill point	기술 포인트당 파티 전체의 인내력이 3 증가합니다	translated	주문 숙련 효과
Grants 3 Intellect to all party per skill point	기술 포인트당 파티 전체의 지능이 3 증가합니다	translated	주문 숙련 효과
Grants 3 Luck to all party per skill point	기술 포인트당 파티 전체의 운이 3 증가합니다	translated	주문 숙련 효과
Grants 3 Might to all party per skill point	기술 포인트당 파티 전체의 힘이 3 증가합니다	translated	주문 숙련 효과
Grants 3 Personality to all party per skill point	기술 포인트당 파티 전체의 인격이 3 증가합니다	translated	주문 숙련 효과
Grants 3 Speed to all party per skill point	기술 포인트당 파티 전체의 민첩성이 3 증가합니다	translated	주문 숙련 효과
Grants bonus to Meditation skill for 6 hours.	6시간 동안 명상 기술에 보너스를 부여합니다.	translated	물약 효과 툴팁
Grants Haste (+	가속 (공격 속도 +	translated	upstream 26cf80b review
Grants Preservation and Shield (as the spell) for 6 Hours\nRequire 20 power to work.\n	6시간 동안 보존과 방패(주문과 동일) 효과를 부여합니다.\n작동하려면 위력 20이 필요합니다.\n	translated	물약 효과 툴팁
Grants Shield (-	방패 (받는 마법 피해 -	translated	upstream 26cf80b review
Grants the power of flight to your characters!  This spell is very expensive and only works outdoors, but it is very useful.  Fly will drain one spell point every five minutes it is in use (i.e. when you aren't touching the ground).\n\nAt higher difficulties, with the exception of few places, attacking monsters will cancel the effect	캐릭터들에게 비행 능력을 부여합니다! 이 주문은 비용이 매우 높고 야외에서만 작동하지만 매우 유용합니다. 비행 중에는(땅에 닿지 않은 동안) 5분마다 주문력 1을 소모합니다.\n\n고난도에서는 일부 지역을 제외하고 몬스터를 공격하면 효과가 해제됩니다.	translated	비행 주문 설명
GraphicState		excluded	26cf80b context audited: protocol/save/resource identifier, scheduler/pipeline ID, developer schema/log or formatting template; display label localized separately where needed
Great might	강대한 힘	translated	MMMerge PO 정확 일치 + 표시 문맥 확인
Greater Heal	대치유	translated	기존 MMMerge 주문 용어
Greeting adventurer!\nYour journey is about to start, but first make sure to check the difficulty settings (ESC-->Controls-->Extra Settings(on the top)-->Bolstering Power)	모험가여, 환영합니다!\n여정이 곧 시작됩니다. 먼저 난이도 설정을 확인하세요. (ESC-->조작-->추가 설정(상단)-->강화 수치)	translated	시작 안내 메시지
GuildItems		excluded	26cf80b context audited: protocol/save/resource identifier, scheduler/pipeline ID, developer schema/log or formatting template; display label localized separately where needed
GuildNextRefill2		excluded	26cf80b context audited: protocol/save/resource identifier, scheduler/pipeline ID, developer schema/log or formatting template; display label localized separately where needed
Halberd		excluded	ObjList/무기 판정 구조값; 아이템 표시명과 별도
Hard	어려움	translated	난이도
HasLegendaryAffix / GetLegendaryAffix / IsCelestialItem, write 		excluded	26cf80b context audited: protocol/save/resource identifier, scheduler/pipeline ID, developer schema/log or formatting template; display label localized separately where needed
Healing reduced by 	치유량 감소: 	translated	지도 어픽스 설명 조각
Heals 	생명력 회복: 	translated	물약 설명 조각
Heals based on the potion's power of hit points.	물약의 위력에 따라 생명력을 회복합니다.	translated	물약 효과 툴팁
Health Potion has %s seconds of cooldown remaining	생명력 물약 재사용 대기시간이 %s초 남았습니다	translated	물약 재사용 대기시간
Health Potion heals for %s hit points	생명력 물약으로 생명력 %s 회복	translated	물약 회복 메시지
Health: 	생명력: 	translated	멀티플레이 상태 표시
Heavy as quarried rock, grit packed in the spine; a stone-seal weighs the script down, rising into legible relief for those attuned to Earth.	채석한 바위처럼 무겁고 책등에는 모래가 가득합니다. 돌의 인장이 글을 짓눌러 보이지 않게 하지만, 대지 마법에 조율된 자에게는 읽을 수 있는 돋을새김으로 떠오릅니다.	translated	대지 마법서 설명
Hell	지옥	translated	난이도
Heroism increases the damage a character does on a successful attack by 10 + 1 point per point of skill in Spirit Magic. This spell affects the entire party at once.\nLasts for 2 hours plus 1 hour per point of skill	영웅심은 공격 명중 시 주는 피해를 10 + 정신 마법 기술 포인트당 1만큼 증가시킵니다. 이 주문은 파티 전체에 적용됩니다.\n기본 2시간에 기술 포인트당 1시간 동안 지속됩니다.	translated	영웅심 주문 설명
Hide full	가득 찬 서버 숨기기	translated	upstream 26cf80b review
Hide other versions	다른 버전 숨기기	translated	upstream 26cf80b review
Hide passworded	비밀번호 서버 숨기기	translated	upstream 26cf80b review
Hide remote players UI	다른 플레이어 UI 숨기기	translated	upstream 26cf80b review
High Cardinal	고위 추기경	translated	몬스터 표시명
hint error: 		excluded	26cf80b context audited: protocol/save/resource identifier, scheduler/pipeline ID, developer schema/log or formatting template; display label localized separately where needed
hirelingFix		excluded	26cf80b context audited: protocol/save/resource identifier, scheduler/pipeline ID, developer schema/log or formatting template; display label localized separately where needed
Hit Points	생명력	translated	MMMerge PO 정확 일치 + 표시 문맥 확인
Hit Points \t100	체력 \t100	translated	upstream 26cf80b display/context review
Homing Projectiles	유도 투사체	translated	MAW 설정 화면 헤더
horizontaSpells		excluded	26cf80b context audited: protocol/save/resource identifier, scheduler/pipeline ID, developer schema/log or formatting template; display label localized separately where needed
Host have closed the game	호스트가 게임을 종료했습니다	translated	멀티플레이 툴팁
Host saved the game.	호스트가 게임을 저장했습니다.	translated	멀티플레이 상태 메시지
Host: %s:%s\r\n		excluded	26cf80b context audited: protocol/save/resource identifier, scheduler/pipeline ID, developer schema/log or formatting template; display label localized separately where needed
Hostile		excluded	26cf80b context audited: protocol/save/resource identifier, scheduler/pipeline ID, developer schema/log or formatting template; display label localized separately where needed
house		excluded	26cf80b context audited: protocol/save/resource identifier, scheduler/pipeline ID, developer schema/log or formatting template; display label localized separately where needed
HP		excluded	엔진 이벤트/공식 내부 키와 공용 약어; 전역 한글 치환 시 로직 손상 위험
HP: 	생명력: 	translated	upstream 26cf80b review
HP: %s / %s pt.	생명력: %s / %s	translated	upstream 26cf80b review
Huge Orc	거대 오크	translated	Game.PlaceMonTxt 몬스터명
Humans only	인간 전용	translated	upstream 26cf80b review
I have already bought an item like that.	이런 아이템은 이미 구매했습니다.	translated	upstream display review
I have looked beyond the veil and found a place the other side has rewritten. Take this map: it will open %s anew, filled with creatures from another dimension (Map Level %d). Clear it, then return to me.	장막 너머를 살펴보다가 반대편 세계의 영향으로 뒤바뀐 장소를 발견했습니다. 이 지도를 받으십시오. %s의 문을 다시 열면 다른 차원의 생물들이 기다리고 있을 것입니다 (지도 레벨 %d). 그곳을 정리한 뒤 돌아오십시오.	translated	upstream 26cf80b review
I want to reset	초기화하겠습니다	translated	기술 초기화 NPC 토픽
I wouldn't join in your reckless adventure, not even for all the wealth in the world.	그 무모한 모험에는 세상의 모든 부를 준다 해도 함께하지 않겠소.	translated	동료 거절 메시지
Ice Bomb	얼음 폭탄	translated	MAW 주문명
Icy Touch	얼음의 손길	translated	MAW 주문명
Id		excluded	26cf80b context audited: protocol/save/resource identifier, scheduler/pipeline ID, developer schema/log or formatting template; display label localized separately where needed
ID Item skill	아이템 감정 기술	translated	MMMerge PO 정확 일치 + 표시 문맥 확인
ID Monster skill	몬스터 감정 기술	translated	MMMerge PO 정확 일치 + 표시 문맥 확인
If you seek to pursuit a new path and reset your skills, you have come to the right place.	새로운 길을 택해 기술을 초기화하려 한다면 제대로 찾아오셨습니다.	translated	기술 초기화 UI 안내
Immune to 	면역: 	translated	upstream 26cf80b display/context review
Immunity to all status effects from monsters	몬스터가 유발하는 모든 상태 이상에 면역이 됩니다	translated	전설 아이템 효과
Implosion is a nasty spell that affects a single target by destroying the air around it, causing a sudden inrush from the surrounding air, a thunderclap, and %s points plus 1-%s points of damage per point of skill in Air Magic.	단일 대상 주변의 공기를 파괴해 급격한 공기 유입과 충격파를 일으킵니다. 피해량은 %s + 공기 마법 기술 포인트당 1-%s입니다.	translated	내파 주문 설명
ImprovedPathfinding		excluded	설정 저장 필드 이름
in combat	전투 중	translated	upstream 26cf80b review
In the night the deads rise	밤이 되면 망자들이 일어납니다	translated	맵 이벤트 메시지
Increase melee damage by 5% for each enemy in the nearbies	주변의 적 하나마다 근접 피해가 5% 증가합니다	translated	전설 아이템 효과
Increase Melee weapon skill by 10	근접 무기 기술이 10 증가합니다	translated	전설 아이템 효과
Increase the effect of resistances base enchants by 50%	저항 기본 마법부여의 효과가 50% 증가합니다	translated	전설 아이템 효과
Increase your regeneration by 1% per every 1% of hp lost	잃은 생명력 1%마다 재생량이 1% 증가합니다	translated	재생 숙련 효과
Increased Attack speed by 0.5% per Skill	기술 포인트당 공격 속도가 0.5% 증가합니다	translated	upstream 26cf80b review
Increased Attack speed by 1% per Skill	기술 포인트당 공격 속도가 1% 증가합니다	translated	스킬 숙련 효과
Increased Attack speed by 1.5% per Skill	기술 포인트당 공격 속도가 1.5% 증가합니다	translated	upstream 26cf80b review
Increased Attack speed by 2% per Skill	기술 포인트당 공격 속도가 2% 증가합니다	translated	스킬 숙련 효과
Increased Attack speed by 3% per Skill	기술 포인트당 공격 속도가 3% 증가합니다	translated	스킬 숙련 효과
Increased Attack speed by 4% per Skill	기술 포인트당 공격 속도가 4% 증가합니다	translated	스킬 숙련 효과
Increases all resistances temporarily by 10+ (1 x Power) for 6 hours.	6시간 동안 모든 저항이 10 + (1 × 위력)만큼 증가합니다.	translated	물약 효과 툴팁
Increases all seven of your Statistics by 	일곱 능력치가 모두 증가하는 양: 	translated	upstream 26cf80b review
Increases all Seven Statistics temporarily by 10+(1 x Power) for 6 hours.	6시간 동안 7대 능력치가 모두 10 + (1 × 위력)만큼 증가합니다.	translated	물약 효과 툴팁
Increases Armor Class  by 5+(0.5 x Power) for 6 Hours	6시간 동안 방어력이 5 + (0.5 × 위력)만큼 증가합니다.	translated	물약 효과 툴팁
Increases Ascension Skill level by 10	승천 기술 레벨이 10 증가합니다	translated	전설 아이템 효과
Increases Attack by 5+(0.5 x Power) for 6 Hours	6시간 동안 공격력이 5 + (0.5 × 위력)만큼 증가합니다.	translated	물약 효과 툴팁
Increases damage by 1 per Skill point	기술 포인트당 피해가 1 증가합니다	translated	upstream 26cf80b review
Increases damage by 1.5 per Skill point	기술 포인트당 피해가 1.5 증가합니다	translated	upstream 26cf80b review
Increases damage by 10 plus 1 per skill point	피해량이 10 + 기술 포인트당 1만큼 증가합니다	translated	주문 숙련 설명
Increases damage by 10 plus 1.5 per skill point	피해량이 10 + 기술 포인트당 1.5만큼 증가합니다	translated	주문 숙련 설명
Increases damage by 10 plus 2 per skill point	피해량이 10 + 기술 포인트당 2만큼 증가합니다	translated	주문 숙련 설명
Increases damage by 2 per Skill point	기술 포인트당 피해량이 2 증가합니다	translated	스킬 숙련 효과
Increases damage by 3 per Skill point	기술 포인트당 피해량이 3 증가합니다	translated	스킬 숙련 효과
Increases damage by 4 per Skill point	기술 포인트당 피해량이 4 증가합니다	translated	스킬 숙련 효과
Increases damage from weapon enchants by 50%	무기 마법부여의 피해가 50% 증가합니다	translated	upstream 26cf80b review
Increases every one of your Resistances by 	모든 저항이 증가하는 양: 	translated	upstream 26cf80b review
Increases item's roughness, making it more resistant to breaking.\n	아이템의 내구성을 높여 파손에 더 잘 견디게 합니다.\n	translated	물약 효과 툴팁
Increases melee damage 0.5-1-1.5-2 (at N-E-M-GM) per Earth Magic Level\n	대지 마법 기술 레벨당 근접 피해가 0.5-1-1.5-2 증가합니다 (초보-전문가-마스터-그랜드마스터).\n	translated	upstream 26cf80b review
Increases melee damage by 	근접 피해 증가량: 	translated	upstream 26cf80b review
Increases Melee damage by 5+(0.5 x Power) for 6 Hours	6시간 동안 근접 피해가 5 + (0.5 × 위력)만큼 증가합니다.	translated	물약 효과 툴팁
Increases Speed for 6 Hours	6시간 동안 속도가 증가합니다.	translated	물약 효과 툴팁
Increases spell damage and healing at the expense of higher mana cost and cast time.	마나 소모량과 시전 시간이 늘어나는 대신 주문 피해와 치유량이 증가합니다.	translated	승천 기술 설명
Increases spell damage and healing at the expense of higher mana cost and cast time.\n	마나 소모량과 시전 시간이 늘어나는 대신 주문 피해와 치유량이 증가합니다.\n	translated	승천 기술 설명
Increases temporary Fire, Air, Water and Earth resistance. (Dark)	화염, 공기, 물, 대지 저항을 일시적으로 증가시킵니다. (어둠)	translated	물약 효과 툴팁
Increases temporary Mind and Body resistance. (Light)	정신 및 육체 저항을 일시적으로 증가시킵니다. (빛)	translated	물약 효과 툴팁
Increases the weight of a single target enormously for an instant, causing internal damage equal to %s%% of a melee attack damage.	순간적으로 단일 대상의 무게를 엄청나게 늘려 내부 피해를 줍니다. 근접 공격 피해의 %s%%만큼 피해를 줍니다.	translated	암살자 질량 왜곡 설명
Increases the weight of a single target enormously for an instant, causing internal damage equal to 15%% of the monster's hit points plus another 0.5%% per point of skill in Earth Magic. The bigger they are, the harder they fall.	순간적으로 단일 대상의 무게를 엄청나게 늘려 내부 피해를 줍니다. 몬스터 생명력의 15%% + 대지 마법 기술 포인트당 0.5%%만큼 피해를 줍니다. 몸집이 클수록 더 큰 피해를 받습니다.	translated	질량 왜곡 주문 설명
Increases your Armor Class for 6 hours.	6시간 동안 방어력이 증가합니다.	translated	upstream 26cf80b review
Increases your Attack Speed by 	공격 속도가 증가하는 양: 	translated	upstream 26cf80b review
Increases your Attack, and your Accuracy by 	공격과 정확도가 증가하는 양: 	translated	upstream 26cf80b review
Increases your Fire, Air, Water and Earth Resistance, and those stats by 	화염·공기·물·대지 저항과 해당 능력치가 증가하는 양: 	translated	upstream 26cf80b review
Increases your maximum energy by 10	최대 에너지가 10 증가합니다	translated	스킬 숙련 효과
Increases your maximum energy by 20	최대 에너지가 20 증가합니다	translated	스킬 숙련 효과
Increases your maximum energy by 30	최대 에너지가 30 증가합니다	translated	스킬 숙련 효과
Increases your maximum energy by 40	최대 에너지가 40 증가합니다	translated	스킬 숙련 효과
Increases your Melee Damage by 	근접 피해가 증가하는 양: 	translated	upstream 26cf80b review
Increases your Mind and Body Resistance, and those stats by 	정신·육체 저항과 해당 능력치가 증가하는 양: 	translated	upstream 26cf80b review
indexes SpcItemsTxt		excluded	26cf80b context audited: protocol/save/resource identifier, scheduler/pipeline ID, developer schema/log or formatting template; display label localized separately where needed
indexes StdItemsTxt		excluded	26cf80b context audited: protocol/save/resource identifier, scheduler/pipeline ID, developer schema/log or formatting template; display label localized separately where needed
Inferno	지옥불	translated	화염 오라 단계명
Inferno burns all monsters in sight when cast, excluding your characters.  One or two castings can clear out a room of weak or moderately powerful creatures. Each monster takes %s points of damage plus %s per point of skill in Fire Magic.  This spell only works indoors.	시야 안의 모든 몬스터를 불태우되 파티원은 제외합니다. 한두 번만 시전해도 약하거나 중간 정도의 적이 가득한 방을 정리할 수 있습니다. 각 몬스터는 %s + 화염 마법 기술 포인트당 %s의 피해를 받습니다. 실내에서만 사용할 수 있습니다.	translated	인페르노 주문 설명
Inflicts %s points of damage plus %s per point of skill in Light Magic on all creatures in sight.  This spell can only be cast indoors.	시야 안의 모든 생물에게 %s + 빛 마법 기술 포인트당 %s의 피해를 줍니다. 실내에서만 사용할 수 있습니다.	translated	빛 마법 광역 주문 설명
Ink like pooled night that drinks the torchglow; a shadow-ward devours the lines, revealing them only to readers skilled in Dark.	횃불빛마저 삼키는 밤의 웅덩이 같은 잉크입니다. 그림자의 결계가 글줄을 집어삼키며, 어둠 마법에 숙련된 독자에게만 글을 드러냅니다.	translated	어둠 마법서 설명
Insane	광기	translated	Insanity 난이도 표시 라벨
Insanity	광기	translated	몬스터 정보창 상태명
insanity	광기	translated	면역 발동 상태 메시지의 동적 상태명
Insanity and SP drain Immunity	광기 및 주문력 흡수 면역	translated	특수 아이템 효과 설명
Insanity Immunity	광기 면역	translated	물약 효과 상태 메시지
Intellect	지능	translated	기존 MMMerge 능력치 용어
Intellect represents a character's ability to reason and understand complex, abstract concepts.\nSpell Damage and Spell Critical Damage are based on Intellect.	지능은 복잡하고 추상적인 개념을 추론하고 이해하는 능력을 나타냅니다.\n주문 피해와 주문 치명타 피해는 지능을 기반으로 합니다.	translated	지능 능력치 설명
Invalid Item	잘못된 아이템	translated	아이템 상태 메시지
Inventory		excluded	evt Inventory 엔진 키; 표시명은 별도 데이터에서 처리
Inventory number 	인벤토리 	translated	인벤토리 정렬 메시지 조각
Inventory sorted	인벤토리를 정렬했습니다	translated	인벤토리 정렬 메시지
Invisible		excluded	ObjList/이벤트 구조 필드; 표시 문자열 아님
It looks like you've never tried the Endless Waves mode before. In this mode, waves of enemies will keep appearing, growing stronger over time. Everytime you clear a level, your progress is saved, and you can start from the latest checkpoint. Prepare yourself for a relentless challenge!	끝없는 파도 모드는 처음인 것 같군요. 이 모드에서는 적의 무리가 계속 나타나며 시간이 갈수록 강해집니다. 레벨을 하나 클리어할 때마다 진행 상황이 저장되고, 가장 최근 체크포인트에서 다시 시작할 수 있습니다. 끝없는 도전에 대비하십시오!	translated	끝없는 투기장 안내
It's a trap!	함정이다!	translated	맵 이벤트 메시지
It's an ambush!	매복이다!	translated	맵 이벤트 메시지
Item	아이템	translated	upstream 26cf80b display/context review
item id; ItemsTxt.High > 2200		excluded	26cf80b context audited: protocol/save/resource identifier, scheduler/pipeline ID, developer schema/log or formatting template; display label localized separately where needed
Item power reached its limit	아이템 위력이 한계에 도달했습니다	translated	제작 상태 메시지
Item power reached the limit for your level (	현재 레벨에서 가능한 아이템 위력의 한계에 도달했습니다 (	translated	upstream 26cf80b review
Item quality reached its limit	아이템 품질이 한계에 도달했습니다	translated	upstream 26cf80b review
item struct, 0x24 bytes:		excluded	26cf80b context audited: protocol/save/resource identifier, scheduler/pipeline ID, developer schema/log or formatting template; display label localized separately where needed
item-refresh		excluded	26cf80b context audited: protocol/save/resource identifier, scheduler/pipeline ID, developer schema/log or formatting template; display label localized separately where needed
ItemFields		excluded	26cf80b context audited: protocol/save/resource identifier, scheduler/pipeline ID, developer schema/log or formatting template; display label localized separately where needed
ItemFound		excluded	26cf80b context audited: protocol/save/resource identifier, scheduler/pipeline ID, developer schema/log or formatting template; display label localized separately where needed
ItemLevel		excluded	26cf80b context audited: protocol/save/resource identifier, scheduler/pipeline ID, developer schema/log or formatting template; display label localized separately where needed
items-artifact-base-stats		excluded	26cf80b context audited: protocol/save/resource identifier, scheduler/pipeline ID, developer schema/log or formatting template; display label localized separately where needed
items-artifact-scaling		excluded	26cf80b context audited: protocol/save/resource identifier, scheduler/pipeline ID, developer schema/log or formatting template; display label localized separately where needed
items-enchant-stats		excluded	26cf80b context audited: protocol/save/resource identifier, scheduler/pipeline ID, developer schema/log or formatting template; display label localized separately where needed
items-fire-aura		excluded	26cf80b context audited: protocol/save/resource identifier, scheduler/pipeline ID, developer schema/log or formatting template; display label localized separately where needed
items-level-requirement		excluded	26cf80b context audited: protocol/save/resource identifier, scheduler/pipeline ID, developer schema/log or formatting template; display label localized separately where needed
items-stat-compare		excluded	26cf80b context audited: protocol/save/resource identifier, scheduler/pipeline ID, developer schema/log or formatting template; display label localized separately where needed
Jadam		excluded	26cf80b context audited: protocol/save/resource identifier, scheduler/pipeline ID, developer schema/log or formatting template; display label localized separately where needed
Jadame	제이덤	translated	MMMerge PO 정확 일치 + 표시 문맥 확인
jmp absolute 0x%X		excluded	26cf80b context audited: protocol/save/resource identifier, scheduler/pipeline ID, developer schema/log or formatting template; display label localized separately where needed
Join request rejected: 	참가 요청 거부: 	translated	upstream 26cf80b review
JoiningLobby		excluded	26cf80b context audited: protocol/save/resource identifier, scheduler/pipeline ID, developer schema/log or formatting template; display label localized separately where needed
Killing a Monster restores %s%% of Health and %s%% of Mana, counted on the pool left after buffs reserve theirs	몬스터를 처치하면 체력의 %s%%와 마나의 %s%%를 회복합니다. 강화 효과가 마나를 점유한 뒤 남은 수치를 기준으로 계산합니다	translated	upstream 26cf80b display/context review
Killing a monster restores 10 energy	몬스터 처치 시 에너지 10을 회복합니다	translated	스킬 숙련 효과
Killing a Monster Restores 10% of Health and 5% of Mana	몬스터 처치 시 생명력의 10%와 주문력의 5%를 회복합니다	translated	upstream 26cf80b review
Killing a Monster Restores 10% of Health and Mana	몬스터를 처치하면 생명력과 마나를 10% 회복합니다	translated	전설 아이템 효과
Killing a monster restores 15 energy	몬스터 처치 시 에너지 15를 회복합니다	translated	스킬 숙련 효과
Killing a monster restores 20 energy	몬스터 처치 시 에너지 20을 회복합니다	translated	스킬 숙련 효과
Killing a monster restores 25 energy	몬스터 처치 시 에너지 25를 회복합니다	translated	스킬 숙련 효과
Killing a monster with a single-target attack halves the recovery time	단일 대상 공격으로 몬스터를 처치하면 회복 시간이 절반으로 줄어듭니다	translated	전설 아이템 효과
Knights only	기사 전용	translated	upstream 26cf80b review
Launches a burst of fire at a single target.  Damage is %s+1-%s points of damage per point of skill in Fire Magic.   Firebolt is safe, effective and has a low casting cost.	단일 대상에게 화염탄을 발사합니다. 피해량은 %s + 화염 마법 기술 포인트당 1-%s입니다. 화염탄은 안전하고 효율적이며 주문 소모가 적습니다.	translated	화염탄 주문 설명
Launches a magical stone which bursts in air, sending shards of explosive earth raining to the ground.  The damage is 1-%s per point of skill in Earth Magic for each shard.  This spell can only be used outdoors.	마법의 돌을 공중에서 폭발시켜 폭발성 대지 파편을 비처럼 떨어뜨립니다. 파편 하나당 피해량은 대지 마법 기술 포인트당 1-%s입니다. 야외에서만 사용할 수 있습니다.	translated	죽음의 꽃 주문 설명
Learned 	습득: 	translated	습득 메시지 조각
Leather armor is the lightest armor a character can wear.  While leather provides less protection than chain or plate armor, it also slows your character down the least.\n\nLeather Armor Skill boosts the AC and Resistances gained by ALL armors when equipping a Leather Armor by a percent amount.	가죽 갑옷은 착용할 수 있는 가장 가벼운 방어구입니다. 사슬이나 판금 갑옷보다 보호력은 낮지만 행동 속도 감소도 가장 적습니다.\n\n가죽 갑옷을 장비하면 가죽 갑옷 기술이 모든 방어구에서 얻는 방어력과 저항을 일정 비율만큼 높입니다.	translated	가죽 갑옷 기술 설명
Leech 10% of magical damage, increases cast speed (does not stack)	마법 피해의 10%만큼 생명력을 흡수하며 시전 속도가 증가합니다 (중첩 불가)	translated	upstream 26cf80b review
Leech 10% of magical damage, increases cast speed (does not stack).	마법 피해의 10%를 흡수하고 시전 속도를 높입니다(중첩되지 않음).	translated	upstream 26cf80b display/context review
Leech 10% of physical and magical damage	물리·마법 피해의 10%만큼 생명력을 흡수합니다	translated	upstream 26cf80b review
Leech 10% of physical damage, increases attack speed	물리 피해의 10%만큼 생명력을 흡수하며 공격 속도가 증가합니다	translated	upstream 26cf80b review
Leech also restores Mana, but its effect is halved	흡수가 마나도 회복하지만 효과는 절반으로 감소합니다	translated	전설 아이템 효과
Leech amount increased by 50%	흡수량 50% 증가	translated	주문 숙련 설명
Leech overhealing heals the most injured party member instead	흡수로 발생한 초과 회복량은 대신 가장 많이 다친 파티원을 회복합니다	translated	전설 아이템 효과
Leech reduced by 	흡수량 감소: 	translated	지도 어픽스 설명 조각
Leeches 	생명력 흡수: 	translated	연결형 흡혈 설명
legendaries		excluded	26cf80b context audited: protocol/save/resource identifier, scheduler/pipeline ID, developer schema/log or formatting template; display label localized separately where needed
legendaries-and-shields		excluded	26cf80b context audited: protocol/save/resource identifier, scheduler/pipeline ID, developer schema/log or formatting template; display label localized separately where needed
Legendary 	전설의 	translated	아이템 등급 접두어
Legendary power saves you from lethal damage	전설의 힘이 치명적인 피해로부터 당신을 구했습니다	translated	전투 상태 메시지
legendaryAffixDropped		excluded	26cf80b context audited: protocol/save/resource identifier, scheduler/pipeline ID, developer schema/log or formatting template; display label localized separately where needed
legendaryPityCounter		excluded	26cf80b context audited: protocol/save/resource identifier, scheduler/pipeline ID, developer schema/log or formatting template; display label localized separately where needed
Let's get started!	시작하지!	translated	투기장 NPC 대사
Level 	레벨 	translated	아레나 완료 메시지 조각
Level:          	레벨:          	translated	몬스터 감정창; 정렬 공백 보존
LevelBase		excluded	26cf80b context audited: protocol/save/resource identifier, scheduler/pipeline ID, developer schema/log or formatting template; display label localized separately where needed
Liches only	리치 전용	translated	upstream 26cf80b review
LichFix		excluded	26cf80b context audited: protocol/save/resource identifier, scheduler/pipeline ID, developer schema/log or formatting template; display label localized separately where needed
Lifedrain allows the vampire to damage his or her target and simultaneously heal based on the damage done in the Lifedrain.  This ability does 1-%s points of damage per skill.	흡혈은 뱀파이어가 대상에게 피해를 주는 동시에, 입힌 피해에 따라 자신을 회복하게 합니다. 피해량은 기술 포인트당 1-%s입니다.	translated	흡혈 능력 설명
light		excluded	마법 계열 내부 조회용 소문자 키
Light Magic Book	빛 마법서	translated	마법서 이름
Light Magic Skill +	빛 마법 기술 +	translated	아이템 마법부여 기술 보너스
Lightning Bolt discharges electricity from the caster's hand to a single target.  It always hits and does %s points plus 1-%s points of damage per point of skill in Air Magic.\n\nThe spell then arcs to a second target, hitting it as well.	번개 화살은 시전자의 손에서 대상 하나에게 전기를 방출합니다. 항상 명중하며 공기 마법 기술 포인트당 %s + 1-%s의 피해를 줍니다.\n\n그 후 번개가 두 번째 대상으로 튀어 추가로 명중합니다.	translated	번개 화살 주문 설명
Lightning Bolt discharges electricity from the caster's hand to a single target.  It always hits and does %s%% of a melee attack damage.\n\nThe spell then arcs to a second target, hitting it as well.	번개 화살은 시전자의 손에서 대상 하나에게 전기를 방출합니다. 항상 명중하며 근접 공격 피해의 %s%%만큼 피해를 줍니다.\n\n그 후 번개가 두 번째 대상으로 튀어 추가로 명중합니다.	translated	암살자 번개 화살 설명
Loading now will count as death, are you sure to proceed?	지금 불러오면 사망으로 처리됩니다. 계속하시겠습니까?	translated	난이도 경고 메시지
Locate item	아이템 찾기	translated	텔레로케이터 NPC 토픽
Locate monster	몬스터 찾기	translated	텔레로케이터 NPC 토픽
Locate person	사람 찾기	translated	텔레로케이터 NPC 토픽
Longsword	장검	translated	미감정 아이템 이름
LookAngle		excluded	26cf80b context audited: protocol/save/resource identifier, scheduler/pipeline ID, developer schema/log or formatting template; display label localized separately where needed
Loot Filter	전리품 필터	translated	MAW 설정 화면 헤더
Luck	운	translated	기존 MMMerge 능력치 용어
Lunar Shard	달의 파편	translated	제작 보석 상태 메시지
M&M6 Projectiles	M&M6 투사체	translated	MAW 설정 화면 헤더
M/R/S:%s/%s/%s\n\n\n\n\n\n\n	근/원/주:%s/%s/%s\n\n\n\n\n\n\n	translated	근접/원거리/주문 위력 요약; 자리표시자 보존
M/R:%s/%s\n\n\n\n\n\n\n	근/원:%s/%s\n\n\n\n\n\n\n	translated	근접/원거리 위력 요약; 자리표시자 보존
Mace	철퇴	translated	미감정 무기 이름
mace stun/paralyze chance		excluded	26cf80b context audited: protocol/save/resource identifier, scheduler/pipeline ID, developer schema/log or formatting template; display label localized separately where needed
Mad.	광란	translated	Madness 난이도 표시 라벨
Madness is not a place for cowards	광란은 겁쟁이가 올 곳이 아닙니다	translated	QA: Madness=광란, Insanity=광기로 구분
magic		excluded	26cf80b context audited: protocol/save/resource identifier, scheduler/pipeline ID, developer schema/log or formatting template; display label localized separately where needed
Magic\01200000\t070	마법\01200000\t070	translated	저항 표시; 제어 코드 보존
magicResistancePotionExpire		excluded	26cf80b context audited: protocol/save/resource identifier, scheduler/pipeline ID, developer schema/log or formatting template; display label localized separately where needed
MagicSkills		excluded	26cf80b context audited: protocol/save/resource identifier, scheduler/pipeline ID, developer schema/log or formatting template; display label localized separately where needed
Mana cost reduced by 12.5%.	마나 소모량 12.5% 감소.	translated	승천 숙련 효과
Mana cost reduced by 25%	마나 소모량 25% 감소	translated	승천 숙련 효과
Mana cost reduced by 37.5%	마나 소모량 37.5% 감소	translated	승천 숙련 효과
Mana cost reduced by 50%	마나 소모량 50% 감소	translated	승천 숙련 효과
Mana is increased by %s%% per skill level, cost divisor increased by %s	기술 레벨당 마나가 %s%% 증가하고, 비용 제수가 %s 증가합니다	translated	upstream 26cf80b display/context review
Mana is increased by 2% per skill level, cost divisor increased by 0.5	기술 레벨당 마나가 2% 증가하고 소모 비용 제수가 0.5 증가합니다	translated	깨달음 숙련 효과
Mana is increased by 3% per skill level, cost divisor increased by 1	기술 레벨당 마나가 3% 증가하고 소모 비용 제수가 1 증가합니다	translated	깨달음 숙련 효과
Mana is increased by 4% per skill level, cost divisor increased by 1.5	기술 레벨당 마나가 4% 증가하고 소모 비용 제수가 1.5 증가합니다	translated	깨달음 숙련 효과
Mana is increased by 5% per skill level, cost divisor increased by 2	기술 레벨당 마나가 5% 증가하고 소모 비용 제수가 2 증가합니다	translated	깨달음 숙련 효과
Mana Potion has %s seconds of cooldown remaining	마나 물약 재사용 대기시간이 %s초 남았습니다	translated	물약 재사용 대기시간
Mana Potion restores %s mana	마나 물약으로 마나 %s 회복	translated	물약 회복 메시지
Mana Shield	마나 방패	translated	MAW 방어 스킬명
Mana shield consume mana to reduce damage when an hit would take you below a certain threshold.\n\nIf available, Expert, Master and Grandmaster is learned at skill 	마나 방패는 공격으로 생명력이 일정 기준 아래로 떨어질 때 주문력을 소모하여 피해를 줄입니다.\n\n습득 가능한 경우 전문가·마스터·그랜드마스터의 요구 기술 레벨: 	translated	upstream 26cf80b review
Mana shield consume mana to reduce damage when an hit would take you below a certain threshold.\n\nIf available, Expert, Master and Grandmaster is learned at skill 6-12-20 (8-20-32 in insanity mode).\n\nMastery increase its mana efficience.\n	마나 방패는 공격을 받아 생명력이 일정 기준 아래로 내려가려 할 때 마나를 소모하여 피해를 줄입니다.\n\n가능한 경우 전문가, 마스터, 그랜드마스터 단계는 기술 레벨 6-12-20에서 습득합니다(광기 모드에서는 8-20-32).\n\n숙련도가 높을수록 마나 효율이 증가합니다.\n	translated	마나 방패 기술 설명
Mana shield consume mana to reduce damage when an hit would take you below a certain threshold.\n\nIf available, Expert, Master and Grandmaster is learned at skill 6-12-20.\n\nMastery increase its mana efficience.\n	마나 방패는 공격을 받아 생명력이 일정 기준 아래로 내려가려 할 때 마나를 소모하여 피해를 줄입니다.\n\n가능한 경우 전문가, 마스터, 그랜드마스터 단계는 기술 레벨 6-12-20에서 습득합니다.\n\n숙련도가 높을수록 마나 효율이 증가합니다.\n	translated	마나 방패 설명 6-12-20
Mana shield consume mana to reduce damage when an hit would take you below a certain threshold.\n\nIf available, Expert, Master and Grandmaster is learned at skill 8-20-32.\n\nMastery increase its mana efficience.\n	마나 방패는 공격을 받아 생명력이 일정 기준 아래로 내려가려 할 때 마나를 소모하여 피해를 줄입니다.\n\n가능한 경우 전문가, 마스터, 그랜드마스터 단계는 기술 레벨 8-20-32에서 습득합니다.\n\n숙련도가 높을수록 마나 효율이 증가합니다.\n	translated	마나 방패 설명 8-20-32
Mana Shield Disabled	마나 방패 비활성화	translated	전투 기술 상태 메시지
mana shield efficiency + toggle state		excluded	26cf80b context audited: protocol/save/resource identifier, scheduler/pipeline ID, developer schema/log or formatting template; display label localized separately where needed
Mana Shield Enabled	마나 방패 활성화	translated	전투 기술 상태 메시지
Map		excluded	26cf80b context audited: protocol/save/resource identifier, scheduler/pipeline ID, developer schema/log or formatting template; display label localized separately where needed
Map Completed! You gain 	맵 완료! 획득: 	translated	맵 완료 보상 메시지 조각
Map data reset, press Y to continue...	맵 데이터 초기화 완료. 계속하려면 Y를 누르세요...	translated	맵 데이터 상태 메시지
Map Level: 	지도 레벨: 	translated	지도 아이템 레벨 표시
map-affixes		excluded	26cf80b context audited: protocol/save/resource identifier, scheduler/pipeline ID, developer schema/log or formatting template; display label localized separately where needed
map-affixes-player		excluded	26cf80b context audited: protocol/save/resource identifier, scheduler/pipeline ID, developer schema/log or formatting template; display label localized separately where needed
MAPPED-ADDRESS		excluded	26cf80b context audited: protocol/save/resource identifier, scheduler/pipeline ID, developer schema/log or formatting template; display label localized separately where needed
maps-map-level		excluded	26cf80b context audited: protocol/save/resource identifier, scheduler/pipeline ID, developer schema/log or formatting template; display label localized separately where needed
Margins of tight glyphs that reorder themselves; a thought-lock scrambles the text into riddles unless a Mind disciple aligns it.	여백을 빽빽하게 채운 문양이 스스로 순서를 바꿉니다. 사고의 자물쇠가 글을 수수께끼처럼 뒤섞지만, 정신 마법을 익힌 자라면 올바르게 정렬할 수 있습니다.	translated	정신 마법서 설명
marker bit 22, type bits 16-21, strength bits 0-15; bits 23-30 free. 		excluded	26cf80b context audited: protocol/save/resource identifier, scheduler/pipeline ID, developer schema/log or formatting template; display label localized separately where needed
mass-distortion		excluded	26cf80b context audited: protocol/save/resource identifier, scheduler/pipeline ID, developer schema/log or formatting template; display label localized separately where needed
Master		excluded	전역 번역 금지; SpellPoints/테이블 내부 키 유지, 주문서 표시 occurrence만 scoped 번역
MAW		excluded	모드 고유명사; 번역하지 않음
MAW SETTINGS	MAW 설정	translated	추가 설정 화면 제목
MAW: ALL BUFFS NUKED (SAFE)		excluded	개발자 멀티플레이 디버그 출력
MAW: apply (safe)		excluded	개발자 멀티플레이 디버그 출력
MAW_Fixes port: minimum attack recovery 30 -> 1		excluded	26cf80b context audited: protocol/save/resource identifier, scheduler/pipeline ID, developer schema/log or formatting template; display label localized separately where needed
MAW_Fixes port: skill hint row shows name only		excluded	26cf80b context audited: protocol/save/resource identifier, scheduler/pipeline ID, developer schema/log or formatting template; display label localized separately where needed
MawCore		excluded	26cf80b context audited: protocol/save/resource identifier, scheduler/pipeline ID, developer schema/log or formatting template; display label localized separately where needed
MawMapCompleted		excluded	26cf80b context audited: protocol/save/resource identifier, scheduler/pipeline ID, developer schema/log or formatting template; display label localized separately where needed
mawTranscendence		excluded	26cf80b context audited: protocol/save/resource identifier, scheduler/pipeline ID, developer schema/log or formatting template; display label localized separately where needed
Meditation	명상	translated	주문 이름
Meditation restores 1% more mana for each 1% of your mana reserved by buffs	버프에 할당한 주문력 1%마다 명상의 주문력 회복량이 1% 증가합니다	translated	upstream 26cf80b review
Meditation Skill +	명상 기술 +	translated	아이템 마법부여 기술 보너스
meditation SP regen		excluded	26cf80b context audited: protocol/save/resource identifier, scheduler/pipeline ID, developer schema/log or formatting template; display label localized separately where needed
Melee attack costs 30 energy	근접 공격에 에너지 30을 소모합니다	translated	스킬 숙련 효과
Melee attack costs 35 energy	근접 공격에 에너지 35를 소모합니다	translated	스킬 숙련 효과
Melee attack costs 40 energy	근접 공격에 에너지 40을 소모합니다	translated	스킬 숙련 효과
Melee attack costs 45 energy	근접 공격에 에너지 45를 소모합니다	translated	스킬 숙련 효과
Melee attacks deal an extra 	근접 공격의 추가 피해: 	translated	upstream display review
Melee attacks heal on hit	근접 공격 적중 시 생명력을 회복합니다	translated	스킬 숙련 효과
Melee attacks restore 	근접 공격 시 회복량: 	translated	upstream 26cf80b review
Melee Only	근접 공격 전용	translated	몬스터 정보창 디버프명
Melee Power: %s\nRanged Power: %s\nSpell Power: %s	근접 위력: %s\n원거리 위력: %s\n주문 위력: %s	translated	전투 능력치; 자리표시자 보존
Men only	남성 전용	translated	upstream 26cf80b review
MergeExtraSettings		excluded	CustomUI 화면 내부 ID
Might	힘	translated	MMMerge PO 정확 일치 + 표시 문맥 확인
Might and accuracy enchantments give 40% bonus to intellect and personality. Intellect and personality enchantments give 40% bonus to might and accuracy	힘과 정확도 마법부여는 지력과 인격에 40%의 추가 보너스를 줍니다. 지력과 인격 마법부여는 힘과 정확도에 40%의 추가 보너스를 줍니다	translated	전설 아이템 효과
Mind Magic Book	정신 마법서	translated	마법서 이름
Mind Magic Skill +	정신 마법 기술 +	translated	아이템 마법부여 기술 보너스
Mind Resistance	정신 저항	translated	MMMerge PO 정확 일치 + 표시 문맥 확인
Minotaurs only	미노타우로스 전용	translated	upstream 26cf80b review
Misc	기타	translated	기타 기술 UI
MiscSkills		excluded	26cf80b context audited: protocol/save/resource identifier, scheduler/pipeline ID, developer schema/log or formatting template; display label localized separately where needed
mismatched installation; MAW settings will be unavailable.	설치 버전이 일치하지 않아 MAW 설정을 사용할 수 없습니다.	translated	upstream 26cf80b display/context review
Mistform allows the vampire to reduce physical damage by 75%.  However, a vampire in Mistform cannot perform any physical attacks.  Vampires in Mistform are able to use spells and abilities and are affected by spells and abilities.	안개 형상은 뱀파이어가 받는 물리 피해를 75% 줄입니다. 대신 안개 형상에서는 물리 공격을 할 수 없습니다. 주문과 능력은 사용할 수 있으며, 주문과 능력의 영향도 정상적으로 받습니다.	translated	안개 형상 설명
"mkdir -p ""%s"" 2>/dev/null"		excluded	POSIX 디렉터리 생성 명령
Mode		excluded	설정 저장/게임 필드 이름
monster	몬스터	translated	현상금 UI의 몬스터 이름 fallback
Monster looses the ability to deal ranged damage	몬스터가 원거리 공격 능력을 잃습니다	translated	주문 숙련 설명; 원문 오탈자
Monster slows by 1/2 of speed	몬스터의 속도가 50% 감소합니다	translated	주문 숙련 설명
Monster slows by 1/4 of speed	몬스터의 속도가 25% 감소합니다	translated	주문 숙련 설명
monster-hp		excluded	26cf80b context audited: protocol/save/resource identifier, scheduler/pipeline ID, developer schema/log or formatting template; display label localized separately where needed
monster-vs-monster		excluded	26cf80b context audited: protocol/save/resource identifier, scheduler/pipeline ID, developer schema/log or formatting template; display label localized separately where needed
MonsterChooseAction		excluded	이벤트 디스패치 이름
monsterCounters		excluded	26cf80b context audited: protocol/save/resource identifier, scheduler/pipeline ID, developer schema/log or formatting template; display label localized separately where needed
MonsterHP		excluded	26cf80b context audited: protocol/save/resource identifier, scheduler/pipeline ID, developer schema/log or formatting template; display label localized separately where needed
Monsters are weakened and can no longer resurrect	몬스터들이 약화되어 더 이상 부활할 수 없습니다	translated	던전 상태 메시지
Monsters deal 	몬스터가 	translated	지도 어픽스 설명 조각
Monsters have 	몬스터: 	translated	지도 어픽스 설명 조각
Monsters reflect 	몬스터가 	translated	지도 어픽스 설명 조각
Monsters regenerate 	몬스터가 초당 	translated	지도 어픽스 설명 조각
Monsters resistances are increased by 	몬스터 저항 증가: 	translated	지도 어픽스 설명 조각
Monsters swarming...	몬스터들이 몰려옵니다...	translated	맵 이벤트 메시지
monsters/death-counter-ui		excluded	26cf80b context audited: protocol/save/resource identifier, scheduler/pipeline ID, developer schema/log or formatting template; display label localized separately where needed
monsters/death-seed-timeout		excluded	26cf80b context audited: protocol/save/resource identifier, scheduler/pipeline ID, developer schema/log or formatting template; display label localized separately where needed
monsters/restore-projectiles		excluded	26cf80b context audited: protocol/save/resource identifier, scheduler/pipeline ID, developer schema/log or formatting template; display label localized separately where needed
monsters/swift-bosses		excluded	26cf80b context audited: protocol/save/resource identifier, scheduler/pipeline ID, developer schema/log or formatting template; display label localized separately where needed
monsters/turnbased-move-limit		excluded	26cf80b context audited: protocol/save/resource identifier, scheduler/pipeline ID, developer schema/log or formatting template; display label localized separately where needed
monsterSeeds		excluded	26cf80b context audited: protocol/save/resource identifier, scheduler/pipeline ID, developer schema/log or formatting template; display label localized separately where needed
MonsterShuffleList		excluded	26cf80b context audited: protocol/save/resource identifier, scheduler/pipeline ID, developer schema/log or formatting template; display label localized separately where needed
Mountain Man	산사람	translated	Game.PlaceMonTxt 몬스터명
mov ecx, [ebp-0x14]\n		excluded	26cf80b context audited: protocol/save/resource identifier, scheduler/pipeline ID, developer schema/log or formatting template; display label localized separately where needed
mov edi, [esi+0x24]\n		excluded	26cf80b context audited: protocol/save/resource identifier, scheduler/pipeline ID, developer schema/log or formatting template; display label localized separately where needed
MP object sync ids -- never route those through the enc2 accessors		excluded	26cf80b context audited: protocol/save/resource identifier, scheduler/pipeline ID, developer schema/log or formatting template; display label localized separately where needed
multibag-buttons		excluded	26cf80b context audited: protocol/save/resource identifier, scheduler/pipeline ID, developer schema/log or formatting template; display label localized separately where needed
multibag/buttons		excluded	26cf80b context audited: protocol/save/resource identifier, scheduler/pipeline ID, developer schema/log or formatting template; display label localized separately where needed
N/A		excluded	통용 약어이므로 원문 유지
Naga Empress	나가 여제	translated	Game.PlaceMonTxt 몬스터명
Name:       	이름:       	translated	upstream 26cf80b display/context review
Necromancers and Liches only	강령술사 및 리치 전용	translated	upstream 26cf80b review
Negative drain life: 	역방향 생명 흡수: 	translated	upstream 26cf80b display/context review
Night\nmare	악몽	translated	난이도
No additional effects	추가 효과 없음	translated	주문 숙련 설명
No alchemy preference when sorting	정렬 시 연금술 우선 대상 없음	translated	인벤토리 정렬 설정
No bonus at this rank	이 숙련도에서는 보너스가 없습니다	translated	upstream 26cf80b display/context review
No enchants	마법 부여 없음	translated	제작 상태 메시지
no enchants		excluded	upgradeGem 반환 sentinel; 실제 표시문 No enchants와 별도
No gem to upgrade	업그레이드할 보석이 없습니다	translated	제작 상태 메시지
No other completed dungeon to move this map to	이 지도를 옮길 수 있는 다른 완료된 던전이 없습니다	translated	upstream 26cf80b review
no relay access	중계 서버에 접속할 수 없습니다	translated	upstream 26cf80b display/context review
No, no -- you will still need that %24. Come back once the task it is for is done.	안 됩니다. 그 %24은 아직 필요할 겁니다. 관련 일을 마치고 다시 오세요.	translated	Reviewed quest item refusal; keep engine %24 token
Noises from the throne room	왕좌실에서 소리가 들려옵니다	translated	맵 이벤트 메시지
Norm.	보통	translated	난이도 축약 표시
Normal	보통	translated	게임 모드/난이도
Not enough disarm skill	함정 해제 기술이 부족합니다	translated	아이템 상태 메시지
Not enough food	식량이 부족합니다	translated	게임 상태 메시지
Not enough gold.	금화가 부족합니다.	translated	메시지
Not enough Hit Points	생명력이 부족합니다	translated	주문 상태 메시지
Not enough Mana	마나가 부족합니다	translated	주문 상태 메시지
Novice	초보	translated	주문서 요구 숙련도 표시
NPC %d	NPC %d	translated	NPC 패널 라벨; 자리표시자 보존
NPC PANEL	NPC 패널	translated	키 바인딩 라벨
OFF-LIMITS by user decision		excluded	26cf80b context audited: protocol/save/resource identifier, scheduler/pipeline ID, developer schema/log or formatting template; display label localized separately where needed
oldPlayerMasteries		excluded	26cf80b context audited: protocol/save/resource identifier, scheduler/pipeline ID, developer schema/log or formatting template; display label localized separately where needed
omnipotent		excluded	보스 생성 확률 분기용 소문자 내부 토큰
Omnipotent		excluded	보스 로직 canonical 토큰은 영어 유지; 생성 overlay에서 [전능] 표시 + GetMawBossSkill 역변환
on poke only		excluded	26cf80b context audited: protocol/save/resource identifier, scheduler/pipeline ID, developer schema/log or formatting template; display label localized separately where needed
Only weapons and armor can be refined	무기와 방어구만 정련할 수 있습니다	translated	upstream 26cf80b review
Open lobby	로비 열기	translated	upstream 26cf80b review
Operable		excluded	26cf80b context audited: protocol/save/resource identifier, scheduler/pipeline ID, developer schema/log or formatting template; display label localized separately where needed
Option 1		excluded	CustomSwitch 미사용 기본 옵션 placeholder
Option 2		excluded	CustomSwitch 미사용 기본 옵션 placeholder
Oracle's Orb is a mysterious and powerful artifact, a large, purple orb with a haunting face suspended within its core. This enigmatic relic is known for storing legendary abilities upon items it enchants.\n\n Adds the following legendary power to an item:	오라클의 오브는 중심부에 섬뜩한 얼굴이 떠 있는 크고 보랏빛인 신비롭고 강력한 유물입니다. 이 수수께끼의 유물은 자신이 마법부여한 아이템에 전설 능력을 저장하는 것으로 알려져 있습니다.\n\n다음 전설 능력을 아이템에 부여합니다:	translated	오라클의 오브 아이템 설명
Oracle's Orb is a mysterious and powerful artifact, a large, purple orb with a haunting face suspended within its core. This enigmatic relic is known for storing legendary abilities upon items it enchants.\n\nAdds the following legendary power to an item:	오라클의 오브는 중심부에 섬뜩한 얼굴이 떠 있는 크고 보랏빛인 신비롭고 강력한 유물입니다. 이 수수께끼의 유물은 자신이 마법부여한 아이템에 전설 능력을 저장하는 것으로 알려져 있습니다.\n\n다음 전설 능력을 아이템에 부여합니다:	translated	오라클의 오브 설명
Oracle's Orb is a mysterious and powerful artifact, a large, purple orb with a haunting face suspended within its core. This enigmatic relic is known for storing legendary abilities upon items it enchants.\n\nRight click a legendary item to store its power	오라클의 오브는 중심부에 섬뜩한 얼굴이 떠 있는 크고 보랏빛인 신비롭고 강력한 유물입니다. 이 수수께끼의 유물은 자신이 마법부여한 아이템에 전설 능력을 저장하는 것으로 알려져 있습니다.\n\n전설 아이템을 우클릭하면 그 능력을 저장합니다.	translated	오라클의 오브 설명
Orb of Creation	창조의 구체	translated	제작 아이템 이름
OriginalItemOrder		excluded	26cf80b context audited: protocol/save/resource identifier, scheduler/pipeline ID, developer schema/log or formatting template; display label localized separately where needed
other player	다른 플레이어	translated	upstream 26cf80b display/context review
Other players in house:	집 안의 다른 플레이어:	translated	멀티플레이 집 UI
Out of range	사정거리 밖입니다	translated	전투 기술 상태 메시지
Overhealing reduces recovery time equal to half overhealing amount	초과 회복량의 절반만큼 회복 시간을 감소시킵니다	translated	전설 아이템 효과
Overhealing refunds mana	초과 회복 시 마나를 돌려받습니다	translated	전설 아이템 효과
pain-reflection-flag		excluded	26cf80b context audited: protocol/save/resource identifier, scheduler/pipeline ID, developer schema/log or formatting template; display label localized separately where needed
Pandora's Cube	판도라의 큐브	translated	제작 아이템 이름
Pandora's Cube refines the base damage of a weapon or the base armor of a piece of armor, up to 	판도라의 큐브는 무기의 기본 피해나 방어구의 기본 방어력을 정련합니다. 아이템 본래 가치 대비 최대 증가율: 	translated	upstream 26cf80b review
Paralysis	마비	translated	몬스터 정보창 상태명
paralysis	마비	translated	면역 발동 상태 메시지의 동적 상태명
Paralysis and fear Immunity	마비 및 공포 면역	translated	특수 아이템 효과 설명
Paralysis Immunity	마비 면역	translated	물약 효과 상태 메시지
Paralyze	마비	translated	몬스터 정보창 디버프명
party		excluded	26cf80b context audited: protocol/save/resource identifier, scheduler/pipeline ID, developer schema/log or formatting template; display label localized separately where needed
Party missing %s food to start rest.	휴식을 시작하려면 식량이 %s 더 필요합니다.	translated	upstream 26cf80b display/context review
Password:   	비밀번호:   	translated	upstream 26cf80b display/context review
Pearl of Memory	기억의 진주	translated	제작 아이템 이름
Permanently adds 'of Darkness' property to a non-magic weapon.\nRequire 100 power to work.\n	마법이 부여되지 않은 무기에 '어둠의' 속성을 영구적으로 추가합니다.\n작동하려면 위력 100이 필요합니다.\n	translated	물약 효과 툴팁
Permanently adds 20 per 50 potion power to permanent Endurance, Speed and Luck.\nPreviously gained bonus do not stack.\n	물약 위력 50마다 지구력, 속도, 행운에 영구적으로 20을 추가합니다.\n이전에 얻은 보너스와 중첩되지 않습니다.\n	translated	QA: Endurance=지구력 용어 통일
Permanently adds 20 per 50 potion power to permanent Intellect and Wisdom.\nPreviously gained bonus do not stack.\n	물약 위력 50마다 지성과 인격에 영구적으로 20을 추가합니다.\n이전에 얻은 보너스와 중첩되지 않습니다.\n	translated	QA: 실제 blackPermanentBuffs[253]은 Intellect+Personality(2,3); 원문 Wisdom 표기는 MAW 4.5 설명 오기
Permanently adds 20 per 50 potion power to permanent Might and Accuracy.\nPreviously gained bonus do not stack.\n	물약 위력 50마다 힘과 정확도에 영구적으로 20을 추가합니다.\n이전에 얻은 보너스와 중첩되지 않습니다.\n	translated	물약 효과 툴팁
Permanently adds 30 per 50 potion power to Fire, Air, Water and Earth Resistance, single-use.\nRequire 50 power per step to work.\nPreviously gained bonus do not stack.\n	물약 위력 50마다 화염, 공기, 물, 대지 저항에 영구적으로 30을 추가합니다. 한 번만 사용할 수 있습니다.\n단계마다 작동하려면 위력 50이 필요합니다.\n이전에 얻은 보너스와 중첩되지 않습니다.\n	translated	물약 효과 툴팁
Permanently adds 30 per 50 potion power to Mind and Body Resistance, single-use.\nRequire 50 power per step to work.\nPreviously gained bonus do not stack.\n	물약 위력 50마다 정신 및 육체 저항에 영구적으로 30을 추가합니다. 한 번만 사용할 수 있습니다.\n단계마다 작동하려면 위력 50이 필요합니다.\n이전에 얻은 보너스와 중첩되지 않습니다.\n	translated	물약 효과 툴팁
Permanently adds a random tier 3 elemental damage enchant to a weapon.\nRequire 50 power to work.\n	무기에 무작위 3단계 원소 피해 마법부여를 영구적으로 추가합니다.\n작동하려면 위력 50이 필요합니다.\n	translated	물약 효과 툴팁
Permanently grants 	영구적으로 부여하는 양: 	translated	upstream 26cf80b review
Permanently grants Skill Points.	기술 포인트를 영구적으로 부여합니다.	translated	upstream 26cf80b review
Permanently grants Skill Points. Requires 	기술 포인트를 영구적으로 부여합니다. 단계당 필요한 물약 위력: 	translated	upstream 26cf80b review
Personality	인격	translated	MMMerge PO 정확 일치 + 표시 문맥 확인
Personality represents both a character's strength of will and personal charm. Maximum spell points, Mana cost and Healing Power are based on Personality.	인격은 의지력과 개인적인 매력을 모두 나타냅니다. 최대 주문력, 마나 비용, 회복 위력은 인격을 기반으로 합니다.	translated	인격 능력치 설명
Petrify Immunity	석화 면역	translated	물약 효과 상태 메시지
Pic		excluded	몬스터 Picture 필드 조합용 내부 키 조각
pipeline %s/%s: handler %s already registered		excluded	26cf80b context audited: protocol/save/resource identifier, scheduler/pipeline ID, developer schema/log or formatting template; display label localized separately where needed
pipeline %s:		excluded	26cf80b context audited: protocol/save/resource identifier, scheduler/pipeline ID, developer schema/log or formatting template; display label localized separately where needed
pipeline %s: no stage %s (registering %s)		excluded	26cf80b context audited: protocol/save/resource identifier, scheduler/pipeline ID, developer schema/log or formatting template; display label localized separately where needed
pipeline %s: stage %s already exists		excluded	26cf80b context audited: protocol/save/resource identifier, scheduler/pipeline ID, developer schema/log or formatting template; display label localized separately where needed
Placeholder name with class and condition	플레이어 이름·직업·상태	translated	upstream 26cf80b review
Plate armor is the heaviest armor type.  It provides the most protection, but it slows your character down more than leather or chain.\n\nPlate Armor Skill boosts the AC and Resistances gained by ALL armors when equipping a Plate Armor by a percent amount.	판금 갑옷은 가장 무거운 방어구입니다. 가장 높은 보호력을 제공하지만 가죽이나 사슬 갑옷보다 행동을 더 느리게 만듭니다.\n\n판금 갑옷을 장비하면 판금 갑옷 기술이 모든 방어구에서 얻는 방어력과 저항을 일정 비율만큼 높입니다.	translated	판금 갑옷 기술 설명
Player	플레이어	translated	멀티플레이 기본 이름
player		excluded	26cf80b context audited: protocol/save/resource identifier, scheduler/pipeline ID, developer schema/log or formatting template; display label localized separately where needed
Player %s left the game.	플레이어 %s님이 게임을 떠났습니다.	translated	멀티플레이 상태 메시지
Player must be active to consume the potion	물약을 마시려면 해당 캐릭터가 활성 상태여야 합니다	translated	물약 상태 메시지
Player must be in 'touch' range to have item applied.	아이템을 사용하려면 플레이어가 접촉 거리 안에 있어야 합니다.	translated	upstream 26cf80b review
PlayerAC		excluded	보정 공식 내부 키
Players armor reduced by 	플레이어 방어력 감소: 	translated	지도 어픽스 설명 조각
Players attack speed reduced by 	플레이어 공격 속도 감소: 	translated	지도 어픽스 설명 조각
Players critical chance reduced by 	플레이어 치명타 확률 감소: 	translated	지도 어픽스 설명 조각
Players critical damage reduced by 	플레이어 치명타 피해 감소: 	translated	지도 어픽스 설명 조각
Players have a 	플레이어는 	translated	지도 어픽스 설명 조각
Players HP/SP regen reduced by 	플레이어 생명력/주문력 재생 감소: 	translated	지도 어픽스 설명 조각
Players magic damage reduced by 	플레이어 마법 피해 감소: 	translated	지도 어픽스 설명 조각
Players movement speed reduced by 	플레이어 이동 속도 감소: 	translated	지도 어픽스 설명 조각
Players physical damage reduced by 	플레이어 물리 피해 감소: 	translated	지도 어픽스 설명 조각
Players resistances reduced by 	플레이어 저항 감소: 	translated	지도 어픽스 설명 조각
Players spell recovery speed increased by 	플레이어 주문 회복 속도 증가: 	translated	지도 어픽스 설명 조각
Players: %d / %d	플레이어: %d / %d	translated	upstream 26cf80b review
poison	독	translated	면역 발동 상태 메시지의 동적 상태명
Poison	독	translated	upstream 26cf80b display/context review
Poison 1	독 1	translated	몬스터 정보창 상태명
Poison 2	독 2	translated	몬스터 정보창 상태명
Poison 3	독 3	translated	몬스터 정보창 상태명
Poison and weakness Immunity	독 및 약화 면역	translated	특수 아이템 효과 설명
Poison Immunity	독 면역	translated	물약 효과 상태 메시지
Poison\01200000\t070	중독\01200000\t070	translated	저항 표시; 제어 코드 보존
Poisoning is the art of mastering toxins through self-experimentation, transforming suffering into vitality. Higher skill levels increase your energy regeneration.\n\nEach attack deals bonus water damage equal to 0.1% of the target's HP per skill point.\n\n	독은 스스로 독을 시험하며 독성을 다루는 법을 익혀 고통을 활력으로 바꾸는 기술입니다. 기술 레벨이 높을수록 에너지 재생이 증가합니다.\n\n공격할 때마다 기술 포인트당 대상 생명력의 0.1%에 해당하는 추가 물 피해를 줍니다.\n\n	translated	독 기술 설명
Poisons	독	translated	암살자 스킬명
POST /NewLog HTTP/1.1\r\n		excluded	26cf80b context audited: protocol/save/resource identifier, scheduler/pipeline ID, developer schema/log or formatting template; display label localized separately where needed
Potion Bottle	물약병	translated	미감정 아이템 이름
Potion Deleted in Austerity	절제 모드에서 삭제된 물약	translated	내부 대체 아이템 표시명
Potion Deleted in MAW	MAW에서 삭제된 물약	translated	내부 대체 아이템 표시명
PotionBuffs		excluded	26cf80b context audited: protocol/save/resource identifier, scheduler/pipeline ID, developer schema/log or formatting template; display label localized separately where needed
Power: 	위력: 	translated	아이템 툴팁
Premature ageing	조기 노화	translated	몬스터 정보창 상태명
premature ageing	조기 노화	translated	면역 발동 상태 메시지의 동적 상태명
Press alt to show craftable stats	제작 가능한 능력치를 보려면 Alt를 누르세요	translated	아이템 툴팁
Press R to refresh new items (20000 gold)	새 아이템 갱신: R (20,000 금화)	translated	상점 갱신 안내
Prevents drowning damage for 6 hours.\nRequire 20 power to work.\n	6시간 동안 익사 피해를 방지합니다.\n작동하려면 위력 20이 필요합니다.\n	translated	물약 효과 툴팁
Priest of Baa	바의 사제	translated	Game.PlaceMonTxt 몬스터 이름
Primordial 	태고의 	translated	아이템 등급 접두어
primordialPityCounter		excluded	26cf80b context audited: protocol/save/resource identifier, scheduler/pipeline ID, developer schema/log or formatting template; display label localized separately where needed
Protection from Magic affects the entire party at once, granting immunity to certain spells and monster abilities that cause debilitation conditions.  These are:  Poison, Disease, Stone, Paralyze, and Weak.  Every time this spell saves a character from an effect, it weakens.  The spell can survive 1 attack per point of skill in body magic up to 10 attacks--after that, Protection from Magic is broken.	마법으로부터의 보호는 파티 전체에 적용되어 일부 주문과 몬스터 능력이 유발하는 약화 상태에 면역을 부여합니다. 대상 상태는 독, 질병, 석화, 마비, 약화입니다. 효과를 한 번 막을 때마다 주문이 약해집니다. 육체 마법 기술 포인트당 1회의 공격을 막을 수 있으며 최대 10회까지 유지되고, 그 뒤에는 효과가 사라집니다.	translated	마법으로부터의 보호 설명
Protection from Magic keeps %s conscious	마법 보호가 %s의 의식을 유지해 줍니다	translated	upstream 26cf80b review
Provides Haste+Heroism+Bless.	신속 + 영웅심 + 축복 효과를 부여합니다.	translated	물약 효과 툴팁
Provides Shield+Stone Skin+Preservation.	방패 + 돌가죽 + 보존 효과를 부여합니다.	translated	QA: Stone Skin=돌가죽 용어 통일
publish		excluded	26cf80b context audited: protocol/save/resource identifier, scheduler/pipeline ID, developer schema/log or formatting template; display label localized separately where needed
puppet-zero		excluded	26cf80b context audited: protocol/save/resource identifier, scheduler/pipeline ID, developer schema/log or formatting template; display label localized separately where needed
Queen Arrived!	여왕이 도착했습니다!	translated	맵 이벤트 메시지
Queen's Diamond	여왕의 다이아몬드	translated	제작 보석 상태 메시지
QuestItem		excluded	26cf80b context audited: protocol/save/resource identifier, scheduler/pipeline ID, developer schema/log or formatting template; display label localized separately where needed
Quick Spell	퀵스펠	translated	Game.GlobalTxt 표시명
Race/Class\\9		excluded	26cf80b context audited: protocol/save/resource identifier, scheduler/pipeline ID, developer schema/log or formatting template; display label localized separately where needed
Race\tClass\tSkill\tmodifier		excluded	26cf80b context audited: protocol/save/resource identifier, scheduler/pipeline ID, developer schema/log or formatting template; display label localized separately where needed
Randomizer		excluded	26cf80b context audited: protocol/save/resource identifier, scheduler/pipeline ID, developer schema/log or formatting template; display label localized separately where needed
RandomizerFixed		excluded	26cf80b context audited: protocol/save/resource identifier, scheduler/pipeline ID, developer schema/log or formatting template; display label localized separately where needed
RandomizerMode		excluded	26cf80b context audited: protocol/save/resource identifier, scheduler/pipeline ID, developer schema/log or formatting template; display label localized separately where needed
Range: 	거리: 	translated	upstream 26cf80b review
Range: far away	거리: 멀리 있음	translated	upstream 26cf80b review
Re-record: enter the data.	재기록: 데이터를 입력하십시오.	translated	메시지
Re-record: unable to locate.	재기록: 위치를 찾을 수 없습니다.	translated	메시지
read as a whole number everywhere -- see hazard 1. Tier/affix/		excluded	26cf80b context audited: protocol/save/resource identifier, scheduler/pipeline ID, developer schema/log or formatting template; display label localized separately where needed
Recipes:\nAdd Orange: Champion's Potion\nAdd Purple: Power Boost\nAdd Green: Divine Cure	조합법:\n주황 추가: 챔피언의 물약\n보라 추가: 힘 강화\n초록 추가: 신성한 치유	translated	물약 조합법
Recipes:\nAdd Orange: Lesser Element\nAdd Purple: Wisdom Boost\nAdd Green: Divine Magic	조합법:\n주황 추가: 하급 원소\n보라 추가: 지혜 강화\n초록 추가: 신성한 마법	translated	QA: Divine Magic=신성한 마법 용어 통일
Recipes:\nAdd Orange: Self Resistance\nAdd Purple: Elemental Resistance\nAdd Green: Paladin's Potion	조합법:\n주황 추가: 자기 저항\n보라 추가: 원소 저항\n초록 추가: 성기사의 물약	translated	QA: Paladin's Potion=성기사의 물약 용어 통일
Recipes:\nAdd Orange: Swiftness\nAdd Purple: Resilience Boost\nAdd Green: Divine Restoration	조합법:\n주황 추가: 신속\n보라 추가: 회복력 강화\n초록 추가: 신성한 회복	translated	물약 조합법
Recipes:\nAdd Red: Bless\nAdd Blue: Regeneration\nAdd Yellow: Harden Item\nAdd Orange: Stone to Flesh\nAdd Purple: Enchant Item	조합법:\n빨강 추가: 축복\n파랑 추가: 재생\n노랑 추가: 아이템 강화\n주황 추가: 석화 해제\n보라 추가: 아이템 마법부여	translated	QA: Harden Item=아이템 강화 용어 통일
Recipes:\nAdd Red: Divine Blessing\nAdd Blue: Darkness\nAdd Yellow: Greater Element	조합법:\n빨강 추가: 신성한 축복\n파랑 추가: 어둠\n노랑 추가: 상급 원소	translated	물약 조합법
Recipes:\nAdd Red: Haste\nAdd Blue: Protection\nAdd Yellow: Stone Skin\nAdd Purple: Magic Protection\nAdd Green: Stone to Flesh	조합법:\n빨강 추가: 신속\n파랑 추가: 보호\n노랑 추가: 돌가죽\n보라 추가: 마법 보호\n초록 추가: 석화 해제	translated	QA: Stone Skin=돌가죽 용어 통일
Recipes:\nAdd Red: Heroism\nAdd Blue: Meditation\nAdd Yellow: Water Breathing\nAdd Orange: Magic Protection\nAdd Green: Enchant Item	조합법:\n빨강 추가: 영웅심\n파랑 추가: 명상\n노랑 추가: 수중 호흡\n주황 추가: 마법 보호\n초록 추가: 아이템 마법부여	translated	물약 조합법
Recipes:\nAdd Red: Pure Elemental Resistance\nAdd Blue: Divine Resistance\nAdd Yellow: Pure Self Resistance	조합법:\n빨강 추가: 순수 원소 저항\n파랑 추가: 신성 저항\n노랑 추가: 순수 자기 저항	translated	물약 조합법
Recipes:\nAdd Red: Pure Power\nAdd Blue: Pure Wisdom\nAdd Yellow: Pure Resilience	조합법:\n빨강 추가: 순수한 힘\n파랑 추가: 순수한 지혜\n노랑 추가: 순수한 회복력	translated	물약 조합법
Recipes:\nAdd Red: Twilight\nAdd Blue: Dawn\nAdd Yellow: Trascendance	조합법:\n빨강 추가: 황혼\n파랑 추가: 여명\n노랑 추가: 초월	translated	QA: Dawn=여명 용어 통일
Reduce all damage taken by 	받는 모든 피해 감소량: 	translated	upstream 26cf80b review
Reduce all damage taken by 10%	받는 모든 피해가 10% 감소합니다	translated	전설 아이템 효과
Reduces damage by 3% for each enemy in the nearbies	주변의 적 하나마다 받는 피해가 3% 감소합니다	translated	전설 아이템 효과
Reduces magic damage taken by 	받는 마법 피해가 감소하는 양: 	translated	upstream 26cf80b review
Reduces Physical damage taken by 15%	받는 물리 피해 15% 감소	translated	특수 아이템 효과 설명
Reduces traps and lava damage by 10%.	함정과 용암 피해가 10% 감소합니다.	translated	지각 숙련 효과
Reduces traps and lava damage by 30%.	함정과 용암 피해가 30% 감소합니다.	translated	지각 숙련 효과
Reduces traps and lava damage by 50%.	함정과 용암 피해가 50% 감소합니다.	translated	지각 숙련 효과
Reduces traps and lava damage by 70%.	함정과 용암 피해가 70% 감소합니다.	translated	지각 숙련 효과
Refreshing!	갱신 중!	translated	맵 이벤트 메시지
Regenerates Health for 6 hours.	6시간 동안 생명력을 재생합니다.	translated	물약 효과 툴팁
Regenerates Hit Points and Meditation Skill +	생명력 재생 및 명상 기술 +	translated	아이템 마법부여 설명
regeneration + dragon leech		excluded	26cf80b context audited: protocol/save/resource identifier, scheduler/pipeline ID, developer schema/log or formatting template; display label localized separately where needed
Releases a magical stone into the world that will explode when it comes into contact with a creature or enough time passes.  The rock will bounce and roll until it finds a resting spot, so be careful not to be caught in the blast.  The explosion causes %s points of damage plus 1-%s points of damage per point of skill in Earth Magic.	마법의 돌을 발사합니다. 생물과 충돌하거나 일정 시간이 지나면 폭발합니다. 돌은 멈출 때까지 튕기고 굴러가므로 폭발에 휘말리지 않게 주의하십시오. 폭발 피해량은 %s + 대지 마법 기술 포인트당 1-%s입니다.	translated	암석 폭발 주문 설명
Remote players UI		excluded	26cf80b context audited: protocol/save/resource identifier, scheduler/pipeline ID, developer schema/log or formatting template; display label localized separately where needed
remote-owner-zero		excluded	26cf80b context audited: protocol/save/resource identifier, scheduler/pipeline ID, developer schema/log or formatting template; display label localized separately where needed
Removes and prevents all conditions, except Dead and Eradication, for 6 hours.\nRequire 40 power to work.\n	죽음과 소멸을 제외한 모든 상태 이상을 제거하고 6시간 동안 방지합니다.\n작동하려면 위력 40이 필요합니다.\n	translated	물약 효과 툴팁
Removes Death and Eradication with no time limit	시간 제한 없이 죽음과 소멸을 제거합니다	translated	주문 숙련 설명
Repair skill	수리 기술	translated	기존 MMMerge 스킬 용어
Repaired	수리 완료	translated	수리 상태 메시지
res-and-retaliation		excluded	26cf80b context audited: protocol/save/resource identifier, scheduler/pipeline ID, developer schema/log or formatting template; display label localized separately where needed
Reserve a flat amount of mana to grants the power of flight to your characters!  Only works outdoors, but it is very useful.  Fly will drain one spell point every five minutes it is in use (i.e. when you aren't touching the ground).\nThis effect remains active until deactivated or lose consciousness.	일정량의 마나를 점유해 캐릭터에게 비행 능력을 부여합니다! 야외에서만 작동하지만 매우 유용합니다. 비행 중에는 5분마다 주문력 1을 소모합니다(즉, 땅에 닿아 있지 않을 때).\n이 효과는 해제하거나 의식을 잃을 때까지 유지됩니다.	translated	주문 설명
Reserve a flat amount of mana to increase the radius of light surrounding your party in the dark.\nThis effect remains active until deactivated or lose consciousness.	일정량의 마나를 점유해 어둠 속에서 파티 주변을 밝히는 빛의 범위를 넓힙니다.\n이 효과는 해제하거나 의식을 잃을 때까지 유지됩니다.	translated	주문 설명
Reserve a flat amount of mana to show the locations of monsters and other points of interest while outdoors in the minimap.\nThis effect remains active until deactivated or lose consciousness.	일정량의 마나를 점유해 야외에서 미니맵에 몬스터와 기타 주요 지점의 위치를 표시합니다.\n이 효과는 해제하거나 의식을 잃을 때까지 유지됩니다.	translated	주문 설명
Reserve a flat amount of mana\nInvisibility works on the minds of nearby creatures, making them unable to notice the party unless spoken to or attacked.  Any attack you make, regardless of whether or not it hits or misses, will break this spell. This spell can't be cast while hostile monsters are nearby.\nThis effect remains active until deactivated, attacking or lose consciousness. While active and no monster is in the nearbies, it gets casted automatically.	일정량의 마나를 점유합니다.\n투명화는 주변 생물의 정신에 작용해, 말을 걸거나 공격하지 않는 한 파티를 알아차리지 못하게 합니다. 명중 여부와 관계없이 공격하면 주문이 해제됩니다. 적대적인 몬스터가 주변에 있을 때는 시전할 수 없습니다.\n이 효과는 해제하거나 공격하거나 의식을 잃을 때까지 유지됩니다. 활성화된 동안 주변에 몬스터가 없으면 자동으로 다시 시전됩니다.	translated	주문 설명
Reserve a flat amount of mana\nOnly useful outdoors, Water Walk lets your characters walk along the surface of water without sinking.\nThis effect remains active until deactivated or lose consciousness.	일정량의 마나를 점유합니다.\n야외에서만 사용할 수 있으며, 수면 보행은 캐릭터가 가라앉지 않고 물 위를 걸을 수 있게 합니다.\n이 효과는 해제하거나 의식을 잃을 때까지 유지됩니다.	translated	주문 설명
Reserve a mana percentage to surround your characters with a very hot fire that is only harmful to others.  The spell will deliver %s points of damage plus 1-%s per point of skill to all nearby monsters for as long as they remain in the area of effect.	마나의 일부를 예약해 파티 주변을 뜨거운 불길로 감쌉니다. 불길은 파티원에게는 해를 주지 않으며, 효과 범위 안의 주변 몬스터에게 %s + 기술 포인트당 1-%s의 피해를 지속적으로 줍니다.	translated	제물 주문 설명
Reserve a percentage of your mana to  tightly binds the soul to the body. This will delay death due to massive hit point loss, but will not stop a character from going unconscious. If a preserved character's hit points are too low when the spell wears off, he or she will die.\nThis effect remains active until deactivated or lose consciousness.	마나의 일정 비율을 점유해 영혼을 육체에 단단히 묶습니다. 막대한 생명력 손실로 인한 죽음을 늦추지만 의식불명은 막지 못합니다. 보존 효과가 끝날 때 캐릭터의 생명력이 지나치게 낮다면 사망합니다.\n이 효과는 해제하거나 의식을 잃을 때까지 유지됩니다.	translated	주문 설명
Reserve a percentage of your mana to affect the entire party at once, granting immunity to certain spells and monster abilities that cause debilitation conditions.  These are:  Poison, Disease, Stone, Paralyze, Weak, Death and Eradicated.\nThis effect remains active until deactivated or lose consciousness.	마나의 일정 비율을 점유해 파티 전체에 동시에 적용되며, 약화 상태를 유발하는 일부 주문과 몬스터 능력에 면역을 부여합니다. 해당 상태는 중독, 질병, 석화, 마비, 약화, 죽음, 소멸입니다.\n이 효과는 해제하거나 의식을 잃을 때까지 유지됩니다.	translated	주문 설명
Reserve a percentage of your mana to enhance all of your party's Resistances by %s.\nWhile the base effects remain consistent, each additional 3 levels in Light Magic will enhance the effects equivalently to only 2 levels.\nThis effect remains active until deactivated or lose consciousness.	마나의 일정 비율을 점유해 파티의 모든 저항을 %s만큼 높입니다.\n기본 효과는 그대로 유지되며, 빛 마법 레벨이 추가로 3 오를 때마다 효과는 2레벨분만큼 증가합니다.\n이 효과는 해제하거나 의식을 잃을 때까지 유지됩니다.	translated	주문 설명
Reserve a percentage of your mana to enhance your party's Air Resistance and Speed by %s.\nYou get an additional 1 point for every 2 caster levels, increased by %s%% per skill level, up to double bonus.\nThis effect remains active until deactivated or lose consciousness.	마나의 일정 비율을 점유해 파티의 대기 저항과 속도를 %s만큼 높입니다.\n시전자 레벨 2마다 1점이 추가되며, 기술 레벨당 %s%%씩 증가하여 최대 두 배의 보너스를 받습니다.\n이 효과는 해제하거나 의식을 잃을 때까지 유지됩니다.	translated	주문 설명
Reserve a percentage of your mana to enhance your party's Air Resistance by %s (plus 1 for every 4 caster levels, increased by %s%% per skill level, up to double bonus) and Speed by 10%% of the total stat, plus 1%% every 5 skill levels, up to 20%%.\nThis effect remains active until deactivated or lose consciousness.	주문력의 일정 비율을 할당하여 파티의 공기 저항을 %s 높입니다. 시전자 4레벨마다 1이 추가되고 기술 레벨당 %s%% 증가하여 최대 두 배가 됩니다. 또한 속도 능력치가 총합의 10%% 증가하며, 기술 5레벨마다 1%%가 추가되어 최대 20%%가 됩니다.\n비활성화하거나 의식을 잃을 때까지 지속됩니다.	translated	upstream 26cf80b review
Reserve a percentage of your mana to enhance your party's Armor Class by %s.\nYou get an additional 1 point for every 2 caster levels, increased by %s%% per skill level, up to double bonus.\nThis effect remains active until deactivated or lose consciousness.	마나의 일정 비율을 점유해 파티의 방어력을 %s만큼 높입니다.\n시전자 레벨 2마다 1점이 추가되며, 기술 레벨당 %s%%씩 증가하여 최대 두 배의 보너스를 받습니다.\n이 효과는 해제하거나 의식을 잃을 때까지 유지됩니다.	translated	주문 설명
Reserve a percentage of your mana to enhance your party's Attack and Accuracy.\nThe enhancement equals a flat %s plus an additional 1 point for every 2 caster levels, increased by %s%% per skill level, up to double bonus.\nThis effect remains active until deactivated or lose consciousness.	마나의 일정 비율을 점유해 파티의 공격과 정확도를 높입니다.\n효과는 기본 %s에 시전자 레벨 2마다 1점이 추가되며, 기술 레벨당 %s%%씩 증가하여 최대 두 배의 보너스를 받습니다.\n이 효과는 해제하거나 의식을 잃을 때까지 유지됩니다.	translated	주문 설명
Reserve a percentage of your mana to enhance your party's Attack by a flat %s plus 1 for every 2 caster levels, increased by %s%% per skill level, up to double bonus, and Accuracy by 10%% of the total stat, plus 1%% every 5 skill levels, up to 20%%.\nThis effect remains active until deactivated or lose consciousness.	주문력의 일정 비율을 할당하여 파티의 공격을 %s 높입니다. 시전자 2레벨마다 1이 추가되고 기술 레벨당 %s%% 증가하여 최대 두 배가 됩니다. 또한 정확도가 총합의 10%% 증가하며, 기술 5레벨마다 1%%가 추가되어 최대 20%%가 됩니다.\n비활성화하거나 의식을 잃을 때까지 지속됩니다.	translated	upstream 26cf80b review
Reserve a percentage of your mana to enhance your party's Body Resistance and Might by %s.\nYou get an additional 1 point for every 2 caster levels, increased by %s%% per skill level, up to double bonus.\nThis effect remains active until deactivated or lose consciousness.	마나의 일정 비율을 점유해 파티의 육체 저항과 힘을 %s만큼 높입니다.\n시전자 레벨 2마다 1점이 추가되며, 기술 레벨당 %s%%씩 증가하여 최대 두 배의 보너스를 받습니다.\n이 효과는 해제하거나 의식을 잃을 때까지 유지됩니다.	translated	주문 설명
Reserve a percentage of your mana to enhance your party's Body Resistance by %s (plus 1 for every 4 caster levels, increased by %s%% per skill level, up to double bonus) and Might by 10%% of the total stat, plus 1%% every 5 skill levels, up to 20%%.\nThis effect remains active until deactivated or lose consciousness.	주문력의 일정 비율을 할당하여 파티의 육체 저항을 %s 높입니다. 시전자 4레벨마다 1이 추가되고 기술 레벨당 %s%% 증가하여 최대 두 배가 됩니다. 또한 힘 능력치가 총합의 10%% 증가하며, 기술 5레벨마다 1%%가 추가되어 최대 20%%가 됩니다.\n비활성화하거나 의식을 잃을 때까지 지속됩니다.	translated	upstream 26cf80b review
Reserve a percentage of your mana to enhance your party's Earth Resistance and Endurance by %s.\nYou get an additional 1 point for every 2 caster levels, increased by %s%% per skill level, up to double bonus.\nThis effect remains active until deactivated or lose consciousness.	마나의 일정 비율을 점유해 파티의 대지 저항과 지구력을 %s만큼 높입니다.\n시전자 레벨 2마다 1점이 추가되며, 기술 레벨당 %s%%씩 증가하여 최대 두 배의 보너스를 받습니다.\n이 효과는 해제하거나 의식을 잃을 때까지 유지됩니다.	translated	주문 설명
Reserve a percentage of your mana to enhance your party's Earth Resistance by %s (plus 1 for every 4 caster levels, increased by %s%% per skill level, up to double bonus) and Endurance by 10%% of the total stat, plus 1%% every 5 skill levels, up to 20%%.\nThis effect remains active until deactivated or lose consciousness.	주문력의 일정 비율을 할당하여 파티의 대지 저항을 %s 높입니다. 시전자 4레벨마다 1이 추가되고 기술 레벨당 %s%% 증가하여 최대 두 배가 됩니다. 또한 인내력 능력치가 총합의 10%% 증가하며, 기술 5레벨마다 1%%가 추가되어 최대 20%%가 됩니다.\n비활성화하거나 의식을 잃을 때까지 지속됩니다.	translated	upstream 26cf80b review
Reserve a percentage of your mana to enhance your party's Fire Resistance and Intellect by %s.\nYou get an additional 1 point for every 2 caster levels, increased by %s%% per skill level, up to double bonus.\nThis effect remains active until deactivated or lose consciousness.	마나의 일정 비율을 점유해 파티의 화염 저항과 지력을 %s만큼 높입니다.\n시전자 레벨 2마다 1점이 추가되며, 기술 레벨당 %s%%씩 증가하여 최대 두 배의 보너스를 받습니다.\n이 효과는 해제하거나 의식을 잃을 때까지 유지됩니다.	translated	주문 설명
Reserve a percentage of your mana to enhance your party's Fire Resistance by %s (plus 1 for every 4 caster levels, increased by %s%% per skill level, up to double bonus) and Intellect by 10%% of the total stat, plus 1%% every 5 skill levels, up to 20%%.\nThis effect remains active until deactivated or lose consciousness.	주문력의 일정 비율을 할당하여 파티의 화염 저항을 %s 높입니다. 시전자 4레벨마다 1이 추가되고 기술 레벨당 %s%% 증가하여 최대 두 배가 됩니다. 또한 지능 능력치가 총합의 10%% 증가하며, 기술 5레벨마다 1%%가 추가되어 최대 20%%가 됩니다.\n비활성화하거나 의식을 잃을 때까지 지속됩니다.	translated	upstream 26cf80b review
Reserve a percentage of your mana to enhance your party's Mind Resistance and Personality by %s.\nYou get an additional 1 point for every 2 caster levels, increased by %s%% per skill level, up to double bonus.\nThis effect remains active until deactivated or lose consciousness.	마나의 일정 비율을 점유해 파티의 정신 저항과 인격을 %s만큼 높입니다.\n시전자 레벨 2마다 1점이 추가되며, 기술 레벨당 %s%%씩 증가하여 최대 두 배의 보너스를 받습니다.\n이 효과는 해제하거나 의식을 잃을 때까지 유지됩니다.	translated	주문 설명
Reserve a percentage of your mana to enhance your party's Mind Resistance by %s (plus 1 for every 4 caster levels, increased by %s%% per skill level, up to double bonus) and Personality by 10%% of the total stat, plus 1%% every 5 skill levels, up to 20%%.\nThis effect remains active until deactivated or lose consciousness.	주문력의 일정 비율을 할당하여 파티의 정신 저항을 %s 높입니다. 시전자 4레벨마다 1이 추가되고 기술 레벨당 %s%% 증가하여 최대 두 배가 됩니다. 또한 성격 능력치가 총합의 10%% 증가하며, 기술 5레벨마다 1%%가 추가되어 최대 20%%가 됩니다.\n비활성화하거나 의식을 잃을 때까지 지속됩니다.	translated	upstream 26cf80b review
Reserve a percentage of your mana to enhance your party's Water Resistance and Luck by %s.\nYou get an additional 1 point for every 2 caster levels, increased by %s%% per skill level, up to double bonus.\nThis effect remains active until deactivated or lose consciousness.	마나의 일정 비율을 점유해 파티의 물 저항과 행운을 %s만큼 높입니다.\n시전자 레벨 2마다 1점이 추가되며, 기술 레벨당 %s%%씩 증가하여 최대 두 배의 보너스를 받습니다.\n이 효과는 해제하거나 의식을 잃을 때까지 유지됩니다.	translated	주문 설명
Reserve a percentage of your mana to enhance your party's Water Resistance by %s (plus 1 for every 4 caster levels, increased by %s%% per skill level, up to double bonus) and Luck by 10%% of the total stat, plus 1%% every 5 skill levels, up to 20%%.\nThis effect remains active until deactivated or lose consciousness.	주문력의 일정 비율을 할당하여 파티의 물 저항을 %s 높입니다. 시전자 4레벨마다 1이 추가되고 기술 레벨당 %s%% 증가하여 최대 두 배가 됩니다. 또한 행운 능력치가 총합의 10%% 증가하며, 기술 5레벨마다 1%%가 추가되어 최대 20%%가 됩니다.\n비활성화하거나 의식을 잃을 때까지 지속됩니다.	translated	upstream 26cf80b review
Reserve a percentage of your mana to increase all seven stats on all your characters by 10%% of the total stat, plus 1%% every 7 Light skill levels, up to 20%%.\nThis effect remains active until deactivated or lose consciousness.	주문력의 일정 비율을 할당하여 모든 캐릭터의 일곱 능력치를 총합의 10%%만큼 높입니다. 빛 마법 기술 7레벨마다 1%%가 추가되어 최대 20%%가 됩니다.\n비활성화하거나 의식을 잃을 때까지 지속됩니다.	translated	upstream 26cf80b review
Reserve a percentage of your mana to increase critical chance of your party by %s%% plus %s%% per Skill Level, up to double bonus.\nThis effect remains active until deactivated or lose consciousness.	마나의 일정 비율을 점유해 파티의 치명타 확률을 %s%% 높이고, 기술 레벨당 %s%%를 추가로 높여 최대 두 배의 보너스를 받습니다.\n이 효과는 해제하거나 의식을 잃을 때까지 유지됩니다.	translated	주문 설명
Reserve a percentage of your mana to increase spell damage of your party by %s%% plus %s%% per Skill Level, up to double bonus.\nThis effect remains active until deactivated or lose consciousness.	마나의 일정 비율을 점유해 파티의 주문 피해를 %s%% 높이고, 기술 레벨당 %s%%를 추가로 높여 최대 두 배의 보너스를 받습니다.\n이 효과는 해제하거나 의식을 잃을 때까지 유지됩니다.	translated	주문 설명
Reserve a percentage of your mana to increase your party health regen.\nRegen depends on the health pool, caster level and it's increased by %s%% per skill point, up to double bonus.\nThis effect remains active until deactivated or lose consciousness.	마나의 일정 비율을 점유해 파티의 생명력 재생을 높입니다.\n재생량은 최대 생명력과 시전자 레벨에 따라 달라지며, 기술 포인트당 %s%%씩 증가하여 최대 두 배의 보너스를 받습니다.\n이 효과는 해제하거나 의식을 잃을 때까지 유지됩니다.	translated	주문 설명
Reserve a percentage of your mana to increase your party mana regen.\nRegen depends on the mana pool, caster level and it's increased by %s%% per skill point, up to double bonus.\nThis effect remains active until deactivated or lose consciousness.	마나의 일정 비율을 점유해 파티의 마나 재생을 높입니다.\n재생량은 최대 마나와 시전자 레벨에 따라 달라지며, 기술 포인트당 %s%%씩 증가하여 최대 두 배의 보너스를 받습니다.\n이 효과는 해제하거나 의식을 잃을 때까지 유지됩니다.	translated	주문 설명
Reserve a percentage of your mana to increase your party melee damage by %s%% plus %s%% per Skill Level, up to double bonus.\nThis effect remains active until deactivated or lose consciousness.	마나의 일정 비율을 점유해 파티의 근접 피해를 %s%% 높이고, 기술 레벨당 %s%%를 추가로 높여 최대 두 배의 보너스를 받습니다.\n이 효과는 해제하거나 의식을 잃을 때까지 유지됩니다.	translated	주문 설명
Reserve a percentage of your mana to increase your party Recovery speed by %s%% plus %s%% per Skill Level, up to double bonus.\nThis effect remains active until deactivated or lose consciousness.	마나의 일정 비율을 점유해 파티의 회복 속도를 %s%% 높이고, 기술 레벨당 %s%%를 추가로 높여 최대 두 배의 보너스를 받습니다.\n이 효과는 해제하거나 의식을 잃을 때까지 유지됩니다.	translated	주문 설명
Reserve a percentage of your mana to increase your party unarmed damage by %s%% plus %s%% per Skill Level, up to double bonus.\nStaves with GM skill and Unarmed is considered as unarmed as well.\nThis effect remains active until deactivated or lose consciousness.	마나의 일정 비율을 점유해 파티의 맨손 피해를 %s%% 높이고, 기술 레벨당 %s%%를 추가로 높여 최대 두 배의 보너스를 받습니다.\n지팡이 기술이 그랜드마스터이고 맨손 전투를 함께 사용하는 경우도 맨손으로 간주합니다.\n이 효과는 해제하거나 의식을 잃을 때까지 유지됩니다.	translated	주문 설명
Reserve a percentage of your mana to increases all seven stats on all your characters by %s.\nWhile the base effects remain consistent, each additional 3 levels in Light Magic will enhance the effects equivalently to only 2 levels.\nThis effect remains active until deactivated or lose consciousness.	마나의 일정 비율을 점유해 모든 캐릭터의 일곱 능력치를 %s만큼 높입니다.\n기본 효과는 그대로 유지되며, 빛 마법 레벨이 추가로 3 오를 때마다 효과는 2레벨분만큼 증가합니다.\n이 효과는 해제하거나 의식을 잃을 때까지 유지됩니다.	translated	주문 설명
Reserve a percentage of your mana to reduce any incoming magic damage to your party by %s%% plus %s%% per Skill Level, up to double bonus.\nThis effect remains active until deactivated or lose consciousness.	마나의 일정 비율을 점유해 파티가 받는 모든 마법 피해를 %s%% 줄이고, 기술 레벨당 %s%%를 추가로 줄여 최대 두 배의 보너스를 받습니다.\n이 효과는 해제하거나 의식을 잃을 때까지 유지됩니다.	translated	주문 설명
Reserve a percentage of your mana to simultaneously casts Haste, Shield, Stone Skin, and Fate on all your characters.\nWhile the base effects remain consistent, each additional 3 levels in Light Magic will enhance the effects equivalently to only 2 levels.\nThis effect remains active until deactivated or lose consciousness.	마나의 일정 비율을 점유해 모든 캐릭터에게 가속, 방패, 돌가죽, 운명을 동시에 시전합니다.\n기본 효과는 그대로 유지되며, 빛 마법 레벨이 추가로 3 오를 때마다 효과는 2레벨분만큼 증가합니다.\n이 효과는 해제하거나 의식을 잃을 때까지 유지됩니다.	translated	주문 설명
Reserve a percentage of your mana.\nWhen a monster hits a character with Pain Reflection active, the monster takes damage equal to what it inflicted on the character.	마나의 일정 비율을 점유합니다.\n고통 반사가 활성화된 캐릭터를 몬스터가 공격하면, 몬스터는 그 캐릭터에게 준 피해와 같은 양의 피해를 받습니다.	translated	주문 설명
Resistance Ignored	저항 무시	translated	전투 상태 메시지
response timeout	응답 시간 초과	translated	upstream 26cf80b display/context review
Restores 	주문력 회복: 	translated	물약 설명 조각
Restores %s%% of your maximum health per second	초당 최대 체력의 %s%%를 회복합니다	translated	upstream 26cf80b display/context review
Restores %s%% of your maximum mana per second	초당 최대 마나의 %s%%를 회복합니다	translated	upstream 26cf80b display/context review
Restores based on the potion's power of spell points.	물약의 위력에 따라 주문력을 회복합니다.	translated	물약 효과 툴팁
Resurrected 	부활한 	translated	부활 몬스터 이름 접두어
Retaliation	반격	translated	MAW 방어 스킬명
Retaliation can stack up to 3 times, allowing to consume all the stacks in 1 single powerful hit	반격은 최대 3회 중첩되며, 한 번의 강력한 공격으로 모든 중첩을 소모할 수 있습니다	translated	반격 숙련 효과
retaliation coefficients		excluded	26cf80b context audited: protocol/save/resource identifier, scheduler/pipeline ID, developer schema/log or formatting template; display label localized separately where needed
reveal-nearby		excluded	26cf80b context audited: protocol/save/resource identifier, scheduler/pipeline ID, developer schema/log or formatting template; display label localized separately where needed
Road to\ninsanity	광기로 가는\n길	translated	게임 모드
Royal Amethyst	왕실 자수정	translated	제작 보석 상태 메시지
Scales	비늘	translated	드래곤 스킬명
scheduler tasks:		excluded	26cf80b context audited: protocol/save/resource identifier, scheduler/pipeline ID, developer schema/log or formatting template; display label localized separately where needed
scheduler: task %s registered without a function		excluded	26cf80b context audited: protocol/save/resource identifier, scheduler/pipeline ID, developer schema/log or formatting template; display label localized separately where needed
Scripts\\Modules\\MawCore\\		excluded	26cf80b context audited: protocol/save/resource identifier, scheduler/pipeline ID, developer schema/log or formatting template; display label localized separately where needed
Scripts\\Modules\\Multiplayer\\		excluded	26cf80b context audited: protocol/save/resource identifier, scheduler/pipeline ID, developer schema/log or formatting template; display label localized separately where needed
SeedList		excluded	26cf80b context audited: protocol/save/resource identifier, scheduler/pipeline ID, developer schema/log or formatting template; display label localized separately where needed
Select remote player 	다른 플레이어 선택 	translated	upstream 26cf80b review
seraph		excluded	26cf80b context audited: protocol/save/resource identifier, scheduler/pipeline ID, developer schema/log or formatting template; display label localized separately where needed
seraph-on-hit-heal		excluded	26cf80b context audited: protocol/save/resource identifier, scheduler/pipeline ID, developer schema/log or formatting template; display label localized separately where needed
seraphClass		excluded	26cf80b context audited: protocol/save/resource identifier, scheduler/pipeline ID, developer schema/log or formatting template; display label localized separately where needed
Seraphim aren't able to dual wield	세라핌은 쌍수 무기를 사용할 수 없습니다	translated	메시지
Seraphim is a divine warrior, blessed by the gods with otherworldly powers that set him apart from mortal fighters. His origins are shrouded in mystery, but it is said that he was chosen by the divine to carry out their will on the mortal plane. Some whisper that he was born from the union of a mortal and an angel, while others believe that he was created by the gods themselves. Regardless of his origins, there is no denying the power that Seraphim wields, and his presence on the battlefield is a testament to the will of the divine.\n\nProficiency in Plate, Sword, Mace, and Shield (can't dual wield)\n3 HP and 1 mana points gained per level\n\nAbilities:\n\nGods Wrath: Attacks deal extra magic damage based on Light skill (2 damage added per point in Light and Mind)\n\nHoly Strikes: Attacking will heal the most injured party member based on Body skill (2 points per point in Body and Spirit)\n\nDivine Protection: self-heals by 25% of your HP when facing lethal attacks, 5 minutes cooldown.	세라핌은 신들의 축복을 받아 범인과는 다른 초월적인 힘을 지닌 신성한 전사입니다. 그의 기원은 수수께끼에 싸여 있지만, 인간계에서 신들의 뜻을 수행하도록 선택받았다고 전해집니다. 어떤 이는 인간과 천사의 사이에서 태어났다고 수군거리고, 또 어떤 이는 신들이 직접 창조했다고 믿습니다. 기원이 무엇이든 세라핌이 휘두르는 힘은 부정할 수 없으며, 전장에서 그의 존재는 신의 의지를 증명합니다.\n\n판금 갑옷, 검, 철퇴, 방패에 능숙함 (쌍수 사용 불가)\n레벨당 생명력 3, 마나 1 획득\n\n능력:\n\n신의 분노: 공격 시 빛 기술에 따라 추가 마법 피해를 줍니다 (빛과 정신 기술 포인트당 피해 +2)\n\n신성한 일격: 공격 시 육체 기술에 따라 파티에서 가장 부상당한 아군을 치유합니다 (육체와 영혼 기술 포인트당 2)\n\n신성한 보호: 치명적인 공격을 받을 때 최대 생명력의 25%를 회복합니다. 재사용 대기시간 5분.	translated	세라핌 직업 설명
Serpent Mother	뱀의 어머니	translated	Game.PlaceMonTxt 몬스터명
Server connection	서버 연결	translated	upstream 26cf80b review
server full	서버가 가득 찼습니다	translated	upstream 26cf80b display/context review
Server list	서버 목록	translated	upstream 26cf80b review
SessionCode		excluded	26cf80b context audited: protocol/save/resource identifier, scheduler/pipeline ID, developer schema/log or formatting template; display label localized separately where needed
shaman		excluded	26cf80b context audited: protocol/save/resource identifier, scheduler/pipeline ID, developer schema/log or formatting template; display label localized separately where needed
shaman-on-hit		excluded	26cf80b context audited: protocol/save/resource identifier, scheduler/pipeline ID, developer schema/log or formatting template; display label localized separately where needed
shamanClass		excluded	26cf80b context audited: protocol/save/resource identifier, scheduler/pipeline ID, developer schema/log or formatting template; display label localized separately where needed
Shared Life heals for 	생명 공유 회복량: 	translated	회복 메시지 조각
Shared Life: periodically transfers HP from party members with more current HP to the wearer.	생명 공유: 현재 체력이 더 많은 동료의 체력을 주기적으로 착용자에게 전달합니다.	translated	upstream 26cf80b display/context review
Shield skill provides great defense against both physical and magical attacks.\n\nShield Skill boosts the AC and Resistances gained from your Shield  by a percent amount.	방패 기술은 물리 공격과 마법 공격 모두에 뛰어난 방어력을 제공합니다.\n\n방패 기술은 방패에서 얻는 방어력과 저항을 일정 비율만큼 높입니다.	translated	방패 기술 설명
Shoot	원거리	translated	Game.GlobalTxt 원거리 공격 표시
Shoot         +	원거리         +	translated	능력치 패널 원거리 공격 표시
ShopItems		excluded	26cf80b context audited: protocol/save/resource identifier, scheduler/pipeline ID, developer schema/log or formatting template; display label localized separately where needed
ShopNextRefill		excluded	26cf80b context audited: protocol/save/resource identifier, scheduler/pipeline ID, developer schema/log or formatting template; display label localized separately where needed
ShopSpecialItems		excluded	26cf80b context audited: protocol/save/resource identifier, scheduler/pipeline ID, developer schema/log or formatting template; display label localized separately where needed
shotgun		excluded	원소술사 주문 유형 내부 토큰
Show full	가득 찬 서버 표시	translated	upstream 26cf80b review
Show other versions	다른 버전 표시	translated	upstream 26cf80b review
Show passworded	비밀번호 서버 표시	translated	upstream 26cf80b review
Show players location	플레이어 위치 표시	translated	멀티플레이 지도 UI
Show remote players UI	다른 플레이어 UI 표시	translated	upstream 26cf80b review
Show remote SP:	다른 플레이어의 주문력 표시:	translated	upstream 26cf80b review
ShowWeatherEffects		excluded	설정 저장 필드 이름
Shrinking	축소	translated	몬스터 정보창 디버프명
Shrinks even the grandest of monsters down to more manageable sizes. A shrunken monster deals %d%% less damage. Each impact covers one monster per mastery nearby, preferring those not already shrunk. Base duration %gs at every mastery, extended by Ascension. Does not stack with Dark Grasp.	아무리 거대한 몬스터라도 다루기 쉬운 크기로 축소합니다. 축소된 몬스터가 가하는 피해는 %d%% 감소합니다. 적중할 때마다 주변에서 숙련도당 한 마리를 축소하며, 아직 축소되지 않은 몬스터를 우선합니다. 모든 숙련도에서 기본 지속 시간은 %g초이며 승천으로 연장됩니다. 어둠의 손아귀와 중첩되지 않습니다.	translated	upstream 26cf80b display/context review
Similar to Mind Blast, Psychic Shock targets a single creature with mind damaging magic--only it has a much greater effect.  Psychic Shock does %s points of damage plus 1-%s per point of skill in Mind Magic.	정신 폭발과 비슷하지만 훨씬 강력한 정신 마법으로 단일 대상을 공격합니다. 정신 충격은 %s의 기본 피해와 정신 마법 기술 포인트당 1-%s의 추가 피해를 줍니다.	translated	정신 충격 주문 설명
Simultaneously casts Protection from Fire, Air, Water, Earth, Mind, and Body, plus Feather Fall and Wizard Eye on all your characters at two times your skill in Light Magic.	파티 전체에 화염, 공기, 물, 대지, 정신, 육체 보호와 낙하 완화, 마법의 눈을 동시에 시전합니다. 각 효과는 빛 마법 기술 수치의 두 배로 적용됩니다.	translated	보호의 날 주문 설명
single		excluded	원소술사 주문 유형 내부 토큰
Size of binary data is less than minimal necessary: %d / %d	바이너리 데이터가 최소 필요 크기보다 작습니다: %d / %d	translated	upstream 26cf80b display/context review
Skill		excluded	테이블 열/내부 키로만 사용
Skill reset info	기술 초기화 안내	translated	기술 초기화 NPC 토픽
skill tooltip builders:		excluded	26cf80b context audited: protocol/save/resource identifier, scheduler/pipeline ID, developer schema/log or formatting template; display label localized separately where needed
skill tooltip: builder %d/%d already registered		excluded	26cf80b context audited: protocol/save/resource identifier, scheduler/pipeline ID, developer schema/log or formatting template; display label localized separately where needed
SkillHintRowFormat		excluded	26cf80b context audited: protocol/save/resource identifier, scheduler/pipeline ID, developer schema/log or formatting template; display label localized separately where needed
Skills adds 	기술 보너스: 	translated	무기 전문가 숙련 설명 조각
Skills adds 3 dmg, 3 atk, 2% speed\nEach 10 points in armsmaster increase all the melee weapon skills by 1	기술 보너스: 피해 3, 공격 3, 속도 2%\n무기 전문가 기술 10포인트마다 모든 근접 무기 기술이 1 증가합니다.	translated	무기 전문가 동적 설명
skills port:		excluded	26cf80b context audited: protocol/save/resource identifier, scheduler/pipeline ID, developer schema/log or formatting template; display label localized separately where needed
skills UI (stage 2):		excluded	26cf80b context audited: protocol/save/resource identifier, scheduler/pipeline ID, developer schema/log or formatting template; display label localized separately where needed
skills/charge-movement		excluded	26cf80b context audited: protocol/save/resource identifier, scheduler/pipeline ID, developer schema/log or formatting template; display label localized separately where needed
skills/dwarf-axes		excluded	26cf80b context audited: protocol/save/resource identifier, scheduler/pipeline ID, developer schema/log or formatting template; display label localized separately where needed
skills/homing-projectiles		excluded	26cf80b context audited: protocol/save/resource identifier, scheduler/pipeline ID, developer schema/log or formatting template; display label localized separately where needed
skills/misc-skills-ui		excluded	26cf80b context audited: protocol/save/resource identifier, scheduler/pipeline ID, developer schema/log or formatting template; display label localized separately where needed
skills/pl-fallback		excluded	26cf80b context audited: protocol/save/resource identifier, scheduler/pipeline ID, developer schema/log or formatting template; display label localized separately where needed
skills/solo-mastery		excluded	26cf80b context audited: protocol/save/resource identifier, scheduler/pipeline ID, developer schema/log or formatting template; display label localized separately where needed
skills/trainer-mastery-row		excluded	26cf80b context audited: protocol/save/resource identifier, scheduler/pipeline ID, developer schema/log or formatting template; display label localized separately where needed
SkillsUI		excluded	26cf80b context audited: protocol/save/resource identifier, scheduler/pipeline ID, developer schema/log or formatting template; display label localized separately where needed
SkillTooltip		excluded	26cf80b context audited: protocol/save/resource identifier, scheduler/pipeline ID, developer schema/log or formatting template; display label localized separately where needed
Skillz port: GetSkill body answers extended skill IDs		excluded	26cf80b context audited: protocol/save/resource identifier, scheduler/pipeline ID, developer schema/log or formatting template; display label localized separately where needed
Skillz port: hover hint title, skill id guarded across text build		excluded	26cf80b context audited: protocol/save/resource identifier, scheduler/pipeline ID, developer schema/log or formatting template; display label localized separately where needed
Skillz port: learn click class gate		excluded	26cf80b context audited: protocol/save/resource identifier, scheduler/pipeline ID, developer schema/log or formatting template; display label localized separately where needed
Skillz port: learn list class gate		excluded	26cf80b context audited: protocol/save/resource identifier, scheduler/pipeline ID, developer schema/log or formatting template; display label localized separately where needed
Skillz port: learn list class gate 2		excluded	26cf80b context audited: protocol/save/resource identifier, scheduler/pipeline ID, developer schema/log or formatting template; display label localized separately where needed
Skillz port: shop learn list class gate		excluded	26cf80b context audited: protocol/save/resource identifier, scheduler/pipeline ID, developer schema/log or formatting template; display label localized separately where needed
Skillz port: shop learn list class gate 2		excluded	26cf80b context audited: protocol/save/resource identifier, scheduler/pipeline ID, developer schema/log or formatting template; display label localized separately where needed
Skillz port: skill+bonus clamp raised from 60 to 1023		excluded	26cf80b context audited: protocol/save/resource identifier, scheduler/pipeline ID, developer schema/log or formatting template; display label localized separately where needed
SkillzUIHintTail		excluded	26cf80b context audited: protocol/save/resource identifier, scheduler/pipeline ID, developer schema/log or formatting template; display label localized separately where needed
SkillzUIHintTailBonus		excluded	26cf80b context audited: protocol/save/resource identifier, scheduler/pipeline ID, developer schema/log or formatting template; display label localized separately where needed
SkillzUILearnGate1		excluded	26cf80b context audited: protocol/save/resource identifier, scheduler/pipeline ID, developer schema/log or formatting template; display label localized separately where needed
SkillzUILearnGate2		excluded	26cf80b context audited: protocol/save/resource identifier, scheduler/pipeline ID, developer schema/log or formatting template; display label localized separately where needed
SkillzUILearnGate3		excluded	26cf80b context audited: protocol/save/resource identifier, scheduler/pipeline ID, developer schema/log or formatting template; display label localized separately where needed
SkillzUIShopGate1		excluded	26cf80b context audited: protocol/save/resource identifier, scheduler/pipeline ID, developer schema/log or formatting template; display label localized separately where needed
SkillzUIShopGate2		excluded	26cf80b context audited: protocol/save/resource identifier, scheduler/pipeline ID, developer schema/log or formatting template; display label localized separately where needed
Slaps a monster with magical force, forcing it to recover from the stun spell before it can do anything else.  Stun also knocks monsters back a little, giving you a chance to get away while the getting is good.  The greater your skill in Earth Magic, the greater the effect of the spell.	마법의 힘으로 괴물을 강타하여, 기절 상태에서 회복될 때까지 아무것도 할 수 없게 만듭니다. 기절은 괴물을 뒤로 밀쳐내어 도망칠 기회를 제공합니다. 대지 마법 숙련도가 높을수록 주문의 효과가 강력해집니다.	translated	기절 주문 설명
Slaps a monster with magical force, forcing it to recover from the stun spell before it can do anything else.  Stun also knocks monsters back a little, giving you a chance to get away while the getting is good.  The greater your skill in Earth Magic, the greater the effect of the spell. Stun does %s%% of a melee attack damage.	마법의 힘으로 괴물을 강타하여 기절에서 회복할 때까지 다른 행동을 하지 못하게 합니다. 또한 괴물을 조금 뒤로 밀쳐 도망칠 기회를 줍니다. 대지 마법 숙련도가 높을수록 효과가 강해집니다. 기절은 근접 공격 피해의 %s%%만큼 피해를 줍니다.	translated	암살자 기절 주문 설명
SlChar		excluded	26cf80b context audited: protocol/save/resource identifier, scheduler/pipeline ID, developer schema/log or formatting template; display label localized separately where needed
SlChar1U		excluded	26cf80b context audited: protocol/save/resource identifier, scheduler/pipeline ID, developer schema/log or formatting template; display label localized separately where needed
Sleep	수면	translated	몬스터 정보창 상태명
sleep	수면	translated	면역 발동 상태 메시지의 동적 상태명
Sleep and Unconscious Immunity	수면 및 의식불명 면역	translated	특수 아이템 효과 설명
Slow	감속	translated	몬스터 정보창 디버프명
Slows the target on hit	명중 시 대상의 속도를 감소시킵니다	translated	upstream 26cf80b review
Solarstone	태양석	translated	제작 보석 상태 메시지
soloMiscMasteries		excluded	26cf80b context audited: protocol/save/resource identifier, scheduler/pipeline ID, developer schema/log or formatting template; display label localized separately where needed
SOURCE-ADDRESS		excluded	26cf80b context audited: protocol/save/resource identifier, scheduler/pipeline ID, developer schema/log or formatting template; display label localized separately where needed
SP: 	주문력: 	translated	upstream 26cf80b review
SP: %s / %s pt.	주문력: %s / %s	translated	upstream 26cf80b review
Sparks fires small balls of lightning into the world that bounce around until they hit something or dissipate. It is hard to tell where they will go, so this spell is best used in a room crowded with small monsters. Each spark does 1-%s per point of skill in Air Magic.	작은 번개 구체 여러 개를 발사합니다. 구체는 무언가에 부딪히거나 사라질 때까지 튕겨 다니므로 이동 경로를 예측하기 어렵습니다. 작은 몬스터가 많은 방에서 특히 유용합니다. 구체 하나당 피해량은 공기 마법 기술 포인트당 1-%s입니다.	translated	스파크 주문 설명
sparks-chain		excluded	26cf80b context audited: protocol/save/resource identifier, scheduler/pipeline ID, developer schema/log or formatting template; display label localized separately where needed
SpcItems enchant (<=80) or gold value		excluded	26cf80b context audited: protocol/save/resource identifier, scheduler/pipeline ID, developer schema/log or formatting template; display label localized separately where needed
spear GM damage taken stacks		excluded	26cf80b context audited: protocol/save/resource identifier, scheduler/pipeline ID, developer schema/log or formatting template; display label localized separately where needed
SpecialItems		excluded	26cf80b context audited: protocol/save/resource identifier, scheduler/pipeline ID, developer schema/log or formatting template; display label localized separately where needed
Speed	민첩성	translated	기존 MMMerge 능력치 용어
Speed|	속도|	translated	기술 상세 표 속도 라벨
Spell		excluded	테이블 열/내부 키로만 사용
spell		excluded	피해 계산 타입 내부 토큰
Spell drain	주문력 흡수	translated	몬스터 정보창 상태명
spell drain	주문력 흡수	translated	면역 발동 상태 메시지의 동적 상태명
Spell Failed	주문 실패	translated	upstream 26cf80b review
Spell hits up to 2 times	최대 2회 적중합니다	translated	주문 숙련 설명
Spell hits up to 3 times	최대 3회 적중합니다	translated	주문 숙련 설명
Spell hits up to 4 times	최대 4회 적중합니다	translated	주문 숙련 설명
Spell Points	주문력	translated	MMMerge PO 정확 일치 + 표시 문맥 확인
SpellPointsExpert		excluded	Spells2 구조 필드
SpellPointsGM		excluded	Spells2 구조 필드
SpellPointsMaster		excluded	Spells2 구조 필드
SpellPointsNormal		excluded	Spells2 구조 필드
SPELLS		excluded	26cf80b context audited: protocol/save/resource identifier, scheduler/pipeline ID, developer schema/log or formatting template; display label localized separately where needed
Spells Drain Hit points from target and Increased Spell speed.(except when equipping off-hand).	주문으로 대상의 생명력을 흡수하고 주문 시전 속도가 증가합니다. (보조 손에 장비하면 적용되지 않습니다.)	translated	아이템 마법부여 설명
spells-skill-books		excluded	26cf80b context audited: protocol/save/resource identifier, scheduler/pipeline ID, developer schema/log or formatting template; display label localized separately where needed
spells/ascension		excluded	26cf80b context audited: protocol/save/resource identifier, scheduler/pipeline ID, developer schema/log or formatting template; display label localized separately where needed
spells/insanity-shield-strip		excluded	26cf80b context audited: protocol/save/resource identifier, scheduler/pipeline ID, developer schema/log or formatting template; display label localized separately where needed
spirit		excluded	마법 계열 내부 조회용 소문자 키
Spirit Magic Book	영혼 마법서	translated	마법서 이름
Spirit Magic Skill +	영혼 마법 기술 +	translated	아이템 마법부여 기술 보너스
Sprays poison at monsters directly in front of your characters.  Damage is low, but few monsters have resistance to Water Magic, so it usually works.  Each shot does %s points of damage plus 1-%s per point of skill.	파티 바로 앞의 몬스터에게 독을 분사합니다. 피해량은 낮지만 물 마법 저항을 가진 몬스터가 적어 대체로 효과적입니다. 각 분사는 %s의 기본 피해와 기술 포인트당 1-%s의 추가 피해를 줍니다.	translated	독 분사 주문 설명
Sprays poison at monsters directly in front of your characters.  Damage is low, but few monsters have resistance to Water Magic, so it usually works.  Each shot does %s%% of a melee attack damage.	파티 바로 앞의 몬스터에게 독을 분사합니다. 피해량은 낮지만 물 마법 저항을 가진 몬스터가 적어 대체로 효과적입니다. 각 분사는 근접 공격 피해의 %s%%만큼 피해를 줍니다.	translated	암살자 독 분사 설명
Start Level 	도전 레벨 	translated	투기장 시작 토픽 접두어
StartingItemFix		excluded	26cf80b context audited: protocol/save/resource identifier, scheduler/pipeline ID, developer schema/log or formatting template; display label localized separately where needed
stats/label-watch		excluded	26cf80b context audited: protocol/save/resource identifier, scheduler/pipeline ID, developer schema/log or formatting template; display label localized separately where needed
stats/pool-labels		excluded	26cf80b context audited: protocol/save/resource identifier, scheduler/pipeline ID, developer schema/log or formatting template; display label localized separately where needed
stats/power-labels		excluded	26cf80b context audited: protocol/save/resource identifier, scheduler/pipeline ID, developer schema/log or formatting template; display label localized separately where needed
StdItems enchant 0-24		excluded	26cf80b context audited: protocol/save/resource identifier, scheduler/pipeline ID, developer schema/log or formatting template; display label localized separately where needed
Stone	석화	translated	몬스터 정보창 상태명
stone	석화	translated	면역 발동 상태 메시지의 동적 상태명
Stone and premature ageing Immunity	석화 및 조기 노화 면역	translated	특수 아이템 효과 설명
storedMasteries		excluded	26cf80b context audited: protocol/save/resource identifier, scheduler/pipeline ID, developer schema/log or formatting template; display label localized separately where needed
string		excluded	Lua 모듈/타입 판정 내부 문자열
stun-death-cleanup		excluded	26cf80b context audited: protocol/save/resource identifier, scheduler/pipeline ID, developer schema/log or formatting template; display label localized separately where needed
stun-spell-prime		excluded	26cf80b context audited: protocol/save/resource identifier, scheduler/pipeline ID, developer schema/log or formatting template; display label localized separately where needed
stun.connecteddata.com:3478		excluded	26cf80b context audited: protocol/save/resource identifier, scheduler/pipeline ID, developer schema/log or formatting template; display label localized separately where needed
sub dword [ds:0x509cac], 		excluded	어셈블리 패치 코드 조각
Subtlety	기민함	translated	암살자 회피 스킬명
Subtlety manipulates the boundary between life and death, granting you energy upon killing enemies and increasing your speed.\n\nEnergy consuming attack grants 1 stack, which increase your attack speed by 0.5% per skill point in Subtlety. Stacks up to 5 times.\n\n	기민함은 삶과 죽음의 경계를 다루어 적을 처치할 때 기력을 얻고 속도를 높여 줍니다.\n\n기력을 소모하는 공격은 중첩 효과를 1회 부여합니다. 중첩당 기민함 기술 포인트마다 공격 속도가 0.5% 증가하며, 최대 5회 중첩됩니다.\n\n	translated	upstream 26cf80b review
Subtlety manipulates the boundary between life and death, granting you energy upon killing enemies and increasing your speed.\n\nEnergy consuming attack grants 1 stack, which increase your attack speed by 1% per skill point in Subtlety. Stacks up to 5 times.\n\n	교묘함은 삶과 죽음의 경계를 다루어 적을 처치할 때 에너지를 얻고 속도를 높입니다.\n\n에너지를 소모하는 공격은 중첩 1회를 부여하며, 중첩당 교묘함 기술 포인트마다 공격 속도가 1% 증가합니다. 최대 5회 중첩됩니다.\n\n	translated	교묘함 기술 설명
Successfully covering an ally restores 3% of your HP	아군 엄호에 성공하면 자신의 생명력을 3% 회복합니다	translated	전설 아이템 효과
Summons a swarm of biting, stinging insects to bedevil a single target.  The swarm does %s points of damage plus 1-%s per point of skill in Earth Magic.	물고 쏘는 벌레 떼를 소환해 단일 대상을 괴롭힙니다. 벌레 떼는 %s의 기본 피해와 대지 마법 기술 포인트당 1-%s의 추가 피해를 줍니다.	translated	치명적 벌레떼 주문 설명
Summons flaming rocks from the sky which fall in a large radius surrounding your chosen target.  Try not to be near the victim when you use this spell.  A single meteor does %s points of damage plus %s per point of skill in Fire Magic.  This spell only works outdoors.	하늘에서 불타는 바위를 소환해 지정한 대상 주변의 넓은 범위에 떨어뜨립니다. 시전할 때 대상 가까이에 있지 않는 것이 좋습니다. 운석 하나당 %s + 화염 마법 기술 포인트당 %s의 피해를 줍니다. 야외에서만 사용할 수 있습니다.	translated	운석 소나기 주문 설명
Sunray is the second most devastating damage spell in the game. It does %s points of damage plus 1-%s points per point of skill in Light Magic, by concentrating the light of the sun on one unfortunate creature. Indoors it can be cast at any time; outdoors it only works during the day.	게임에서 두 번째로 강력한 피해 주문입니다. 태양빛을 한 대상에게 집중하여 %s의 기본 피해와 빛 마법 기술 포인트당 1-%s의 추가 피해를 줍니다. 실내에서는 언제든 시전할 수 있지만, 야외에서는 낮에만 사용할 수 있습니다.	translated	태양 광선 주문 설명
Superior Blood Leech	상급 피 흡수	translated	MAW 주문명
SUPREME UNLOCKED!!!	최상위 숙련 해금!!!	translated	최상위 숙련 해금 메시지
survival-gate		excluded	26cf80b context audited: protocol/save/resource identifier, scheduler/pipeline ID, developer schema/log or formatting template; display label localized separately where needed
survival/teleport		excluded	26cf80b context audited: protocol/save/resource identifier, scheduler/pipeline ID, developer schema/log or formatting template; display label localized separately where needed
sync/gamestate		excluded	26cf80b context audited: protocol/save/resource identifier, scheduler/pipeline ID, developer schema/log or formatting template; display label localized separately where needed
taking over control of monster with apropriate action		excluded	26cf80b context audited: protocol/save/resource identifier, scheduler/pipeline ID, developer schema/log or formatting template; display label localized separately where needed
taking turn...	차례 진행 중...	translated	upstream 26cf80b review
Target also loses the ability to attack at range	대상은 원거리 공격도 할 수 없게 됩니다	translated	upstream 26cf80b review
Target is out of sight.	대상이 시야 밖에 있습니다.	translated	upstream 26cf80b review
Target is too far away.	대상이 너무 멀리 있습니다.	translated	upstream 26cf80b review
TargetIndex		excluded	MM 버전별 플레이어 대상 필드 키
TargetRosterId		excluded	MM 버전별 플레이어 대상 필드 키
Targets found. Realms: Attuned. Time: Attuned.\n\n	대상을 찾았습니다. 영역: 동조됨. 시간: 동조됨.\n\n	translated	텔레로케이터 검색 결과
Telelocator	텔레로케이터	translated	NPC 표시명
Teleported 	순간이동: 	translated	순간이동 상태 메시지 조각
Temple		excluded	버프 출처/신전 상태 내부 sentinel
Temporarily increases all seven stats on all your characters by 1 per skill in Light Magic.  This spell lasts until you rest.	파티원 모두의 일곱 능력치를 빛 마법 기술 포인트당 1만큼 일시적으로 증가시킵니다. 휴식할 때까지 지속됩니다.	translated	능력치 강화 주문 설명
Temporarily increases by 10+(1 x Power) Endurance, Speed and Luck for 6 hours.	6시간 동안 지구력, 속도, 행운이 10 + (1 × 위력)만큼 증가합니다.	translated	QA: Endurance=지구력 용어 통일
Temporarily increases by 10+(1 x Power) Intellect and Personality for 6 hours.	6시간 동안 지성과 인격이 10 + (1 × 위력)만큼 증가합니다.	translated	QA: Intellect=지성, Personality=인격 용어 통일
Temporarily increases by 10+(1 x Power) Might and Accuracy for 6 hours.	6시간 동안 힘과 정확도가 10 + (1 × 위력)만큼 증가합니다.	translated	물약 효과 툴팁
The circlet is in safe hands. The Temple of the Sun will not forget your help.	머리띠는 안전하게 보관하고 있습니다. 태양의 신전은 여러분의 도움을 잊지 않을 것입니다.	translated	upstream 26cf80b review
The Crafting Cube raises the Item Bonus Power of any equipment by 	제작 큐브는 장비의 아이템 보너스 위력을 증가시킵니다. 기본 증가량: 	translated	upstream 26cf80b review
The Druid Circlet of Power! How many pilgrims gave their lives just to set eyes on it... The Temple of the Sun will keep it safe. Accept the Temple's gratitude, and this amulet.	힘의 드루이드 머리띠! 이 유물을 한 번 보려고 얼마나 많은 순례자들이 목숨을 잃었는지... 태양의 신전에서 안전하게 보관하겠습니다. 신전의 감사와 함께 이 부적을 받으십시오.	translated	upstream 26cf80b review
The dungeon has already been cleared, but you have the option to reset it and attempt it once more with even harder monsters. Please note that no completion rewards will be given for this reset. Would you like to proceed with resetting the dungeon? (yes/no)	이 던전은 이미 클리어했지만 초기화하여 더 강한 몬스터에게 다시 도전할 수 있습니다. 초기화 후에는 클리어 보상을 받을 수 없습니다. 던전을 초기화하시겠습니까? (yes/no 입력)	translated	yes/no 입력 토큰 보존
The Elementalist is the caster with the highest mana pool, who learns spells not from the book, but from casting spells of the same elemental school. He can't learn Ascension, but his ascension level is directly tied to the sum of the school levels divided by 4. Baseline spell recovery time is 50% higher; however, when he casts Magic, he gains stacks, which increase:\n\nSpell Damage: 10% per stack\nSpell Recovery Speed: 5% per stack\nMana Cost: +1 to the spell's BASE cost, before ascension scaling, and +7.5% of the total.\n\nAfter a few seconds without casting, the stacks decay by 50%. Dealing damage with a bow, melee weapon, or from the spellbook will break concentration, instantly resetting all stacks.\n\nSpells are cast randomly but divided into three categories: Single Target, Area of Effect, and Shotgun. Depending on the chosen quick-cast spell, the rotation is adjusted accordingly. For example, setting Fireball as a quick-cast spell will automatically prioritize AoE spells.	원소술사는 마나가 가장 많은 마법사이며, 책 대신 같은 원소 계열의 주문을 시전하여 주문을 배웁니다. 승천 기술은 배울 수 없으며, 승천 레벨은 원소 마법 기술 레벨 합계의 4분의 1입니다. 기본 주문 회복 시간이 50% 길지만, 마법을 시전하면 중첩을 얻어 다음 효과가 증가합니다:\n\n주문 피해: 중첩당 10%\n주문 회복 속도: 중첩당 5%\n마나 비용: 승천 보정을 적용하기 전 기본 비용에 +1, 총비용에 +7.5%.\n\n몇 초 동안 시전하지 않으면 중첩이 50% 감소합니다. 활이나 근접 무기로 피해를 가하거나 주문서에서 시전하면 집중이 깨져 모든 중첩이 즉시 초기화됩니다.\n\n주문은 무작위로 시전되지만 단일 대상, 범위, 산탄의 세 유형으로 나뉩니다. 선택한 빠른 시전 주문에 따라 순환이 조정됩니다. 예를 들어 화염구를 빠른 시전 주문으로 지정하면 범위 주문을 우선합니다.	translated	upstream 26cf80b display/context review
The Elementalist is the caster with the highest mana pool, who learns spells not from the book, but from casting spells of the same elemental school. He can't learn Ascension, but his ascension level is directly tied to the sum of the school levels divided by 4. Baseline spell recovery time is 50% higher; however, when he casts Magic, he gains stacks, which increase:\n\nSpell Damage: 10% per stack\nSpell Recovery Speed: 5% per stack\nMana Cost: 1 + 7.5% of the total.\n\nAfter a few seconds without casting, the stacks decay by 50%. Dealing damage with a bow, melee weapon, or from the spellbook will break concentration, instantly resetting all stacks.\n\nSpells are cast randomly but divided into three categories: Single Target, Area of Effect, and Shotgun. Depending on the chosen quick-cast spell, the rotation is adjusted accordingly. For example, setting Fireball as a quick-cast spell will automatically prioritize AoE spells.	원소술사는 가장 큰 마나량을 지닌 주문 시전자이며, 책이 아니라 같은 원소 계열의 주문을 직접 시전하면서 주문을 익힙니다. 승천을 직접 배울 수는 없지만 승천 레벨은 네 원소 계열 기술 레벨 합계를 4로 나눈 값에 따라 결정됩니다. 기본 주문 회복 시간은 50% 더 길지만, 마법을 시전하면 중첩을 얻어 다음 효과가 증가합니다:\n\n주문 피해: 중첩당 10%\n주문 회복 속도: 중첩당 5%\n마나 소모: 1 + 총량의 7.5%\n\n몇 초 동안 주문을 시전하지 않으면 중첩이 50%씩 감소합니다. 활이나 근접 무기로 피해를 주거나 주문서를 사용하면 집중이 깨져 모든 중첩이 즉시 초기화됩니다.\n\n주문은 무작위로 시전되지만 단일 대상, 광역 효과, 산탄형의 세 범주로 나뉩니다. 지정한 빠른 시전 주문에 따라 로테이션이 조정됩니다. 예를 들어 화염구를 빠른 시전 주문으로 설정하면 광역 주문을 자동으로 우선합니다.	translated	원소술사 직업 설명
The night is dark and full of terrors	밤은 어둡고 공포로 가득하다	translated	맵 이벤트 메시지
The Pearl of Memory is a mystical item valued for its power to erase one random enchant from any enchanted item.	기억의 진주는 마법부여된 아이템에서 무작위 마법부여 하나를 지울 수 있는 힘을 지닌 신비한 아이템입니다.	translated	제작 아이템 설명
The pilgrims bound for the Druid Circle were seeking more than old stones. It is said the druids of the Ancients left a relic there, the Druid Circlet of Power. The Temple of the Sun wishes to keep it safe before it falls into the wrong hands. The Circle lies to the northeast of here. If you find the circlet, bring it to me, and the Temple will reward you.	드루이드의 원으로 향한 순례자들이 찾던 것은 그저 오래된 돌무더기가 아니었습니다. 고대인의 드루이드들이 그곳에 힘의 드루이드 머리띠라는 유물을 남겼다고 합니다. 태양의 신전에서는 그 유물이 악한 자들의 손에 들어가기 전에 안전하게 보관하려 합니다. 드루이드의 원은 여기서 북동쪽에 있습니다. 머리띠를 찾으면 제게 가져오십시오. 신전에서 보상해 드리겠습니다.	translated	upstream 26cf80b review
The rift I showed you still stands. Clear it, then return to me.	제가 알려드린 균열은 아직 남아 있습니다. 그곳을 정리한 뒤 돌아오십시오.	translated	upstream 26cf80b review
The rift in %s is sealed. Accept this reward: %d gold.	%s의 균열이 봉인됐군요. 보상으로 금화 %d개를 받으십시오.	translated	upstream 26cf80b review
The rifts between worlds open only for those who have walked far enough. Return to me when one of you has reached level %d.	세계 사이의 균열은 충분히 성장한 이들에게만 열립니다. 일행 중 한 명이 %d레벨에 도달하면 다시 찾아오십시오.	translated	upstream 26cf80b review
The Shaman is a mystical warrior whose knowledge of magic enhances his martial prowess.\nYou can check following values by checking magic schools description in skills menu.\n - Each school will provide a unique bonus. There is strength in diversifying as well as specialization\n - Each point in Air will reduce damage a % pr rank reduced by level\n - Each point in Water will reduce damage by a flat number, making water better for weaker enemies, or if your defenses are already strong\n - Each point in spirit will increase healing and spell damage by a %\n - Fire will deal a % of current monster HP as fire damage, partially piercing this resistance. The bosskiller.\n - Each point in Earth will increase melee damage by a flat amount\n - Each point in Body will heal by flat amount\n - Each point in mind will restore a flat amount of mana	주술사는 마법 지식으로 무예를 강화하는 신비한 전사입니다.\n기술 메뉴의 마법 계열 설명에서 다음 수치를 확인할 수 있습니다.\n - 각 마법 계열은 고유한 보너스를 제공합니다. 여러 계열에 분산 투자하는 것과 한 계열에 집중하는 것 모두 장점이 있습니다.\n - 공기 기술 포인트마다 받는 피해를 일정 비율 감소시키며, 효과는 레벨에 따라 감소합니다.\n - 물 기술 포인트마다 받는 피해를 고정 수치로 감소시킵니다. 따라서 약한 적을 상대하거나 이미 방어력이 높은 경우 물이 더 효과적입니다.\n - 영혼 기술 포인트마다 치유량과 주문 피해가 일정 비율 증가합니다.\n - 화염은 몬스터의 현재 생명력에 비례한 화염 피해를 주며 저항을 일부 관통합니다. 보스 처치에 특화됩니다.\n - 대지 기술 포인트마다 근접 피해가 고정 수치로 증가합니다.\n - 육체 기술 포인트마다 고정 수치만큼 치유합니다.\n - 정신 기술 포인트마다 고정 수치만큼 마나를 회복합니다.	translated	주술사 직업 설명
Thick, herb-scented vellum warm to the pulse; a vigor-ward stiffens the pages, relaxing only for the steady hands of Body practitioners.	약초 향이 나는 두꺼운 양피지가 맥박에 맞춰 따뜻해집니다. 활력의 결계가 책장을 뻣뻣하게 굳혀 두었지만, 육체 마법 수행자의 안정된 손길에는 부드럽게 풀립니다.	translated	육체 마법서 설명
This ability is an upgraded version of the normal Dragon breath weapon attack.  It acts much like a fireball, striking its target and exploding out to hit everything near it, except the explosion does much more damage than most fireballs.	이 능력은 일반적인 용의 숨결 공격의 강화 버전입니다. 화염구와 비슷하게 작동하여 대상을 타격하고 폭발하여 근처의 모든 것을 공격하지만, 폭발 피해량은 대부분의 화염구보다 훨씬 강력합니다.	translated	용 숨결 주문 설명
This class combines the evil forces with brute power, making it powerful and versatile.\n Learning Frost/Blood/Unholy E/M/GM will unlock automatically new spells. However death knight can't learn spells from books.\n\nFrost:\n\nIncreases damage by 1-2-3 (at Novice, Master, Grandmaster levels) and boosts attack speed by 1% for every skill point invested.\n\nBlood:\n\nThis skill fortifies their resilience, reducing physical damage taken by 1% per skill point. Additionally, it endows their attacks with a leech effect, converting a portion of the damage dealt into health recovery.\n\nUnholy:\n\nIt amplifies damage by 1-2-3 (at Novice, Master, Grandmaster levels) and diminishes magical damage received by 1% for each skill point allocated.	이 직업은 사악한 힘과 강인한 육체를 결합해 강력하면서도 다재다능합니다.\n 냉기/혈기/부정 기술을 전문가/마스터/그랜드마스터로 올리면 새로운 주문을 자동으로 해금합니다. 단, 죽음의 기사는 주문서로 주문을 배울 수 없습니다.\n\n냉기:\n\n초보/마스터/그랜드마스터 단계에서 피해가 각각 1/2/3 증가하며, 투자한 기술 포인트마다 공격 속도가 1% 증가합니다.\n\n혈기:\n\n생존력을 강화해 기술 포인트당 받는 물리 피해를 1% 감소시킵니다. 또한 공격에 생명력 흡수 효과를 부여해 준 피해의 일부를 생명력으로 회복합니다.\n\n부정:\n\n초보/마스터/그랜드마스터 단계에서 피해가 각각 1/2/3 증가하며, 투자한 기술 포인트마다 받는 마법 피해가 1% 감소합니다.	translated	죽음의 기사 직업 설명
This corpse has no more gold.	이 시체에는 더 이상 금화가 없습니다.	translated	upstream 26cf80b review
This Eye allows to add a Special enchant to any equipment that has already 2 base enchants\n(right-click on an item with a base enchant to use)	이 눈은 기본 마법부여가 이미 2개 있는 장비에 특수 마법부여를 추가할 수 있게 합니다.\n(기본 마법부여가 있는 아이템을 우클릭하여 사용)	translated	제작 아이템 설명
This frightening ability grants the Dark Elf the power to wield Darkfire, a dangerous combination of the powers of Dark and Fire. Any target stricken by the Darkfire bolt resists with either its Fire or Dark resistance--whichever is lower. Damage is %s points of damage plus 1-%s per point of skill.	이 무시무시한 능력은 다크 엘프가 어둠과 화염의 힘을 결합한 위험한 다크파이어를 다루게 합니다. 다크파이어에 맞은 대상은 화염 저항과 어둠 저항 중 더 낮은 수치로 저항합니다. 피해량은 %s의 기본 피해 + 기술 포인트당 1-%s입니다.	translated	다크파이어 능력 설명
This horrible spell sucks the life from all creatures in sight, friend or enemy.  Souldrinker then transfers that life to your party in much the same fashion as Shared Life.  Damage (and healing) is %s + 1-%s per point of skill.	시야 안의 모든 생물에게서 생명력을 빼앗습니다. 아군과 적군을 가리지 않습니다. 영혼 흡수는 공동 생명과 비슷한 방식으로 빼앗은 생명력을 파티에 나눠 줍니다. 피해량(및 회복량)은 %s + 기술 포인트당 1-%s입니다.	translated	영혼 흡수 주문 설명
This Hourglass allows to add a second base enchant to any equipment that has 1 base and a special enchant\n(right-click on an item with a base enchant to use)	이 모래시계는 기본 마법부여 1개와 특수 마법부여가 있는 장비에 두 번째 기본 마법부여를 추가할 수 있게 합니다.\n(기본 마법부여가 있는 아이템을 우클릭하여 사용)	translated	제작 아이템 설명
This is the strongest single damage spell available to death knights and deals damage equal to 	죽음의 기사가 사용할 수 있는 가장 강력한 단일 대상 피해 주문입니다. 피해량: 	translated	동상 주문 설명 앞부분
This item cannot be applied to player remotely.	이 아이템은 다른 플레이어에게 원격으로 사용할 수 없습니다.	translated	upstream 26cf80b review
This items allows to increase the number of charges of Protection, Meditation, Regeneration, Magic Protection, Champion's, Paladin's, Divine Blessing and Divine Resistance potions.	이 아이템은 보호, 명상, 재생, 마법 보호, 챔피언, 팔라딘, 신성한 축복, 신성한 저항 물약의 사용 횟수를 늘릴 수 있게 합니다.	translated	제작 아이템 설명
This potion has been removed	이 물약은 제거되었습니다	translated	물약 설명
This potion has not enough power	이 물약의 위력이 부족합니다	translated	물약 상태 메시지
This skill has reached its limit	이 기술은 한계에 도달했습니다	translated	기술 상태 메시지
This skill has reached its limit (	이 기술이 한계에 도달했습니다 (	translated	upstream 26cf80b review
This skill is already as good as it will ever get	이 기술은 이미 최대치입니다	translated	기술 상태 메시지
This skill is only available to death knights and increases damage by 	죽음의 기사만 사용할 수 있는 기술입니다. 피해 증가량: 	translated	upstream 26cf80b review
This skill is only available to death knights and increases damage by 0.5-1-1.5 (at Novice, Expert, Master) and increases attack speed by 2% per skill point.\n	죽음의 기사만 사용할 수 있는 기술입니다. 피해가 0.5-1-1.5(초보-전문가-마스터) 증가하고 기술 포인트당 공격 속도가 2% 증가합니다.\n	translated	죽음의 기사 냉기 기술 설명
This skill is only available to death knights and increases damage by 0.5-1-1.5 (at Novice, Expert, Master) and reduces magical damage taken.\n	죽음의 기사만 사용할 수 있는 기술입니다. 피해가 0.5-1-1.5(초보-전문가-마스터) 증가하고 받는 마법 피해가 감소합니다.\n	translated	죽음의 기사 사악함 기술 설명
This skill is only available to death knights and reduces physical damage taken.\n	죽음의 기사만 사용할 수 있는 기술입니다. 받는 물리 피해가 감소합니다.\n	translated	죽음의 기사 혈마법 기술 설명
This spell is as good as it will ever be!	이 주문은 이미 최고의 성능을 발휘하고 있습니다!	translated	주문 숙련 설명
This spell is as good as it will ever get!	이 주문은 이미 최고의 성능을 발휘하고 있습니다!	translated	주문 숙련 설명
This spell is exclusive to Death Knights and deals damage equal to 	죽음의 기사 전용 주문입니다. 피해량: 	translated	얼음의 손길 주문 설명 앞부분
This spell is the town killer. Armageddon inflicts %s points of damage plus %s point of damage for every point of Dark skill your character has to every creature on the map, including all your characters. It can only be cast three times per day and only outdoors.	도시를 초토화하는 주문입니다. 아마겟돈은 맵의 모든 생물과 파티원 전원에게 %s + 캐릭터의 어둠 기술 포인트당 %s의 피해를 줍니다. 하루에 세 번만, 야외에서만 시전할 수 있습니다.	translated	아마겟돈 주문 설명
This spell surrounds its target with the power of raw darkness, rendering it unable to fire missile attacks or cast spells. Further the target's movement is slowed, its armor class is halved and it deals %d%% less damage. Base duration %gs at Grandmaster, less below, extended by Ascension. Does not stack with Shrinking Ray.	순수한 어둠의 힘으로 대상을 감싸 원거리 공격과 주문 시전을 봉쇄합니다. 이동 속도가 느려지고 방어 등급이 절반으로 감소하며, 가하는 피해가 %d%% 감소합니다. 그랜드마스터에서 기본 지속 시간은 %g초이며 낮은 숙련도에서는 더 짧습니다. 승천으로 지속 시간이 연장됩니다. 축소 광선과 중첩되지 않습니다.	translated	upstream 26cf80b display/context review
This spell weakens the link between a target's body and soul, causing %s + 2-%s points of damage per point of skill in Spirit Magic to all monsters near the caster.	대상의 육체와 영혼 사이의 연결을 약화시켜 시전자 주변의 모든 몬스터에게 %s + 영혼 마법 기술 포인트당 2-%s의 피해를 줍니다.	translated	영혼 채찍 주문 설명
Threshold HP to determine death/eradication depends on SP multiplied by mana shield efficiency instead, if higher	죽음/소멸 판정에 사용하는 생명력 임계값은 더 높은 경우 주문력에 마나 방패 효율을 곱한 값을 대신 사용합니다	translated	전설 아이템 효과
Throw an ice bomb that shatters upon hitting something, most effective versus big foes or multiple enemies.\nDeals damage equal to 	충돌하면 산산이 부서지는 얼음 폭탄을 던집니다. 큰 적이나 여러 적을 상대할 때 특히 효과적입니다.\n피해량은 현재 무기 피해의 	translated	얼음 폭탄 설명 조각
Timed out	시간 초과	translated	upstream 26cf80b review
timers/driver		excluded	26cf80b context audited: protocol/save/resource identifier, scheduler/pipeline ID, developer schema/log or formatting template; display label localized separately where needed
Toggle remote players UI:	다른 플레이어 UI 전환:	translated	upstream 26cf80b review
tooltip		excluded	아이템 계산 모드 내부 토큰
Tooltip		excluded	26cf80b context audited: protocol/save/resource identifier, scheduler/pipeline ID, developer schema/log or formatting template; display label localized separately where needed
tooltip sections:		excluded	26cf80b context audited: protocol/save/resource identifier, scheduler/pipeline ID, developer schema/log or formatting template; display label localized separately where needed
Total corrupted bags: 	손상된 가방 수: 	translated	저장 무결성 경고
Total corrupted items: 	손상된 아이템 수: 	translated	저장 무결성 경고
touch	접촉 거리	translated	upstream 26cf80b review
track-and-clamp		excluded	26cf80b context audited: protocol/save/resource identifier, scheduler/pipeline ID, developer schema/log or formatting template; display label localized separately where needed
trainings		excluded	26cf80b context audited: protocol/save/resource identifier, scheduler/pipeline ID, developer schema/log or formatting template; display label localized separately where needed
Triple healing effect	회복 효과가 3배가 됩니다	translated	스킬 숙련 효과
Turn-based mode is not available in multiplayer.	멀티플레이에서는 턴 기반 모드를 사용할 수 없습니다.	translated	upstream 26cf80b display/context review
Ultimate 	궁극의 	translated	클래스명 접두어
Unarmed	맨손 전투	translated	스킬 표시명
Unarmed skill	맨손 전투 기술	translated	MMMerge PO 정확 일치 + 표시 문맥 확인
UncappedSkills		excluded	26cf80b context audited: protocol/save/resource identifier, scheduler/pipeline ID, developer schema/log or formatting template; display label localized separately where needed
Uncom.		excluded	저장/비교용 lootFilter 값은 영어 유지; 생성 overlay의 설정 표시 helper에서 고급으로 렌더링
Unconscious	의식불명	translated	몬스터 정보창 상태명
unconscious	의식불명	translated	면역 발동 상태 메시지의 동적 상태명
Unconscious Immunity	의식불명 면역	translated	물약 효과 상태 메시지
Unholy	사악함	translated	죽음의 기사 스킬명
Unlock the true potential of your mana reserves with Enlightenment, a transformative skill that increases your mana pool and reduces mana reserved by buffs, empowering you to cast more freely and frequently.\n\nThe cost of buffs is divided by the amount of mana you gain per level. As you reach higher mastery levels, the divisor increases, but your total mana pool remains the same.\n\nIf available, Expert, Master and Grandmaster is learned at skill 6-12-20.\n	깨달음은 마나의 잠재력을 끌어내 최대 마나를 늘리고 버프가 예약하는 마나를 줄여 주문을 더 자유롭고 자주 사용할 수 있게 합니다.\n\n버프 비용은 레벨당 얻는 마나량을 기준으로 나뉩니다. 숙련도가 높아질수록 나누는 값은 커지지만 전체 마나량은 변하지 않습니다.\n\n가능한 경우 전문가, 마스터, 그랜드마스터 단계는 기술 레벨 6-12-20에서 습득합니다.\n	translated	깨달음 기술 설명
Unnamed Skill	이름 없는 기술	translated	upstream 26cf80b review
unnamed, so field-by-field copies (Item-Sorter, MultiBag) drop it		excluded	26cf80b context audited: protocol/save/resource identifier, scheduler/pipeline ID, developer schema/log or formatting template; display label localized separately where needed
unused by the mod		excluded	26cf80b context audited: protocol/save/resource identifier, scheduler/pipeline ID, developer schema/log or formatting template; display label localized separately where needed
UseMonsterBolster		excluded	설정 저장 필드 이름
Uses HP amounts, not percentages. Can revive the wearer from unconsciousness.	체력 비율이 아닌 수치를 기준으로 계산합니다. 의식불명 상태인 착용자를 깨울 수 있습니다.	translated	upstream 26cf80b display/context review
Vampires only	뱀파이어 전용	translated	upstream 26cf80b review
Vampiric Aura	흡혈의 오라	translated	주문 이름
Vampiric Aura: damage done will restore player HP.\n\n	흡혈 오라: 가한 피해에 따라 플레이어의 생명력이 회복됩니다.\n\n	translated	아이템 툴팁
vanilla Game.Time expiry on unmodified temp-enchanted items		excluded	26cf80b context audited: protocol/save/resource identifier, scheduler/pipeline ID, developer schema/log or formatting template; display label localized separately where needed
vars.AusterityMode		excluded	26cf80b context audited: protocol/save/resource identifier, scheduler/pipeline ID, developer schema/log or formatting template; display label localized separately where needed
vars.insanityMode		excluded	26cf80b context audited: protocol/save/resource identifier, scheduler/pipeline ID, developer schema/log or formatting template; display label localized separately where needed
vars.madnessMode		excluded	26cf80b context audited: protocol/save/resource identifier, scheduler/pipeline ID, developer schema/log or formatting template; display label localized separately where needed
vars.Mode		excluded	26cf80b context audited: protocol/save/resource identifier, scheduler/pipeline ID, developer schema/log or formatting template; display label localized separately where needed
vars.trueNightmare		excluded	26cf80b context audited: protocol/save/resource identifier, scheduler/pipeline ID, developer schema/log or formatting template; display label localized separately where needed
Version		excluded	26cf80b context audited: protocol/save/resource identifier, scheduler/pipeline ID, developer schema/log or formatting template; display label localized separately where needed
Version: 	버전: 	translated	upstream 26cf80b review
versions do not match, server version: 	버전이 일치하지 않습니다. 서버 버전: 	translated	upstream 26cf80b display/context review
Vitality: 	활력: 	translated	아이템 툴팁
Vitality: %s\n\n\n\n\n\n\n\n	활력: %s\n\n\n\n\n\n\n\n	translated	능력치 UI; 자리표시자 보존
Voice		excluded	26cf80b context audited: protocol/save/resource identifier, scheduler/pipeline ID, developer schema/log or formatting template; display label localized separately where needed
WARNING!!!\n\nDURING THE AUTOSAVE, CORRUPTED ITEMS/BAGS HAVE BEEN DETECTED! Either load a previous save, where items/bags are not corrupted, or properly check your bags, and if no item/bag is missing you can keep playing (not recommended). \nDown below a list of corrupted items:\n\n	경고!!!\n\n자동 저장 중 손상된 아이템/가방이 감지되었습니다! 아이템이나 가방이 손상되지 않은 이전 저장을 불러오거나 가방을 직접 확인하십시오. 누락된 아이템이나 가방이 없다면 계속 플레이할 수 있지만 권장하지 않습니다.\n아래는 손상된 아이템 목록입니다:\n\n	translated	자동 저장 손상 경고
WARNING!!!\n\nSAVE HAVE BEEN STOPPED DUE TO CORRUPTED ITEMS/BAGS! Either load a previous save, where items/bags are not corrupted, or properly check your bags, and if no item/bag is missing you can save again (this time no warning will be given). \nDown below a list of corrupted items:\n\n	경고!!!\n\n손상된 아이템/가방이 감지되어 저장이 중단되었습니다! 아이템이나 가방이 손상되지 않은 이전 저장을 불러오거나 가방을 직접 확인하십시오. 누락된 아이템이나 가방이 없다면 다시 저장할 수 있습니다(이번에는 경고가 표시되지 않습니다).\n아래는 손상된 아이템 목록입니다:\n\n	translated	저장 중단 손상 경고
Water		excluded	클래스/오브젝트 구조 및 내부 조회값; 표시명은 기존 MMMerge 데이터에서 별도 처리
water		excluded	마법 계열 내부 조회용 소문자 키
Water Magic	물 마법	translated	Skillz.setName 표시명
Water Magic Book	물 마법서	translated	마법서 이름
Water Magic Skill +	물 마법 기술 +	translated	아이템 마법부여 기술 보너스
Water Resistance	물 저항	translated	MMMerge PO 정확 일치 + 표시 문맥 확인
We have no more items to trade for kegs	술통으로 교환할 아이템이 더 이상 없습니다	translated	교환 메시지
We have no more items to trade for pyramids	피라미드로 교환할 아이템이 더 이상 없습니다	translated	교환 메시지
Weakness	약화	translated	몬스터 정보창 상태명
weakness	약화	translated	면역 발동 상태 메시지의 동적 상태명
Weakness Immunity	쇠약 면역	translated	물약 효과 상태 메시지
weapon		excluded	26cf80b context audited: protocol/save/resource identifier, scheduler/pipeline ID, developer schema/log or formatting template; display label localized separately where needed
weapon-recompute		excluded	26cf80b context audited: protocol/save/resource identifier, scheduler/pipeline ID, developer schema/log or formatting template; display label localized separately where needed
weapon-stun		excluded	26cf80b context audited: protocol/save/resource identifier, scheduler/pipeline ID, developer schema/log or formatting template; display label localized separately where needed
weaponSkillRefunded		excluded	26cf80b context audited: protocol/save/resource identifier, scheduler/pipeline ID, developer schema/log or formatting template; display label localized separately where needed
WeaponSkills		excluded	26cf80b context audited: protocol/save/resource identifier, scheduler/pipeline ID, developer schema/log or formatting template; display label localized separately where needed
Welcome to the arena, warriors! This might be different than you remember. Prepare yourselves, sharpen your skills, and brace for the challenge ahead. Get ready to showcase your strength, strategy, and determination. The battle awaits!	전사들이여, 투기장에 온 것을 환영합니다! 기억하던 모습과는 다를 수 있습니다. 각오를 다지고 기술을 연마해 눈앞의 도전에 대비하십시오. 힘과 전략, 의지를 증명할 준비를 하십시오. 전투가 기다립니다!	translated	MAW 투기장 안내
Welcome to the Nightmare...\nGood luck.. you will need	악몽에 온 것을 환영합니다...\n행운을 빕니다... 필요할 겁니다	translated	난이도 메시지
wikipedia.org		excluded	26cf80b context audited: protocol/save/resource identifier, scheduler/pipeline ID, developer schema/log or formatting template; display label localized separately where needed
Wine Rack	와인 선반	translated	맵 힌트
with SetAncientTier / SetLegendaryAffix / SetCelestialItem. 		excluded	26cf80b context audited: protocol/save/resource identifier, scheduler/pipeline ID, developer schema/log or formatting template; display label localized separately where needed
Women only	여성 전용	translated	upstream 26cf80b review
World: Enroth. Realm: %s. Landmark: %s. Year: %s\nTargets' status: %s, type: %s, state: %s.\n	세계: 엔로스. 영역: %s. 지점: %s. 연도: %s\n대상 상태: %s, 유형: %s, 상태: %s.\n	translated	텔레로케이터 몬스터 검색 결과
write the field directly		excluded	26cf80b context audited: protocol/save/resource identifier, scheduler/pipeline ID, developer schema/log or formatting template; display label localized separately where needed
Wrong Skill ID	잘못된 기술 ID	translated	upstream 26cf80b review
XOR-MAPPED-ADDRESS		excluded	26cf80b context audited: protocol/save/resource identifier, scheduler/pipeline ID, developer schema/log or formatting template; display label localized separately where needed
You activated Nightmare Mode, monsters will be much stronger and you can't save nor teleport away from them, however, items found will be much stronger.\nLeaving a dungeon before killing most of them will cause monsters to respawn.\nClearing a dungeon will grant you extra rewards.\nRespawned monsters give less experience and loot, once True Nightmare is activated there is no way back, are you sure? (yes/no)	악몽 모드를 활성화했습니다. 몬스터가 훨씬 강해지고 전투 중 저장하거나 순간이동으로 빠져나갈 수 없지만, 발견하는 아이템도 훨씬 강력해집니다.\n던전의 몬스터 대부분을 처치하기 전에 떠나면 몬스터가 다시 생성됩니다.\n던전을 클리어하면 추가 보상을 받습니다.\n다시 생성된 몬스터는 경험치와 전리품을 적게 주며, 진정한 악몽을 활성화하면 되돌릴 수 없습니다. 정말 진행하시겠습니까? (yes/no 입력)	translated	yes/no 입력 토큰 보존
You do not have the circlet. The Druid Circle lies to the northeast of here; look for it there.	머리띠가 없으시군요. 드루이드의 원은 여기서 북동쪽에 있으니, 그곳을 찾아보십시오.	translated	upstream 26cf80b review
You don't meet the requirements, and cannot be taught until you do.	요구 조건을 충족하지 못했으므로, 조건을 갖출 때까지 배울 수 없습니다.	translated	스킬 교육 거절 대사
You found 	획득: 	translated	아이템 필터 메시지 조각
You found an item (	아이템을 발견했습니다 (	translated	upstream 26cf80b review
You have been defeated.\nPress ESC to accept death or wait for another player to revive you.	패배했습니다.\nESC를 눌러 죽음을 받아들이거나 다른 플레이어가 되살려 줄 때까지 기다리세요.	translated	upstream 26cf80b display/context review
You have sealed every rift I could find. There is nothing more I can show you.	제가 찾은 균열을 모두 봉인하셨습니다. 더 알려드릴 곳이 없습니다.	translated	upstream 26cf80b review
You Heal for 	회복량: 	translated	회복 메시지 조각
You heal the party for 	파티 회복량: 	translated	회복 메시지 조각
YOU LEARNED RETALIATION!!	반격을 습득했습니다!!	translated	기술 습득 메시지
You must prove your worth first	먼저 자신의 가치를 증명해야 합니다	translated	맵 이벤트 메시지
You need a key to teleport to Emerald Island.	에메랄드 섬으로 순간이동하려면 열쇠가 필요합니다.	translated	순간이동 안내
You need a key to teleport to Erathia.	에라시아로 순간이동하려면 열쇠가 필요합니다.	translated	순간이동 안내
You need a key to teleport to Evenmorn Island.	이븐모른 섬으로 순간이동하려면 열쇠가 필요합니다.	translated	순간이동 안내
You need a key to use this hub. Talk to Illene Farswell.	이 허브를 사용하려면 열쇠가 필요합니다. 일린 파스웰과 대화하세요.	translated	순간이동 허브 안내
You need to clear the area COMPLETELY first.	먼저 이 지역을 완전히 정리해야 합니다.	translated	현상금 사냥 진행 안내
You need to gain more exp. to benefit from this potion	이 물약의 효과를 받으려면 경험치를 더 쌓아야 합니다	translated	물약 상태 메시지
You regenerate 	재생하는 양: 	translated	upstream 26cf80b review
You regenerate 10 energy per second	초당 에너지 10을 회복합니다	translated	스킬 숙련 효과
You regenerate 12 energy per second	초당 에너지 12를 회복합니다	translated	스킬 숙련 효과
You regenerate 14 energy per second	초당 에너지 14를 회복합니다	translated	스킬 숙련 효과
You regenerate 8 energy per second	초당 에너지 8을 회복합니다	translated	스킬 숙련 효과
Your attacks also leech 	또한 공격 시 흡수하는 생명력은 가한 물리 피해의 	translated	upstream 26cf80b review
Your hits deal 2% of current monster HP as physical damage (1% for AoE, multi-hit spells and arrows).\nDamage is increased by weapon base attack speed or Ascensions for spells.	공격이 몬스터의 현재 생명력 2%만큼 물리 피해를 줍니다(광역 공격, 다단히트 주문, 화살은 1%).\n피해량은 무기의 기본 공격 속도에 따라 증가하며, 주문은 승천에 따라 증가합니다.	translated	전설 아이템 효과
Your level is too low (Level 	레벨이 너무 낮습니다 (필요 레벨 	translated	필요 레벨 메시지 조각
Your next attack deals additional damage, multiplied by skill level	다음 공격이 기술 레벨에 비례한 추가 피해를 줍니다	translated	반격 숙련 효과
Your next attack has a 25% chance to stun the enemy for 2 seconds	다음 공격이 25% 확률로 적을 2초 동안 기절시킵니다	translated	반격 숙련 효과
Your next attack recovery time is reduced by 30%	다음 공격의 회복 시간이 30% 감소합니다	translated	반격 숙련 효과
Your skill points has been reset!	기술 포인트가 초기화되었습니다!	translated	초기화 메시지
Your weapon enchants can deal critical damage	무기 마법부여 효과가 치명타 피해를 줄 수 있습니다	translated	전설 아이템 효과
Your weapon enchants scale with the highest between might/int./pers.	무기 마법부여 효과는 힘/지력/인격 중 가장 높은 수치에 따라 증가합니다	translated	전설 아이템 효과
zzClasses:1133		excluded	26cf80b context audited: protocol/save/resource identifier, scheduler/pipeline ID, developer schema/log or formatting template; display label localized separately where needed
zzClasses:1534		excluded	26cf80b context audited: protocol/save/resource identifier, scheduler/pipeline ID, developer schema/log or formatting template; display label localized separately where needed
zzClasses:1649		excluded	26cf80b context audited: protocol/save/resource identifier, scheduler/pipeline ID, developer schema/log or formatting template; display label localized separately where needed
zzClasses:1962		excluded	26cf80b context audited: protocol/save/resource identifier, scheduler/pipeline ID, developer schema/log or formatting template; display label localized separately where needed
zzClasses:255		excluded	26cf80b context audited: protocol/save/resource identifier, scheduler/pipeline ID, developer schema/log or formatting template; display label localized separately where needed
zzClasses:855		excluded	26cf80b context audited: protocol/save/resource identifier, scheduler/pipeline ID, developer schema/log or formatting template; display label localized separately where needed
zzClasses:972		excluded	26cf80b context audited: protocol/save/resource identifier, scheduler/pipeline ID, developer schema/log or formatting template; display label localized separately where needed
zzMaw-Items:3595		excluded	26cf80b context audited: protocol/save/resource identifier, scheduler/pipeline ID, developer schema/log or formatting template; display label localized separately where needed
zzMaw-Monsters:2236		excluded	26cf80b context audited: protocol/save/resource identifier, scheduler/pipeline ID, developer schema/log or formatting template; display label localized separately where needed
zzMaw-Monsters:2552		excluded	26cf80b context audited: protocol/save/resource identifier, scheduler/pipeline ID, developer schema/log or formatting template; display label localized separately where needed
zzMaw-Monsters:3269		excluded	26cf80b context audited: protocol/save/resource identifier, scheduler/pipeline ID, developer schema/log or formatting template; display label localized separately where needed
zzMaw-Monsters:3340		excluded	26cf80b context audited: protocol/save/resource identifier, scheduler/pipeline ID, developer schema/log or formatting template; display label localized separately where needed
zzMaw-Monsters:4475		excluded	26cf80b context audited: protocol/save/resource identifier, scheduler/pipeline ID, developer schema/log or formatting template; display label localized separately where needed
zzMaw-Monsters:4548		excluded	26cf80b context audited: protocol/save/resource identifier, scheduler/pipeline ID, developer schema/log or formatting template; display label localized separately where needed
zzMAW-Skills:2248		excluded	26cf80b context audited: protocol/save/resource identifier, scheduler/pipeline ID, developer schema/log or formatting template; display label localized separately where needed
zzMAW-Skills:2395		excluded	26cf80b context audited: protocol/save/resource identifier, scheduler/pipeline ID, developer schema/log or formatting template; display label localized separately where needed
zzMAW-Skills:2439		excluded	26cf80b context audited: protocol/save/resource identifier, scheduler/pipeline ID, developer schema/log or formatting template; display label localized separately where needed
zzMaw-Spells:1596		excluded	26cf80b context audited: protocol/save/resource identifier, scheduler/pipeline ID, developer schema/log or formatting template; display label localized separately where needed
zzMaw-Spells:1823		excluded	26cf80b context audited: protocol/save/resource identifier, scheduler/pipeline ID, developer schema/log or formatting template; display label localized separately where needed
zzMaw-Spells:3191		excluded	26cf80b context audited: protocol/save/resource identifier, scheduler/pipeline ID, developer schema/log or formatting template; display label localized separately where needed
zzMaw-Spells:973		excluded	26cf80b context audited: protocol/save/resource identifier, scheduler/pipeline ID, developer schema/log or formatting template; display label localized separately where needed
zzMaw-Stats:1105		excluded	26cf80b context audited: protocol/save/resource identifier, scheduler/pipeline ID, developer schema/log or formatting template; display label localized separately where needed
zzMaw-Stats:141		excluded	26cf80b context audited: protocol/save/resource identifier, scheduler/pipeline ID, developer schema/log or formatting template; display label localized separately where needed
zzMaw-Stats:735		excluded	26cf80b context audited: protocol/save/resource identifier, scheduler/pipeline ID, developer schema/log or formatting template; display label localized separately where needed
zzMaw-Stats:770		excluded	26cf80b context audited: protocol/save/resource identifier, scheduler/pipeline ID, developer schema/log or formatting template; display label localized separately where needed
zzMaw-Survival:309		excluded	26cf80b context audited: protocol/save/resource identifier, scheduler/pipeline ID, developer schema/log or formatting template; display label localized separately where needed
zzMaw-Survival:316		excluded	26cf80b context audited: protocol/save/resource identifier, scheduler/pipeline ID, developer schema/log or formatting template; display label localized separately where needed
zzMaw_Legendaries:22		excluded	26cf80b context audited: protocol/save/resource identifier, scheduler/pipeline ID, developer schema/log or formatting template; display label localized separately where needed
zzMaw_Legendaries:53		excluded	26cf80b context audited: protocol/save/resource identifier, scheduler/pipeline ID, developer schema/log or formatting template; display label localized separately where needed
zzMaw_Mapping:1		excluded	26cf80b context audited: protocol/save/resource identifier, scheduler/pipeline ID, developer schema/log or formatting template; display label localized separately where needed
zzMaw_Mapping:16		excluded	26cf80b context audited: protocol/save/resource identifier, scheduler/pipeline ID, developer schema/log or formatting template; display label localized separately where needed
zzMAWStatusMsg:151		excluded	26cf80b context audited: protocol/save/resource identifier, scheduler/pipeline ID, developer schema/log or formatting template; display label localized separately where needed
zzMAWStatusMsg:151a		excluded	26cf80b context audited: protocol/save/resource identifier, scheduler/pipeline ID, developer schema/log or formatting template; display label localized separately where needed
zzMAWStatusMsg:2		excluded	26cf80b context audited: protocol/save/resource identifier, scheduler/pipeline ID, developer schema/log or formatting template; display label localized separately where needed
zzMAWStatusMsg:24		excluded	26cf80b context audited: protocol/save/resource identifier, scheduler/pipeline ID, developer schema/log or formatting template; display label localized separately where needed
zzMAWStatusMsg:4		excluded	26cf80b context audited: protocol/save/resource identifier, scheduler/pipeline ID, developer schema/log or formatting template; display label localized separately where needed
