id	status	category	source	translation	placeholders	first_file	first_line	occurrences	notes
maw-298b76148c59	untranslated	class	"

Light Magic quickens the Seraphim's strikes, increasing attack speed.

Its radiance lightens the blade so much that even a two-handed sword can be wielded in one hand, freeing the off hand for a shield.
"			Scripts/General/zzClasses.lua	417	1	
maw-9de960e7f949	untranslated	class	"

Seraph Spirit strengthens the Seraph's resolve, shrugging off light hits and softening heavy blows
"			Scripts/General/zzClasses.lua	401	1	
maw-9fb746df06ca	untranslated	class	"

Seraphim damage upon attack increases depending on Mind magic, scaling with might(weapon speed and weapon damage multiplier applies).

"			Scripts/General/zzClasses.lua	414	1	
maw-3a6d65ad5596	untranslated	class	"

Seraphim healing upon attack increases depending on Body magic, scaling with personality(weapon speed multiplier applies).

"			Scripts/General/zzClasses.lua	408	1	
maw-15b04565ed76	untranslated	class	" (applied after resistances)
"			Scripts/General/zzClasses.lua	401	1	
maw-2c39ec4a0977	untranslated	class	%s      %s|		%s %s	Scripts/General/zzClasses.lua	667	4	
maw-8306811ab44f	untranslated	class	%s     %s|		%s %s	Scripts/General/zzClasses.lua	669	4	
maw-f554a37086c3	untranslated	class	%s    %s		%s %s	Scripts/General/zzClasses.lua	673	8	
maw-2b4ccc7581b3	untranslated	class	%s  %s|		%s %s	Scripts/General/zzClasses.lua	672	8	
maw-b1fb3bec6fdb	untranslated	class	AC			Scripts/General/AdaptiveMonstersStats.lua	714	2	
maw-1b81f28b5afb	untranslated	class	Attack			Scripts/General/zzClasses.lua	461	5	
maw-5b4786e077ad	untranslated	class	Attack         +			Scripts/General/zzClasses.lua	828	1	
maw-3854c81b2cf3	untranslated	class	Character %s has invalid class id: %s. Resetted to %s		%s %s %s	Scripts/General/NPCMercenaries.lua	742	1	
maw-44f50a38ac6d	untranslated	class	Current damage from Mind: 			Scripts/General/zzClasses.lua	414	1	
maw-8996eb86c11b	untranslated	class	Current heal from Body: 			Scripts/General/zzClasses.lua	408	1	
maw-1b1ac2652b80	untranslated	class	currentForce			Scripts/General/zzClasses.lua	866	1	
maw-7bf6d1d3a58a	untranslated	class	Damage			Scripts/General/zzClasses.lua	462	5	
maw-54198309009a	untranslated	class	damage			Scripts/General/zzClasses.lua	1156	9	
maw-560fe3e00686	untranslated	class	"Damage














"			Scripts/General/zzClasses.lua	827	1	
maw-e573ad9a62ae	untranslated	class	Damage reduction: 			Scripts/General/zzClasses.lua	401	1	
maw-08f0a732529a	untranslated	class	DamageMult			Scripts/General/zzClasses.lua	2180	22	
maw-d1e85b725202	untranslated	class	directionX			Scripts/General/zzClasses.lua	866	1	
maw-4c7f9ddae830	untranslated	class	directionY			Scripts/General/zzClasses.lua	866	1	
maw-ee2cd572baee	untranslated	class	"Dragons scales are hard enough to work as natural armor, gaining naturally 40 + 1 AC per level (up to level 600).
Scales further enhance their toughness and resistance to magical damage, increasing the thoughness by a percentage.

------------------------------------------------------------
          AC%| Res%"			Scripts/General/zzClasses.lua	807	1	
maw-5d3f344b5bd2	untranslated	class	duration			Scripts/General/zzClasses.lua	866	1	
maw-9d6d1bb8b10c	untranslated	class	Elder 			Scripts/General/zzClasses.lua	96	1	
maw-0fb88bcef8a5	untranslated	class	GetArmorClass			Scripts/General/AdaptiveMonstersStats.lua	1041	1	
maw-8a3559daa477	untranslated	class	Increases Armor Class  by 5+(0.5 x Power) for 6 Hours			Scripts/General/zzAlchemy.lua	482	1	
maw-1c6884f089f2	untranslated	class	Merc			Scripts/General/NPCMercenaries.lua	756	1	
maw-eeec8e860233	untranslated	class	Resistances			Scripts/General/zzClasses.lua	472	1	
maw-b301c10b3d0a	untranslated	class	Shoot			Scripts/General/zzClasses.lua	833	2	
maw-edea0f29be7d	untranslated	class	Shoot         +			Scripts/General/zzClasses.lua	829	1	
maw-1d87c39c6baa	untranslated	class	StackCost			Scripts/General/zzClasses.lua	2180	21	
maw-aeddfe22a01f	untranslated	class	Tick			Scripts/General/zzClasses.lua	1484	3	
maw-417ced4d83f0	untranslated	class	totalDuration			Scripts/General/zzClasses.lua	866	1	
maw-b0b73dfa2619	untranslated	class	totalForce			Scripts/General/zzClasses.lua	866	1	
maw-f099e38eb393	untranslated	class	Ultimate 			Scripts/General/zzClasses.lua	98	1	
maw-ae24a945c0d5	untranslated	item	"

Artifact Level: "			Scripts/General/zzMaw-Items.lua	2500	1	
maw-0968edf89220	untranslated	item	"

Bonus AC: "			Scripts/General/zzMAW-Skills.lua	605	1	
maw-b11fcd927849	untranslated	item	"

Celestial Items cannot be upgraded with crafting Gems or Cubes, but scale with player level, up to level 1000."			Scripts/General/zzMaw-Items.lua	2814	1	
maw-f051a63b6b28	untranslated	item	"

Celestial Items cannot be upgraded with crafting Gems or Cubes, but scale with player level, up to level 600."			Scripts/General/zzMaw-Items.lua	2812	1	
maw-0c5e39bde9d5	untranslated	item	"

Current AC from items: "			Scripts/General/zzMAW-Skills.lua	597	1	
maw-4b6f075b0000	untranslated	item	"

Item Bonus Power: "			Scripts/General/zzMaw-Items.lua	1839	1	
maw-04e85c28a52b	untranslated	item	"

Item Modifier:
Two Handed Weapons: "			Scripts/General/zzAlchemy.lua	719	1	
maw-74f707e4e26c	untranslated	item	"

Level Required: "			Scripts/General/zzMaw-Items.lua	2802	1	
maw-d2fe0a0a69aa	untranslated	item	"

Scale with player level, up to level 550."			Scripts/General/zzMaw-Items.lua	2495	1	
maw-82210a28ed56	untranslated	item	"

Scale with player level, up to level 900."			Scripts/General/zzMaw-Items.lua	2497	1	
maw-02219f4d1f51	untranslated	item	"
Attack Speed: "			Scripts/General/zzMaw-Items.lua	2552	2	
maw-45425af9f0d2	untranslated	item	 +X			Scripts/General/zzMaw-Items.lua	1705	1	
maw-5c2d44bdc878	untranslated	item	 - Corrupted item #			Scripts/General/zzMaw-Item-Sorter.lua	720	1	
maw-296498801eda	untranslated	item	 Armor.			Scripts/General/zzMaw-Items.lua	2051	1	
maw-70364f2b0837	untranslated	item	 attacks and +			Scripts/General/zzMaw-Items.lua	2049	1	
maw-0b7385a3815f	untranslated	item	 Aura: adds 			Scripts/General/zzMaw-Items.lua	4699	1	
maw-d7e3a56e8341	untranslated	item	 Body and mind Resistances.			Scripts/General/zzMaw-Items.lua	2068	1	
maw-511c96a0a13d	untranslated	item	 Elemental Resistances.			Scripts/General/zzMaw-Items.lua	2067	1	
maw-8e704db26d0b	untranslated	item	 Endurance and			Scripts/General/zzMaw-Items.lua	2051	1	
maw-b3c25ac9c926	untranslated	item	 Endurance and Accuracy.			Scripts/General/zzMaw-Items.lua	2055	1	
maw-15e8e8dd4092	untranslated	item	 Endurance and Regenerate Hit points over time.			Scripts/General/zzMaw-Items.lua	2057	1	
maw-6eb59489bcbb	untranslated	item	" Fire Damage to any attack

"			Scripts/General/zzMaw-Items.lua	4699	1	
maw-fc9d83e4d0ea	untranslated	item	 Fire Resistance and Regenerate Hit points over time.			Scripts/General/zzMaw-Items.lua	2053	1	
maw-76e2c8fd1d31	untranslated	item	 Hit points and Regenerate Hit points over time.			Scripts/General/zzMaw-Items.lua	2047	1	
maw-fc6baca8cc26	untranslated	item	 in bag #			Scripts/General/zzMaw-Item-Sorter.lua	720	1	
maw-ac1801ec9062	untranslated	item	 Intellect and Accuracy.			Scripts/General/zzMaw-Items.lua	2065	1	
maw-3d01fd505175	untranslated	item	 Intellect and Luck.			Scripts/General/zzMaw-Items.lua	2052	1	
maw-5f49ae2cff07	untranslated	item	 Intellect and Might.			Scripts/General/zzMaw-Items.lua	2064	1	
maw-30f6831e8be1	untranslated	item	 Intellect and personality.			Scripts/General/zzMaw-Items.lua	2043	1	
maw-0826b5837c0d	untranslated	item	 Intellect and Personality.			Scripts/General/zzMaw-Items.lua	2060	1	
maw-80a597fa3ad2	untranslated	item	 Luck and Meditation Skill +			Scripts/General/zzMaw-Items.lua	2058	1	
maw-2554f3fab686	untranslated	item	 Might and Endurance.			Scripts/General/zzMaw-Items.lua	2059	1	
maw-9035db916f00	untranslated	item	 Might and Personality.			Scripts/General/zzMaw-Items.lua	2056	1	
maw-5fc62aed3ea9	untranslated	item	 Might)			Scripts/General/zzMaw-Items.lua	2482	1	
maw-28aa2eb8321b	untranslated	item	 Might, Intellect and Personality.			Scripts/General/zzMaw-Items.lua	2066	1	
maw-7b209315ce2c	untranslated	item	 Might.			Scripts/General/zzMaw-Items.lua	2049	1	
maw-bf5ae86ec0be	untranslated	item	 Personality and Accuracy.			Scripts/General/zzMaw-Items.lua	2063	1	
maw-f4fee4b943a6	untranslated	item	 points of Body damage.			Scripts/General/zzMaw-Items.lua	2028	3	
maw-e9dd7c845b7f	untranslated	item	 points of Cold damage.			Scripts/General/zzMaw-Items.lua	2019	3	
maw-9de181b6a180	untranslated	item	 points of Electrical damage.			Scripts/General/zzMaw-Items.lua	2022	3	
maw-c941da9681f6	untranslated	item	 points of Fire damage to 			Scripts/General/zzMaw-Items.lua	2049	1	
maw-cb37086b123d	untranslated	item	 points of Fire damage.			Scripts/General/zzMaw-Items.lua	2025	3	
maw-502b11b83731	untranslated	item	 Speed and Accuracy.			Scripts/General/zzMaw-Items.lua	2048	1	
maw-ea9d75896707	untranslated	item	 Spell points and Meditation Skill +			Scripts/General/zzMaw-Items.lua	2050	1	
maw-5400706c64aa	untranslated	item	 Spell Points)			Scripts/General/zzMaw-Items.lua	2483	1	
maw-0ccb272bfaf5	untranslated	item	 Spell points, Speed, Intellect.			Scripts/General/zzMaw-Items.lua	2054	1	
maw-b18b796a1706	untranslated	item	 to all Resistances.			Scripts/General/zzMaw-Items.lua	2017	1	
maw-a5f8e6eb0d8a	untranslated	item	 to all Seven Statistics.			Scripts/General/zzMaw-Items.lua	2018	1	
maw-1996ede22cbc	untranslated	item	 to Endurance, Armor, Hit points.			Scripts/General/zzMaw-Items.lua	2046	1	
maw-10b488c55e16	untranslated	item	 to Seven Stats, HP, SP, Armor, Resistances.			Scripts/General/zzMaw-Items.lua	2045	2	
maw-a9eab90264a9	untranslated	item	 to spell damage and +			Scripts/General/zzMaw-Items.lua	2043	1	
maw-d6e950b44a53	untranslated	item	% craft items drop chances 		% c	Scripts/General/zzMaw-Maps.lua	2086	1	
maw-a49609a5231f	untranslated	item	% item quality 		% i	Scripts/General/zzMaw-Maps.lua	2086	1	
maw-abdb923af06a	untranslated	item	% monster density			Scripts/General/zzMaw-Maps.lua	2086	1	
maw-9638f701de3f	untranslated	item	(%d+)		%d	Scripts/General/zzMaw-Items.lua	2492	1	
maw-ac71687e6681	untranslated	item	7item192			Scripts/General/zzMaw-Spells.lua	3289	1	
maw-2c40f0c45c24	untranslated	item	7item193			Scripts/General/zzMaw-Spells.lua	3290	1	
maw-ef99c680a737	untranslated	item	^%u		%u	Scripts/General/zzMaw-Items.lua	1713	1	
maw-25b6b3a71f27	untranslated	item	AC gained from armors is doubled			Scripts/General/zzMaw-Items.lua	1385	1	
maw-12a3a4f498b2	translated	item	Accuracy	정확도		Data/Tables/Class Starting Stats.txt	10	4	MMMerge PO 정확 일치 + 표시 문맥 확인
maw-cf1ac5aea579	untranslated	item	Adds 			Scripts/General/zzMaw-Items.lua	2019	14	
maw-ddd068101243	untranslated	item	Air			Scripts/General/zzMaw-Items.lua	4258	1	
maw-2b43cb83d2c0	untranslated	item	Air Magic Skill +			Scripts/General/zzMaw-Items.lua	2032	1	
maw-fc703d7f3f16	translated	item	Air Resistance	공기 저항		Data/Tables/Spells2.txt	16	3	MMMerge PO 정확 일치 + 표시 문맥 확인
maw-85c3b29e673f	translated	item	Alchemy skill	연금술 기술		Scripts/General/zzMaw-Items.lua	1876	2	MMMerge PO 정확 일치 + 표시 문맥 확인
maw-c4c29e7aed76	untranslated	item	Ally			Scripts/General/zzMaw-Monsters.lua	2326	3	
maw-a7c94b10b666	untranslated	item	Ancient			Scripts/General/zzMaw-Items.lua	461	2	
maw-d1745b2ab5cc	untranslated	item	Ancient 			Scripts/General/zzMaw-Items.lua	1733	1	
maw-8261e56f515b	untranslated	item	Armor Class			Scripts/General/zzMaw-Items.lua	1869	2	
maw-ff2b4cfa1b74	untranslated	item	Armor: +			Scripts/General/zzMaw-Items.lua	1478	2	
maw-1b811f3888ba	untranslated	item	ArmorClass			Scripts/General/zzMaw-Items.lua	4258	2	
maw-65e9268e6bfb	translated	item	Armsmaster skill	무기 전문가 기술		Scripts/General/zzMaw-Items.lua	1881	2	MMMerge PO 정확 일치 + 표시 문맥 확인
maw-0487dae31788	untranslated	item	Ascended Amber			Scripts/General/zzMaw-Items.lua	4565	1	
maw-58750c204795	untranslated	item	Ascended Amethyst			Scripts/General/zzMaw-Items.lua	4565	1	
maw-8f508775a894	untranslated	item	Ascended Diamond			Scripts/General/zzMaw-Items.lua	4565	1	
maw-dbc37444ee2e	untranslated	item	Ascended Purple Amethyst			Scripts/General/zzMaw-Items.lua	4565	1	
maw-bef685960d0b	untranslated	item	Ascended Ruby			Scripts/General/zzMaw-Items.lua	4565	1	
maw-60347ffcca9c	untranslated	item	Ascended Sapphire			Scripts/General/zzMaw-Items.lua	4565	1	
maw-0828378541e3	untranslated	item	Ascended Topaz			Scripts/General/zzMaw-Items.lua	4565	1	
maw-249a5adae437	untranslated	item	Attack: +			Scripts/General/zzMaw-Items.lua	1506	2	
maw-03619d622196	untranslated	item	Base enchants on this items are 50% stronger		% s	Scripts/General/zzMaw-Items.lua	1376	1	
maw-718a7e8a582e	untranslated	item	Body			Scripts/General/zzMaw-Items.lua	4258	1	
maw-bee8f9b9eeaf	untranslated	item	Body Magic Skill +			Scripts/General/zzMaw-Items.lua	2033	1	
maw-2657e3448e5a	translated	item	Body Resistance	육체 저항		Data/Tables/Spells2.txt	71	3	MMMerge PO 정확 일치 + 표시 문맥 확인
maw-e8e87b3b9240	untranslated	item	BodyLocation			Scripts/General/zzMaw-Items.lua	2713	2	
maw-4d963cfab70d	untranslated	item	Bonus			Scripts/General/zzMaw-Item-Sorter.lua	87	8	
maw-a2d599d80f9d	untranslated	item	Bonus AC: 			Scripts/General/zzMAW-Skills.lua	598	1	
maw-10e8a7da9eec	untranslated	item	Bonus Resistances: 			Scripts/General/zzMAW-Skills.lua	599	2	
maw-56e435683ee1	untranslated	item	Bonus2			Scripts/General/zzMaw-Item-Sorter.lua	88	7	
maw-8fac58419cfd	untranslated	item	BonusExpireTime			Scripts/General/zzMaw-Item-Sorter.lua	89	7	
maw-b659b7855673	untranslated	item	BonusStrength			Scripts/General/zzMaw-Item-Sorter.lua	90	7	
maw-e7798b6dd88c	untranslated	item	book4			Scripts/General/zzMaw-Spells.lua	3289	1	
maw-3dcc9179f8c4	untranslated	item	book5			Scripts/General/zzMaw-Spells.lua	3290	1	
maw-a17942232101	untranslated	item	Bow			Scripts/General/zzMaw-Items.lua	1996	1	
maw-3ad465ce2b95	untranslated	item	Broken			Scripts/General/zzMaw-Item-Sorter.lua	91	7	
maw-997cc0e16c99	untranslated	item	"Buffs reserve Hit Points instead of Mana and Hit Point coefficient is used instead.
Enlightenment bonus still apply."			Scripts/General/zzMaw-Items.lua	1389	1	
maw-b3f2de61a46f	untranslated	item	BuildItemInformationBox			Scripts/Structs/extraEditableDescriptions.lua	165	1	
maw-1d3419544e86	untranslated	item	CalcItemValue			Scripts/Structs/extraEditableDescriptions.lua	103	1	
maw-81c77df4cdd0	untranslated	item	CalcStatBonusByItems			Scripts/Core/events.lua	1869	1	
maw-e2ed9286499b	untranslated	item	CanIdentifyItem			Scripts/General/ExtraEvents.lua	421	1	
maw-4abcee850355	untranslated	item	CanRepairItem			Scripts/General/ExtraEvents.lua	450	1	
maw-d024bd3137d0	untranslated	item	Celestial 			Scripts/General/zzMaw-Items.lua	1737	1	
maw-cfc370a20b05	untranslated	item	Charges			Scripts/General/zzMaw-Item-Sorter.lua	92	7	
maw-7de90a65241a	untranslated	item	Common			Scripts/General/zzMaw-Items.lua	461	2	
maw-2f4979324e03	untranslated	item	Condition			Scripts/General/zzMaw-Item-Sorter.lua	93	7	
maw-f032f4de767e	untranslated	item	Crafting Item			Scripts/General/zzAlchemy.lua	1410	1	
maw-5cc5b9edc5f5	untranslated	item	Crit chance increased by 10% and crit chance over 100% increases total damage		% a % i	Scripts/General/zzMaw-Items.lua	1368	1	
maw-f0321970a081	untranslated	item	curse			Scripts/General/zzMaw-Items.lua	1255	1	
maw-6c3828d38527	untranslated	item	Damage: 			Scripts/General/zzMaw-Items.lua	1506	2	
maw-71db089ac027	untranslated	item	Dark Magic Skill +			Scripts/General/zzMaw-Items.lua	2034	1	
maw-4f14c08f988e	untranslated	item	death			Scripts/General/zzMaw-Items.lua	1261	1	
maw-c45e1332c406	untranslated	item	Death and Eradication Immunity			Scripts/General/zzMaw-Items.lua	1281	1	
maw-7505d64a54e0	untranslated	item	default			Scripts/General/pseudoSpawnpoint.lua	55	5	
maw-154f885b3a41	untranslated	item	Dimension Map			Scripts/General/zzMaw-Maps.lua	1914	1	
maw-76af4ec46125	translated	item	Disarm skill	함정 해제 기술		Scripts/General/zzMaw-Items.lua	1878	2	MMMerge PO 정확 일치 + 표시 문맥 확인
maw-4be181e4cac8	untranslated	item	disease			Scripts/General/zzMaw-Items.lua	1255	3	
maw-ba1ff3be0f0c	untranslated	item	Disease and Curse Immunity			Scripts/General/zzMaw-Items.lua	1275	1	
maw-4312a8a1998a	untranslated	item	Divine protection (instead of dying you go back to 25% HP, once every 5 minutes)			Scripts/General/zzMaw-Items.lua	1369	1	
maw-7966506e0c12	translated	item	Dodge skill	회피 기술		Scripts/General/zzMaw-Items.lua	1882	2	MMMerge PO 정확 일치 + 표시 문맥 확인
maw-40089dc04e07	untranslated	item	Each attack reduces monster resistances by 1			Scripts/General/zzMaw-Items.lua	1386	1	
maw-4d7b02dec590	untranslated	item	Earth Magic Skill +			Scripts/General/zzMaw-Items.lua	2035	1	
maw-f3b8bd9acc81	translated	item	Earth Resistance	대지 저항		Data/Tables/Spells2.txt	38	3	MMMerge PO 정확 일치 + 표시 문맥 확인
maw-ac75574810d6	untranslated	item	Endless Potion			Scripts/General/zzAlchemy.lua	1419	1	
maw-cf6427142652	untranslated	item	Endurance			Data/Tables/Class Starting Stats.txt	8	4	
maw-b3efd0d2dd50	untranslated	item	Epic			Scripts/General/zzMaw-Items.lua	461	2	
maw-1c32a92d0070	untranslated	item	eradication			Scripts/General/zzMaw-Items.lua	1261	1	
maw-54c81b0a7634	untranslated	item	Explosive Impact! (half damage)			Scripts/General/zzMaw-Items.lua	1274	2	
maw-78baebfcb4b5	untranslated	item	Fire			Scripts/General/zzMaw-Items.lua	4258	2	
maw-135db21bffe1	untranslated	item	Fire Magic Skill +			Scripts/General/zzMaw-Items.lua	2036	1	
maw-a31e37313d09	translated	item	Fire Resistance	화염 저항		Data/Tables/Spells2.txt	5	3	MMMerge PO 정확 일치 + 표시 문맥 확인
maw-245eb6d90c4a	untranslated	item	Flame			Scripts/General/zzMaw-Items.lua	4696	1	
maw-cb147017e84e	untranslated	item	FullHP,ArmorClass,MoveSpeed,Attack2Chance,Spell,Spell2,SpellChance,SpellSkill,Spell2Chance,Spell2Skill,SpecialA,SpecialB,SpecialC,SpecialD,Experience,TreasureItemPercent,TreasureItemLevel,Level			Scripts/General/AdaptiveMonstersStats.lua	459	1	
maw-fc1a8c583492	untranslated	item	GenerateItem			Scripts/Core/events.lua	2192	1	
maw-030499ca0810	untranslated	item	GetItemName			Scripts/Structs/extraEditableDescriptions.lua	310	1	
maw-72a7fd92863d	untranslated	item	GotItem			Scripts/General/ExtraEvents.lua	112	2	
maw-f50c8c159fdc	untranslated	item	"Grant 1 enchant to an unenchanted item, based on potion Power.
Require at least 20 power to work.
"			Scripts/General/zzAlchemy.lua	486	1	
maw-965850f0c879	translated	item	Great might	강대한 힘		Scripts/General/zzMaw-Items.lua	1884	1	MMMerge PO 정확 일치 + 표시 문맥 확인
maw-4ccaf5230f3a	untranslated	item	Greater Heal			Scripts/General/zzMaw-Items.lua	2350	5	
maw-bdec310b7e9d	untranslated	item	Hardened			Scripts/General/zzMaw-Item-Sorter.lua	94	7	
maw-5a3199f1e727	untranslated	item	Heavy, yet seemingly light as a feather in skilled hands, Excalibur confers great might upon its wielder.  Opponents do not easily walk away from blows struck by this legendary weapon.  (Special Powers:  +			Scripts/General/zzMaw-Items.lua	2482	1	
maw-125dcf82b273	translated	item	Hit Points	생명력		Scripts/General/zzMaw-Items.lua	1867	4	MMMerge PO 정확 일치 + 표시 문맥 확인
maw-3a8bda48988f	translated	item	ID Item skill	아이템 감정 기술		Scripts/General/zzMaw-Items.lua	1879	2	MMMerge PO 정확 일치 + 표시 문맥 확인
maw-73ef8997e9d8	translated	item	ID Monster skill	몬스터 감정 기술		Scripts/General/zzMaw-Items.lua	1880	2	MMMerge PO 정확 일치 + 표시 문맥 확인
maw-dbdb8b7d61ff	untranslated	item	Identified			Scripts/General/zzMaw-Item-Sorter.lua	95	7	
maw-9bf0f8ff5f5d	untranslated	item	identify			Scripts/General/zzMaw-Items.lua	4533	4	
maw-eaa6a5241bcd	untranslated	item	Immunity to all status effects from monsters			Scripts/General/zzMaw-Items.lua	1367	1	
maw-d377d83f7ddd	untranslated	item	Increase melee damage by 5% for each enemy in the nearbies		% f	Scripts/General/zzMaw-Items.lua	1377	1	
maw-569ea1cd4f01	untranslated	item	Increase Melee weapon skill by 10			Scripts/General/zzMaw-Items.lua	1390	1	
maw-87498a8b590b	untranslated	item	Increase the effect of resistances base enchants by 50%			Scripts/General/zzMaw-Items.lua	1371	1	
maw-2032e6152f7f	untranslated	item	Increases Ascension Skill level by 10			Scripts/General/zzMaw-Items.lua	1381	1	
maw-d2147f191411	untranslated	item	"Increases item's roughness, making it more resistant to breaking.
"			Scripts/General/zzAlchemy.lua	484	1	
maw-a159cdb85f6f	untranslated	item	insanity			Scripts/General/zzMaw-Items.lua	1256	1	
maw-f951f6d3da95	untranslated	item	Insanity and SP drain Immunity			Scripts/General/zzMaw-Items.lua	1276	1	
maw-e8d4bafc56e1	untranslated	item	Intellect			Data/Tables/Class Starting Stats.txt	4	4	
maw-869d847d171a	untranslated	item	item182			Scripts/General/zzAlchemy.lua	7	1	
maw-203104e1992f	untranslated	item	item209			Scripts/General/zzMaw-Spells.lua	3290	1	
maw-14c265704093	untranslated	item	item210			Scripts/General/zzMaw-Spells.lua	3289	1	
maw-c7857a25fa7f	untranslated	item	item280			Scripts/General/zzAlchemy.lua	1422	1	
maw-ee2105329f31	untranslated	item	ItemAdditionalDamage			Scripts/Core/events.lua	2342	1	
maw-51d750b72c62	untranslated	item	ItemGenerated			Scripts/Core/events.lua	2196	1	
maw-44d25b5d1b6d	untranslated	item	Items			Scripts/General/zzAlchemy.lua	1303	36	
maw-3e1561e2a89a	untranslated	item	Killing a Monster Restores 10% of Health and Mana		% o	Scripts/General/zzMaw-Items.lua	1380	1	
maw-e77589efb2dc	untranslated	item	Killing a monster with a single-target attack halves the recovery time			Scripts/General/zzMaw-Items.lua	1365	1	
maw-a8b7dd52190d	untranslated	item	Leech also restores Mana, but its effect is halved			Scripts/General/zzMaw-Items.lua	1388	1	
maw-9b1a119b3361	untranslated	item	Leech overhealing heals the most injured party member instead			Scripts/General/zzMaw-Items.lua	1384	1	
maw-b7e8916505bf	untranslated	item	Legendary			Scripts/General/zzMaw-Items.lua	461	2	
maw-888b9e5fb8ac	untranslated	item	Legendary 			Scripts/General/zzMaw-Items.lua	1739	1	
maw-2f14d8a3258f	untranslated	item	Light Magic Skill +			Scripts/General/zzMaw-Items.lua	2037	1	
maw-a520c0870cdf	untranslated	item	Locate item			Scripts/Global/Quest_SavingGoobers.lua	856	1	
maw-d219c68101f5	untranslated	item	Location			Scripts/General/zzMaw-MultiBag.lua	197	1	
maw-e7f79931cf1c	untranslated	item	Longsword			Scripts/General/zzMaw-Items.lua	333	1	
maw-1c295a8aa571	untranslated	item	Luck			Scripts/General/zzMaw-Items.lua	1866	2	
maw-099db9f7dc17	untranslated	item	LUCK			Scripts/General/zzMaw-Items.lua	4258	1	
maw-b2efd3606c37	untranslated	item	Mace			Scripts/General/zzMaw-Items.lua	332	1	
maw-054968202fd2	untranslated	item	MaxCharges			Scripts/General/zzMaw-Item-Sorter.lua	96	7	
maw-25f6d1027234	untranslated	item	Meditation Skill +			Scripts/General/zzMaw-Items.lua	2042	1	
maw-e00694b1e25c	untranslated	item	Melee			Scripts/General/zzClasses.lua	273	14	
maw-9da77c5e4939	translated	item	Might	힘		Data/Tables/Class Starting Stats.txt	2	4	MMMerge PO 정확 일치 + 표시 문맥 확인
maw-af6bcff046a9	untranslated	item	Might and accuracy enchantments give 40% bonus to intellect and personality. Intellect and personality enchantments give 40% bonus to might and accuracy			Scripts/General/zzMaw-Items.lua	1366	1	
maw-59e63f7eaa79	untranslated	item	Mind			Scripts/General/zzMaw-Items.lua	4258	1	
maw-d7656b362ecd	untranslated	item	Mind Magic Skill +			Scripts/General/zzMaw-Items.lua	2038	1	
maw-02ecc9e1eddf	translated	item	Mind Resistance	정신 저항		Data/Tables/Spells2.txt	60	3	MMMerge PO 정확 일치 + 표시 문맥 확인
maw-cad3f5488931	untranslated	item	ModifyItemDamage			Scripts/Core/events.lua	2120	1	
maw-ecd1f5dff9ef	untranslated	item	MonsterDropItem			Scripts/General/ExtraEvents.lua	520	1	
maw-b7baa1d40c4e	untranslated	item	Number			Scripts/General/zzMaw-Item-Sorter.lua	97	21	
maw-c31a27bb2371	untranslated	item	oldLocation			Scripts/General/zzMaw-MultiBag.lua	198	1	
maw-16526080ac01	untranslated	item	"Oracle's Orb is a mysterious and powerful artifact, a large, purple orb with a haunting face suspended within its core. This enigmatic relic is known for storing legendary abilities upon items it enchants.

 Adds the following legendary power to an item:"			Scripts/General/zzAlchemy.lua	1404	1	
maw-1166118ad010	untranslated	item	Overhealing reduces recovery time equal to half overhealing amount			Scripts/General/zzMaw-Items.lua	1392	1	
maw-f637a0178b30	untranslated	item	Overhealing refunds mana			Scripts/General/zzMaw-Items.lua	1391	1	
maw-89ff31225c5f	untranslated	item	Owner			Scripts/General/zzMaw-Item-Sorter.lua	98	6	
maw-67ef38a8a121	untranslated	item	paralysis			Scripts/General/zzMaw-Items.lua	1257	1	
maw-f190f3f1357e	untranslated	item	Paralysis and fear Immunity			Scripts/General/zzMaw-Items.lua	1277	1	
maw-2981a383917f	translated	item	Personality	인격		Data/Tables/Class Starting Stats.txt	6	4	MMMerge PO 정확 일치 + 표시 문맥 확인
maw-e6aa09fd40ce	untranslated	item	poison			Scripts/General/zzMaw-Items.lua	1258	3	
maw-ff11ae2fd1e0	untranslated	item	Poison and weakness Immunity			Scripts/General/zzMaw-Items.lua	1278	1	
maw-0fff6c603c71	untranslated	item	Potion Bottle			Scripts/General/zzAlchemy.lua	1420	1	
maw-d5f5800b1e69	untranslated	item	Potion Deleted in Austerity			Scripts/General/zzAlchemy.lua	17	3	
maw-ce1b7d972262	untranslated	item	Potion Deleted in MAW			Scripts/General/zzAlchemy.lua	11	1	
maw-b573f24e55d6	untranslated	item	power			Scripts/General/zzMaw-Items.lua	2265	2	
maw-231709218cf1	untranslated	item	premature ageing			Scripts/General/zzMaw-Items.lua	1260	1	
maw-e81582b9da67	untranslated	item	Primordial			Scripts/General/zzMaw-Items.lua	461	2	
maw-5b252caa0860	untranslated	item	Primordial 			Scripts/General/zzMaw-Items.lua	1735	1	
maw-a6a535b865db	untranslated	item	Ranged			Scripts/General/zzMAW-Skills.lua	352	7	
maw-cce370d2f978	untranslated	item	Rare			Scripts/General/zzMaw-Items.lua	461	2	
maw-51b0953b5b08	untranslated	item	"Recipes:
Add Red: Bless
Add Blue: Regeneration
Add Yellow: Harden Item
Add Orange: Stone to Flesh
Add Purple: Enchant Item"			Scripts/General/zzAlchemy.lua	520	1	
maw-648cc23a873c	untranslated	item	"Recipes:
Add Red: Heroism
Add Blue: Meditation
Add Yellow: Water Breathing
Add Orange: Magic Protection
Add Green: Enchant Item"			Scripts/General/zzAlchemy.lua	518	1	
maw-e936025d6e54	untranslated	item	Reduce all damage taken by 10%			Scripts/General/zzMaw-Items.lua	1374	1	
maw-0ef015404e5d	untranslated	item	Reduces damage by 3% for each enemy in the nearbies		% f	Scripts/General/zzMaw-Items.lua	1378	1	
maw-b6d59589a7b6	untranslated	item	Reduces Physical damage taken by 15%			Scripts/General/zzMaw-Items.lua	1282	1	
maw-21b8369fde47	untranslated	item	Refundable			Scripts/General/zzMaw-Item-Sorter.lua	99	7	
maw-52d57e33f655	untranslated	item	Regenerates Hit Points and Meditation Skill +			Scripts/General/zzMaw-Items.lua	2061	1	
maw-e8a7d6f2bc41	untranslated	item	repair			Scripts/General/zzMaw-Items.lua	4533	3	
maw-e081e3c7a2aa	untranslated	item	Repair skill			Scripts/General/zzMaw-Items.lua	1877	2	
maw-15d2977134a7	untranslated	item	ResistanceBase			Scripts/General/zzMaw-Items.lua	4271	1	
maw-36527bea3870	untranslated	item	ResistanceBonus			Scripts/General/zzMaw-Items.lua	4271	1	
maw-5a0bd452507d	untranslated	item	respawn			Scripts/General/zzMaw-Monsters.lua	2326	2	
maw-c3ca5f787365	untranslated	item	sleep			Scripts/General/zzMaw-Items.lua	1259	1	
maw-68b55f23c0fb	untranslated	item	Sleep and Unconscious Immunity			Scripts/General/zzMaw-Items.lua	1279	1	
maw-597e5a16ff16	untranslated	item	Solarstone			Scripts/General/zzMaw-Items.lua	4565	1	
maw-2d2cb022bc3d	untranslated	item	Speed			Data/Tables/Class Starting Stats.txt	12	6	
maw-2747aac69844	untranslated	item	Spell			Data/Tables/Spells2.txt	1	8	
maw-bec5022aa7fd	untranslated	item	spell drain			Scripts/General/zzMaw-Items.lua	1256	1	
maw-3c6614c31d79	translated	item	Spell Points	주문력		Scripts/General/zzMaw-Items.lua	1868	2	MMMerge PO 정확 일치 + 표시 문맥 확인
maw-fdc17f7064c4	untranslated	item	Spells Drain Hit points from target and Increased Spell speed.(except when equipping off-hand).			Scripts/General/zzMaw-Items.lua	2044	1	
maw-868eb07bb6ca	untranslated	item	Spirit Magic Skill +			Scripts/General/zzMaw-Items.lua	2039	1	
maw-678dd8a69cfc	untranslated	item	Stolen			Scripts/General/zzMaw-Item-Sorter.lua	100	7	
maw-e30bfd0c38dc	untranslated	item	stone			Scripts/General/zzMaw-Items.lua	1260	1	
maw-c1988ff4c89d	untranslated	item	Stone and premature ageing Immunity			Scripts/General/zzMaw-Items.lua	1280	1	
maw-5c17772bd576	untranslated	item	Successfully covering an ally restores 3% of your HP		% o	Scripts/General/zzMaw-Items.lua	1379	1	
maw-4caf562d9a79	untranslated	item	TemporaryBonus			Scripts/General/zzMaw-Item-Sorter.lua	101	7	
maw-e326ae491ddf	untranslated	item	The Pearl of Memory is a mystical item valued for its power to erase one random enchant from any enchanted item.			Scripts/General/zzAlchemy.lua	1403	1	
maw-5218d84b844a	untranslated	item	"This Eye allows to add a Special enchant to any equipment that has already 2 base enchants
(right-click on an item with a base enchant to use)"			Scripts/General/zzAlchemy.lua	1401	1	
maw-4da24ed1b797	untranslated	item	"This Hourglass allows to add a second base enchant to any equipment that has 1 base and a special enchant
(right-click on an item with a base enchant to use)"			Scripts/General/zzAlchemy.lua	1402	1	
maw-ec4424ca07ba	untranslated	item	This items allows to increase the number of charges of Protection, Meditation, Regeneration, Magic Protection, Champion's, Paladin's, Divine Blessing and Divine Resistance potions.			Scripts/General/zzAlchemy.lua	1421	1	
maw-a4adbda992bf	untranslated	item	Threshold HP to determine death/eradication depends on SP multiplied by mana shield efficiency instead, if higher			Scripts/General/zzMaw-Items.lua	1387	1	
maw-c8dd9fd68894	untranslated	item	Total corrupted items: 			Scripts/General/zzMaw-Item-Sorter.lua	732	1	
maw-409161bbc266	untranslated	item	totalBaseHP			Scripts/General/zzMaw-Items.lua	3576	1	
maw-eee3c1d6ea51	untranslated	item	totalBBBonus			Scripts/General/zzMaw-Items.lua	3575	1	
maw-c4b536d541f5	untranslated	item	totalEnduranceBonus			Scripts/General/zzMaw-Items.lua	3574	1	
maw-403d975e57c8	untranslated	item	totalhpFromItems			Scripts/General/zzMaw-Items.lua	3573	1	
maw-d71fa0dccfc6	untranslated	item	Traditionally carried by the High Druid, but lost during struggles over religious doctrine, Merlin acts as a reservoir of spell power the wielder can draw upon at any time.  Merlin is enchanted with swiftness, and rains blows upon enemies much faster than an ordinary staff. (Special Powers:  Swiftness and +			Scripts/General/zzMaw-Items.lua	2483	1	
maw-3033edec5fa1	untranslated	item	Two-Handed Axe			Scripts/General/zzMaw-Items.lua	1202	1	
maw-fdf3f280c840	untranslated	item	Two-Handed Sword			Scripts/General/zzMaw-Items.lua	1202	1	
maw-3deb74565196	untranslated	item	Type			Scripts/General/zzMaw-Items.lua	2220	14	
maw-bd03227258e3	translated	item	Unarmed skill	맨손 전투 기술		Scripts/General/zzMaw-Items.lua	1883	2	MMMerge PO 정확 일치 + 표시 문맥 확인
maw-40f2133dc6ab	untranslated	item	Uncom.			Scripts/General/zzMaw-Items.lua	461	3	
maw-56394eec2a7b	untranslated	item	unconscious			Scripts/General/zzMaw-Items.lua	1259	1	
maw-4408ab2d1ad0	untranslated	item	UseMouseItem			Scripts/Core/events.lua	2048	1	
maw-8ccdbd65065b	untranslated	item	"WARNING!!!

DURING THE AUTOSAVE, CORRUPTED ITEMS/BAGS HAVE BEEN DETECTED! Either load a previous save, where items/bags are not corrupted, or properly check your bags, and if no item/bag is missing you can keep playing (not recommended). 
Down below a list of corrupted items:

"			Scripts/General/zzMaw-Item-Sorter.lua	734	1	
maw-7fd6fd2d5770	untranslated	item	"WARNING!!!

SAVE HAVE BEEN STOPPED DUE TO CORRUPTED ITEMS/BAGS! Either load a previous save, where items/bags are not corrupted, or properly check your bags, and if no item/bag is missing you can save again (this time no warning will be given). 
Down below a list of corrupted items:

"			Scripts/General/zzMaw-Item-Sorter.lua	736	1	
maw-b83051d62e09	untranslated	item	Water Magic Skill +			Scripts/General/zzMaw-Items.lua	2040	1	
maw-8fabae26c6ea	translated	item	Water Resistance	물 저항		Data/Tables/Spells2.txt	27	3	MMMerge PO 정확 일치 + 표시 문맥 확인
maw-301ce3955ba4	untranslated	item	weakness			Scripts/General/zzMaw-Items.lua	1258	1	
maw-fb360f9c09ac	untranslated	item	yes			Scripts/General/zzMaw-Monsters.lua	2895	1	
maw-5397e0583f14	untranslated	item	Yes			Scripts/General/zzMaw-Monsters.lua	2895	1	
maw-8fff039853f5	untranslated	item	YES			Scripts/General/zzMaw-Monsters.lua	2895	1	
maw-b50c97f9f151	untranslated	item	"You activated Nightmare Mode, monsters will be much stronger and you can't save nor teleport away from them, however, items found will be much stronger.
Leaving a dungeon before killing most of them will cause monsters to respawn.
Clearing a dungeon will grant you extra rewards.
Respawned monsters give less experience and loot, once True Nightmare is activated there is no way back, are you sure? (yes/no)"			Scripts/General/zzMaw-Monsters.lua	2895	1	
maw-2b32b1b45260	untranslated	item	"Your hits deal 2% of current monster HP as physical damage (1% for AoE, multi-hit spells and arrows).
Damage is increased by weapon base attack speed or Ascensions for spells."		% f % o	Scripts/General/zzMaw-Items.lua	1373	1	
maw-2906e6541c50	untranslated	item	Your weapon enchants can deal critical damage			Scripts/General/zzMaw-Items.lua	1382	1	
maw-f01fcc19ca95	untranslated	item	Your weapon enchants scale with the highest between might/int./pers.			Scripts/General/zzMaw-Items.lua	1375	1	
maw-d778d9e96111	untranslated	map	"""overrept"""			Scripts/Maps/out03.lua	5	1	
maw-0a5429eced91	untranslated	map	"""skeltrans"""			Scripts/Maps/d19.lua	33	1	
maw-0f673af81826	untranslated	map	%s: Maze data set: [%s] = %s. (MoveDirection: %s)		%s %s %s %s	Scripts/Maps/BrBase.lua	1041	1	
maw-2a80bcffbc8b	untranslated	map	%s: Preparing maze data: [%s] = %s. (MazeLevel: %s, MoveDirection: %s)		%s %s %s %s %s	Scripts/Maps/BrBase.lua	1029	1	
maw-528bf3a5e12e	untranslated	map	7c1fl			Scripts/Maps/BrBase.lua	8	3	
maw-98434d81af84	untranslated	map	7cdb			Scripts/Maps/BrBase.lua	8	2	
maw-980558c9e613	untranslated	map	7dec03			Scripts/Maps/BrBase.lua	444	1	
maw-36e24b2e37b8	untranslated	map	7dec10			Scripts/Maps/BrBase.lua	445	1	
maw-fb7ec622c900	untranslated	map	7t1s2bs4			Scripts/Maps/BrBase.lua	10	1	
maw-cabd035fe4e1	untranslated	map	7tfb1			Scripts/Maps/BrBase.lua	10	1	
maw-b2a0e9e09384	untranslated	map	7trimd			Scripts/Maps/BrBase.lua	10	1	
maw-97c89a4d6630	untranslated	map	Action			Scripts/General/zzMAW-Skills.lua	1769	4	
maw-c85a04d7c812	untranslated	map	AirResistance			Scripts/Maps/outb3.lua	39	3	
maw-6a72085653e4	untranslated	map	All			Scripts/General/zzMAW-Skills.lua	737	50	
maw-e12c96821956	untranslated	map	ambush			Scripts/Maps/7d21.lua	5	3	
maw-c498e3a8a530	untranslated	map	ambush2			Scripts/Maps/7d21.lua	6	1	
maw-b8285e62c833	translated	map	Antagarich	안타개릭		Scripts/Maps/out02.lua	62	2	MMMerge PO 정확 일치 + 표시 문맥 확인
maw-5e7a5d7d69bd	untranslated	map	archie			Scripts/Maps/outd3.lua	35	1	
maw-4f9e847dcf75	untranslated	map	AutonotesBits			Scripts/Maps/7out01.lua	34	3	
maw-75226d73db5b	untranslated	map	Awards			Scripts/Maps/7out01.lua	46	3	
maw-8b155695a09f	untranslated	map	bag01			Scripts/Maps/BrBase.lua	444	1	
maw-1f357335d028	untranslated	map	BankGold			Scripts/Maps/7d29.lua	33	2	
maw-76e85e07dd61	untranslated	map	BaseAccuracy			Scripts/Maps/outb3.lua	50	3	
maw-60748ab05908	untranslated	map	BaseEndurance			Scripts/Maps/7out01.lua	20	4	
maw-20f2e168b87d	untranslated	map	BaseIntellect			Scripts/Maps/outb3.lua	46	3	
maw-95d9b5bc2e6a	untranslated	map	BaseLuck			Scripts/Maps/outb3.lua	51	3	
maw-10f2cc94dc57	untranslated	map	BaseMight			Scripts/Maps/outb3.lua	45	3	
maw-48a7769b2f55	untranslated	map	BasePersonality			Scripts/Maps/outb3.lua	47	3	
maw-34335598b884	untranslated	map	BaseSpeed			Scripts/Maps/outb3.lua	49	3	
maw-abb54b67334b	untranslated	map	bigbarel			Scripts/Maps/BrBase.lua	444	1	
maw-e80e5ff74563	untranslated	map	BodyResistance			Scripts/Maps/outb3.lua	44	1	
maw-1e318f00f4f3	untranslated	map	bookcas1			Scripts/Maps/BrBase.lua	585	1	
maw-8e504b21fbe7	untranslated	map	Broadcasting maze change			Scripts/Maps/BrBase.lua	1198	1	
maw-40dafe4cffff	untranslated	map	Bucket			Scripts/Maps/BrBase.lua	444	1	
maw-478ea1fe6dac	untranslated	map	citytrtr			Scripts/Maps/outc2.lua	44	1	
maw-b3d0a8449e07	untranslated	map	collect			Scripts/Maps/BrBase.lua	816	1	
maw-e0760160e77f	untranslated	map	Counter8			Scripts/Maps/d22.lua	19	1	
maw-7c0cbbce6ef8	untranslated	map	crclstr			Scripts/Maps/BrBase.lua	443	1	
maw-f67cdd14635c	untranslated	map	crys5			Scripts/Maps/BrBase.lua	443	1	
maw-8fdbfd4d6bc8	untranslated	map	crys6			Scripts/Maps/BrBase.lua	443	1	
maw-29053702324a	untranslated	map	crystl0			Scripts/Maps/BrBase.lua	443	1	
maw-4fc0e2bc8073	untranslated	map	Current			Scripts/Global/NPCFollowersSkills.lua	328	7	
maw-249fcdba2be6	untranslated	map	Data generated (MazeLevel: %s, MoveDirection: %s)		%s %s	Scripts/Maps/BrBase.lua	1154	1	
maw-ec8c7c497efe	untranslated	map	dec57			Scripts/Maps/BrBase.lua	955	1	
maw-b9cea5b77b89	untranslated	map	dec61			Scripts/Maps/BrBase.lua	445	1	
maw-9afd1ea80bad	untranslated	map	dec62			Scripts/Maps/BrBase.lua	445	1	
maw-ce47d0f5fb32	untranslated	map	dec63			Scripts/Maps/BrBase.lua	445	1	
maw-bf93e5ce8bc1	untranslated	map	Down			Scripts/Maps/BrBase.lua	1016	3	
maw-6dffba4b610a	untranslated	map	EarthResistance			Scripts/Maps/outb3.lua	41	3	
maw-4206c5d2dd9d	translated	map	Enroth	엔로스		Scripts/Maps/7out02.lua	123	2	MMMerge PO 정확 일치 + 표시 문맥 확인
maw-2b9eceb7a86a	untranslated	map	Enter			Scripts/Maps/BrBase.lua	468	3	
maw-3eb27da9cfe9	untranslated	map	Error in maze generation algorithm. Closed cell found.			Scripts/Maps/BrBase.lua	695	1	
maw-f83b6fe3aebf	untranslated	map	Exit			Scripts/Maps/BrBase.lua	521	1	
maw-5b5aafe6b9e2	untranslated	map	Experience			Scripts/Maps/7out01.lua	35	4	
maw-1d8b33278753	untranslated	map	FireResBonus			Scripts/Maps/7out01.lua	28	2	
maw-c5d2a2df3aa8	untranslated	map	FireResistance			Scripts/Maps/outb1.lua	71	5	
maw-0d4615ae1d51	untranslated	map	firstSpawn			Scripts/Maps/7out05.lua	38	1	
maw-c1abc8bc541d	untranslated	map	floursac			Scripts/Maps/BrBase.lua	444	1	
maw-a32f6f0e92e5	untranslated	map	Goblin King			Scripts/Maps/7d29.lua	42	1	
maw-69283d0142e2	untranslated	map	Goblin's Liutenant			Scripts/Maps/7out02.lua	92	1	
maw-f2221392e37d	untranslated	map	goblingKing			Scripts/Maps/7d29.lua	48	1	
maw-c57604db5869	untranslated	map	Gold			Scripts/General/zzMaw-Monsters.lua	2812	13	
maw-fd6e306257f8	untranslated	map	History3			Scripts/Maps/7out02.lua	25	1	
maw-a6cc696fd267	untranslated	map	History6			Scripts/Maps/out03.lua	11	1	
maw-a5e6194e64e8	untranslated	map	Initiating map load			Scripts/Maps/BrBase.lua	1057	1	
maw-300d29fd5f32	untranslated	map	Inventory			Scripts/General/zzzzMalekith-Randomizer.lua	86	45	
maw-d632dba903a8	untranslated	map	Invisible			Data/Tables/ObjList.txt	1	2	
maw-f1fdc869d585	translated	map	Jadame	제이덤		Scripts/Maps/7out02.lua	132	2	MMMerge PO 정확 일치 + 표시 문맥 확인
maw-901de5b26f33	untranslated	map	MainCondition			Scripts/Maps/outb3.lua	35	1	
maw-82b084acec80	untranslated	map	MAP_LOAD			Scripts/Maps/BrBase.lua	1029	2	
maw-09ab5de04454	untranslated	map	MapVar			Scripts/Maps/pyramid.lua	34	2	
maw-877d82e73041	untranslated	map	MapVar0			Scripts/Maps/outb1.lua	27	6	
maw-a7f17b457728	untranslated	map	MapVar15			Scripts/Maps/7d11.lua	1	2	
maw-80269981da3b	untranslated	map	MapVar16			Scripts/Maps/7d11.lua	1	1	
maw-1b43aa1d5e40	untranslated	map	MapVar17			Scripts/Maps/7d11.lua	1	1	
maw-d5f24d930072	untranslated	map	MapVar19			Scripts/Maps/d19.lua	30	1	
maw-f600a5b48071	untranslated	map	MapVar27			Scripts/Maps/pyramid.lua	8	2	
maw-abd4c42c8550	untranslated	map	MapVar4			Scripts/Maps/7d20.lua	5	5	
maw-a65de4ddf7bc	untranslated	map	MapVar50			Scripts/Maps/oute3.lua	66	1	
maw-ce47785a59ae	untranslated	map	MapVar9			Scripts/Maps/d07.lua	16	2	
maw-45497b72d802	untranslated	map	mawSpawn			Scripts/Maps/7d37.lua	40	1	
maw-da31195990f4	untranslated	map	MazeLevel set to 3 (MazeLevel: %s, MoveDirection: %s)		%s %s	Scripts/Maps/BrBase.lua	1137	1	
maw-a8327a8b3128	untranslated	map	MindResistance			Scripts/Maps/outb3.lua	43	1	
maw-3099447db4c8	untranslated	map	north			Scripts/Maps/BrBase.lua	243	3	
maw-b9c0675046ae	untranslated	map	OnLoad started (MazeLevel: %s, MoveDirection: %s)		%s %s	Scripts/Maps/BrBase.lua	1127	1	
maw-392feef07c53	untranslated	map	Players			Scripts/Maps/d19.lua	8	3	
maw-80d14974d972	untranslated	map	QBits			Scripts/Maps/7d29.lua	34	92	
maw-8789d4dba759	untranslated	map	Received BrBase level change notification: %d -> %d		%d %d	Scripts/Maps/BrBase.lua	1050	1	
maw-ffb6e444a7b4	untranslated	map	ReputationIs			Scripts/Maps/outc2.lua	47	1	
maw-5077553e1555	untranslated	map	RmzDec			Scripts/Maps/BrBase.lua	280	1	
maw-0cd15995169d	untranslated	map	RmzDrA			Scripts/Maps/BrBase.lua	451	1	
maw-87712e8c26cd	untranslated	map	RmzDrB			Scripts/Maps/BrBase.lua	454	1	
maw-768352fa9103	untranslated	map	RmzFlr			Scripts/Maps/BrBase.lua	278	1	
maw-c46145e8a841	untranslated	map	RmzMsc			Scripts/Maps/BrBase.lua	282	1	
maw-36063d0909e3	untranslated	map	RmzPrt			Scripts/Maps/BrBase.lua	276	1	
maw-150cba3f0108	untranslated	map	RmzWal			Scripts/Maps/BrBase.lua	274	1	
maw-00200660bd74	untranslated	map	SkillPoints			Scripts/Maps/7out01.lua	21	1	
maw-c655c0ee5d4b	untranslated	map	sky04			Scripts/Maps/outc1.lua	10	1	
maw-7e3fb5d99b37	untranslated	map	south			Scripts/Maps/BrBase.lua	241	3	
maw-6227120ab754	untranslated	map	spawn			Scripts/Maps/7out02.lua	115	1	
maw-a8bf1b0bd0a1	untranslated	map	spawnCount			Scripts/Maps/7d24.lua	9	1	
maw-3eb48b2fff76	untranslated	map	SpiritResistance			Scripts/Maps/outb3.lua	42	1	
maw-c4cae114085e	untranslated	map	t1swbu			Scripts/Maps/outb2.lua	76	12	
maw-46cc6dcd10ba	untranslated	map	t65a03			Scripts/Maps/BrBase.lua	11	1	
maw-3aa3aa918abf	untranslated	map	t65b03			Scripts/Maps/BrBase.lua	11	1	
maw-f25bfb1db5e5	untranslated	map	t65b10			Scripts/Maps/BrBase.lua	11	1	
maw-a6cde82dd151	untranslated	map	t65c02			Scripts/Maps/BrBase.lua	11	1	
maw-a32d202b1ada	untranslated	map	torch01			Scripts/Maps/BrBase.lua	644	1	
maw-f152a5fbe9dc	untranslated	map	trashheap			Scripts/Maps/BrBase.lua	443	1	
maw-2038bdec9210	untranslated	map	Up			Scripts/Maps/BrBase.lua	1016	3	
maw-965536c6dc0d	untranslated	map	WaterResistance			Scripts/Maps/outb1.lua	51	3	
maw-fa0ae8943c6b	untranslated	map	Wine Rack			Scripts/Maps/7d20.lua	2	1	
maw-e85e950b3fd4	untranslated	misc	"	            %s%s "		%s %s	Scripts/General/zzMaw-Stats.lua	1063	6	
maw-ca13c639b45e	untranslated	misc	"

Summary:
"			Scripts/General/zzMaw-Item-Sorter.lua	730	1	
maw-98ffa61e0f17	untranslated	misc	"
Body Armor: "			Scripts/General/zzAlchemy.lua	720	1	
maw-00628d9c97b9	untranslated	misc	"
Bonus: "			Scripts/General/zzAlchemy.lua	718	1	
maw-1c7713b80d7f	untranslated	misc	"
call absolute "			Scripts/Core/events.lua	396	1	
maw-a0dd38423fc8	untranslated	misc	"
Helm-Boots-Gloves-Bow: "			Scripts/General/zzAlchemy.lua	721	1	
maw-6b65945a62a3	untranslated	misc	"
Realms: Detached. Time: Detached."			Scripts/Global/Quest_SavingGoobers.lua	796	2	
maw-cf1e3bbc96ac	untranslated	misc	"
Rings: "			Scripts/General/zzAlchemy.lua	722	1	
maw-82efa5f5f529	untranslated	misc	  (Shift=très lent • Alt=fichier • Ctrl=auto on/off)			Scripts/General/zzBossSync.lua	437	1	
maw-b3b226842bea	untranslated	misc	  *local-scan*			Scripts/General/zzBossSync.lua	348	1	
maw-b2f4f29c7181	untranslated	misc	  Mana: 			Scripts/General/zzzOnlineVariableSender.lua	330	1	
maw-7bb5778862de	untranslated	misc	 - Corrupted bag #			Scripts/General/zzMaw-Item-Sorter.lua	714	1	
maw-574c5a59fabd	untranslated	misc	 Map			Scripts/General/zzMaw-Maps.lua	2089	1	
maw-acd09cd9a879	untranslated	misc	% chance to miss attacks		% c	Scripts/General/zzMaw-Maps.lua	2125	1	
maw-0ff5fd36f573	untranslated	misc	% increased HP and damage		% i	Scripts/General/zzMaw-Maps.lua	2113	1	
maw-03650d10fe45	untranslated	misc	%%%%lu			Scripts/General/NPCFollowers.lua	919	1	
maw-609237732286	untranslated	misc	%%([%w_]*)%%			Scripts/Core/events.lua	125	1	
maw-a3b38a4f2af0	untranslated	misc	%%lu			Scripts/General/NPCFollowers.lua	919	1	
maw-11bdf2a7d771	untranslated	misc	%.10f		%.10f	Scripts/General/zz_Maw-initialize.lua	383	1	
maw-5a2c485d7ed9	untranslated	misc	%1%%d		%1% %d	Scripts/General/NPCFollowers.lua	919	1	
maw-32bdec8af86b	untranslated	misc	%6s		%6s	Scripts/General/zzMaw-Stats.lua	1058	2	
maw-964cbd0f1639	untranslated	misc	%code% %p%, ecx, eax		% % %c	Scripts/Core/events.lua	645	1	
maw-550b8663ac2f	untranslated	misc	%code% %p%, edx, edi		% % %c	Scripts/Core/events.lua	643	2	
maw-8c986ccf14ec	untranslated	misc	"%d:	reason: %s		x: %d	y: %d	z: %d"		%d %d %d %d %s	Scripts/General/pseudoSpawnpoint.lua	103	1	
maw-7d0b2d311ab6	untranslated	misc	%s (speaking with %s)		%s %s	Scripts/Modules/Multiplayer/UI/House.lua	25	1	
maw-74db3d6c0d4f	untranslated	misc	%s hits %s for %s points!		%s %s %s	Scripts/Global/zzMAWStatusMsg.lua	241	1	
maw-6f83e775a593	untranslated	misc	%s inflicts %s points killing %s!		%s %s %s	Scripts/Global/zzMAWStatusMsg.lua	244	1	
maw-bea7887cc512	untranslated	misc	%s shoots %s for %s points!		%s %s %s	Scripts/Global/zzMAWStatusMsg.lua	239	1	
maw-5ec3f7975643	untranslated	misc	"%s. World: Enroth. Realm: %s. Landmark: %s. Year: %s
Targets' status: in %s.
"		%s %s %s %s %s	Scripts/Global/Quest_SavingGoobers.lua	783	1	
maw-efc3a23cca83	untranslated	misc	%s. World: Enroth. Realm: %s. Landmark: %s. Year: %s.		%s %s %s %s	Scripts/Global/Quest_SavingGoobers.lua	734	1	
maw-d9cd377026b0	untranslated	misc	%s: %s		%s %s	Scripts/Modules/Multiplayer/UI/GlobalMap.lua	131	1	
maw-0048f7a3bc1f	untranslated	misc	%s: %s grants you %s exp.		%s %s %s	Scripts/Modules/Multiplayer/Synchronization/Players/Experience.lua	75	1	
maw-131caaf5aa47	untranslated	misc	%s: invalid player pointer in GetPlayerFromPtr - 0x%X		%X %s	Scripts/Structs/After/RemoveSkillValueLimits.lua	14	1	
maw-652fe0e19471	untranslated	misc	%s: x:%d, y:%d		%d %d %s	Scripts/Modules/Multiplayer/UI/GlobalMap.lua	129	1	
maw-8bee13bb62c8	untranslated	misc	'): fn must be a function, got 			Scripts/General/zzMaw-Timers.lua	52	1	
maw-c5bf10e53b42	untranslated	misc	(%d+)%-(%d+)		%d %d	Scripts/General/pseudoSpawnpoint.lua	4	1	
maw-233b77e8d179	untranslated	misc	([^%%])%%lu			Scripts/General/NPCFollowers.lua	919	1	
maw-9f209cfe3568	untranslated	misc	(client save) 			Scripts/Modules/Multiplayer/Synchronization/SaveLoadExit.lua	501	1	
maw-ff2bf6b9082b	untranslated	misc	(current) 			Scripts/Modules/Multiplayer/Synchronization/SaveLoadExit.lua	483	1	
maw-b0724dc76229	untranslated	misc	(host save) 			Scripts/Modules/Multiplayer/Synchronization/SaveLoadExit.lua	621	1	
maw-751c71701653	untranslated	misc	(last choice) 			Scripts/Modules/Multiplayer/Synchronization/SaveLoadExit.lua	474	1	
maw-81221f371890	untranslated	misc	(Most relevant) 			Scripts/Modules/Multiplayer/Synchronization/SaveLoadExit.lua	604	1	
maw-ce850e3d4ae5	untranslated	misc	*a			Scripts/Modules/Multiplayer/Synchronization/SaveLoadExit.lua	26	2	
maw-735631aad579	untranslated	misc	0x%X		%X	Scripts/Structs/After/RemoveSkillValueLimits.lua	43	14	
maw-7a842fbeda72	untranslated	misc	6Flower01			Scripts/General/zzMaw-Maps.lua	24	1	
maw-83ae2d073840	untranslated	misc	6Flower02			Scripts/General/zzMaw-Maps.lua	25	1	
maw-9d64c8d330a1	untranslated	misc	6Flower03			Scripts/General/zzMaw-Maps.lua	26	1	
maw-30849e666394	untranslated	misc	6Flower04			Scripts/General/zzMaw-Maps.lua	27	1	
maw-2ca8a800f215	untranslated	misc	6Flower05			Scripts/General/zzMaw-Maps.lua	28	1	
maw-1eed7b1b3ba1	untranslated	misc	6Flower06			Scripts/General/zzMaw-Maps.lua	29	1	
maw-9974ed4fd6a2	untranslated	misc	6Flower07			Scripts/General/zzMaw-Maps.lua	30	1	
maw-5eb92b9963e4	untranslated	misc	6Flower08			Scripts/General/zzMaw-Maps.lua	31	1	
maw-339ff678b879	untranslated	misc	6Flower09			Scripts/General/zzMaw-Maps.lua	32	1	
maw-ca03950ade45	untranslated	misc	6Flower10			Scripts/General/zzMaw-Maps.lua	33	1	
maw-c0d677e8119e	untranslated	misc	6Flower11			Scripts/General/zzMaw-Maps.lua	34	1	
maw-d45e665e8f26	untranslated	misc	6Flower12			Scripts/General/zzMaw-Maps.lua	35	1	
maw-d5759a0bc77f	untranslated	misc	6Flower13			Scripts/General/zzMaw-Maps.lua	36	1	
maw-357416a0b5d8	untranslated	misc	?ptr			Scripts/Core/events.lua	221	36	
maw-9dd79059b4ce	untranslated	misc	?size			Scripts/Core/events.lua	221	21	
maw-232f017d7944	untranslated	misc	[%03d] %s  (nid=%d, id=%d %s)		%03d %d %d %s %s	Scripts/General/zzBossSync.lua	334	1	
maw-2d24e9fdb3ba	untranslated	misc	[%03d] %s  (nid=%d, id=%d %s)%s		%03d %d %d %s %s %s	Scripts/General/zzBossSync.lua	346	1	
maw-8574e0f54589	untranslated	misc	[%s] %s — %d boss | checksum=%d		%d %d %s %s	Scripts/General/zzBossSync.lua	425	1	
maw-1ce73898a5ba	untranslated	misc	[0x40CAC1]			Scripts/Core/events.lua	1317	1	
maw-a1cdafa54b70	untranslated	misc	[0x410FB2]			Scripts/Core/events.lua	1428	1	
maw-95e69bc16b31	untranslated	misc	[0x41336B]			Scripts/Core/events.lua	1428	1	
maw-521bf2e82dcf	untranslated	misc	[BossDebug] 			Scripts/General/zzBossSync.lua	422	1	
maw-8122ec4dfb8f	untranslated	misc	[BossDebug] %s @ %s — count=%d checksum=%d		%d %d %s %s	Scripts/General/zzBossSync.lua	421	1	
maw-c29c400cc1c8	untranslated	misc	[realloc text] assertion failed! Text %q (length %d) is same as before, but allocated size is smaller (%d)		%d %d %q	Scripts/Structs/extraEditableDescriptions.lua	131	1	
maw-ae68c630b504	untranslated	misc	\x1B%c%c%c%s		%c %c %c %s	Scripts/General/zzzOnlineVariableSender.lua	34	1	
maw-71087cde7126	untranslated	misc	add eax, 0xbb8			Scripts/General/MiscTweaks.lua	16	1	
maw-da40cc24a47e	untranslated	misc	add eax, [ebp - 0x14]			Scripts/Core/events.lua	1270	1	
maw-67857aef76e3	untranslated	misc	add eax, ecx			Scripts/Core/events.lua	1301	1	
maw-d942eeffe19d	untranslated	misc	add edi, 0x7f			Scripts/General/MiscTweaks.lua	86	1	
maw-6594bfa7be25	untranslated	misc	"Adds 'of Swiftness' property to a non-magic weapon.
Require 40 power to work.
"			Scripts/General/zzAlchemy.lua	492	1	
maw-5feb8f19ba9a	untranslated	misc	"Adds a random tier 2 elemental damage enchant to a weapon
Require 40 power to work.
"			Scripts/General/zzAlchemy.lua	491	1	
maw-c6ab40827038	untranslated	misc	Amber Droplet			Scripts/General/zzAlchemy.lua	1372	2	
maw-13f1aeb33fbf	untranslated	misc	Amethyst Chunk			Scripts/General/zzAlchemy.lua	1371	2	
maw-3fdbe3bcaa7b	untranslated	misc	Archibald's Mirror			Scripts/General/zzAlchemy.lua	1392	1	
maw-3ae596139053	untranslated	misc	Armor: +50			Scripts/Structs/extraEditableDescriptions.lua	172	1	
maw-6076a3719d53	untranslated	misc	armor: +X			Scripts/Structs/extraEditableDescriptions.lua	22	1	
maw-8c9c02e80eb3	untranslated	misc	Ascended 			Scripts/General/zzAlchemy.lua	695	1	
maw-60d9195d2d43	untranslated	misc	Ascended Amber Droplet			Scripts/General/zzAlchemy.lua	1382	2	
maw-f368a3b16649	untranslated	misc	Ascended Amethyst Chunk			Scripts/General/zzAlchemy.lua	1381	1	
maw-cacddf34db52	untranslated	misc	Ascended Erathian Sapphire			Scripts/General/zzAlchemy.lua	1387	1	
maw-25e47276626a	untranslated	misc	Ascended Erudite Crystal			Scripts/General/zzAlchemy.lua	1386	1	
maw-102497c860d1	untranslated	misc	Ascended Fire Topaz			Scripts/General/zzAlchemy.lua	1380	1	
maw-5731dcf11343	untranslated	misc	Ascended Gemcutter's Ruby			Scripts/General/zzAlchemy.lua	1384	1	
maw-99d67418c07a	untranslated	misc	Ascended Lunar Shard			Scripts/General/zzAlchemy.lua	1379	2	
maw-bfb1d6833e66	untranslated	misc	Ascended Queen's Diamond			Scripts/General/zzAlchemy.lua	1388	1	
maw-ffb5b015dc26	untranslated	misc	Ascended Royal Amethyst			Scripts/General/zzAlchemy.lua	1383	1	
maw-bbd6905c8bde	untranslated	misc	Ascended Solarstone			Scripts/General/zzAlchemy.lua	1385	2	
maw-77d2a7b7868c	untranslated	misc	Asking server for possibly saved character data (save id: %s).		%s	Scripts/Modules/Multiplayer/Synchronization/SaveLoadExit.lua	612	1	
maw-676112784baf	untranslated	misc	Aucun boss détecté.			Scripts/General/zzBossSync.lua	390	1	
maw-0495f7740210	untranslated	misc	BOSS %d/%d — %s		%d %d %s	Scripts/General/zzBossSync.lua	393	1	
maw-b3f3cc38b4b5	untranslated	misc	BOSS DEBUG 			Scripts/General/zzBossSync.lua	437	1	
maw-121ace02a4b1	untranslated	misc	Boss density increased by 			Scripts/General/zzMaw-Maps.lua	2111	1	
maw-48563408570f	untranslated	misc	Bosses have 			Scripts/General/zzMaw-Maps.lua	2113	1	
maw-b14b0399f11e	untranslated	misc	BountyHuntRewardClaimed			Scripts/General/BountyHunt.lua	182	1	
maw-ccfc12b79b83	untranslated	misc	Buff effects reduced by 			Scripts/General/zzMaw-Maps.lua	2128	1	
maw-d273c41b7794	untranslated	misc	Buff Rework			Scripts/General/zz_Maw-initialize.lua	556	1	
maw-1ed518a36cb7	untranslated	misc	Calling ProcessPartySaveData event.			Scripts/Modules/Multiplayer/Synchronization/SaveLoadExit.lua	536	1	
maw-dc911511eae1	untranslated	misc	Captain Finch			Scripts/General/zSERIOUSMAW.lua	11	1	
maw-19392061eef2	untranslated	misc	Captain Sharp-Tooth			Scripts/General/zSERIOUSMAW.lua	7	1	
maw-415b97f18bb9	untranslated	misc	Captain Strong-Scale			Scripts/General/zSERIOUSMAW.lua	9	1	
maw-28a4eb69540a	untranslated	misc	Celestial Orb			Scripts/General/zzAlchemy.lua	1396	1	
maw-0ccd534dede1	untranslated	misc	Character choice made.			Scripts/Modules/Multiplayer/Synchronization/SaveLoadExit.lua	530	1	
maw-034631d65fae	untranslated	misc	Charge telelocator			Scripts/Global/Quest_SavingGoobers.lua	640	1	
maw-d2a04d71301a	untranslated	misc	client			Scripts/General/zzBossSync.lua	191	1	
maw-f07ca70f58e8	untranslated	misc	Client data saved, game id: %s.		%s	Scripts/Modules/Multiplayer/Synchronization/SaveLoadExit.lua	257	1	
maw-9d188ed1f96e	untranslated	misc	Could not open file %s		%s	Scripts/Modules/Multiplayer/Synchronization/SaveLoadExit.lua	733	2	
maw-fcba7969dfc4	untranslated	misc	Could not open file: %s		%s	Scripts/Modules/Multiplayer/Synchronization/SaveLoadExit.lua	35	2	
maw-6bbc2c7e25b4	untranslated	misc	Created default MAWSettings.lua file			Scripts/General/zz_Maw-initialize.lua	234	1	
maw-94f89e316c1b	untranslated	misc	Creator's Hourglass			Scripts/General/zzAlchemy.lua	1390	1	
maw-fd16a79d1fa4	untranslated	misc	"Cures and prevent Stoned condition for 6 hours.
Require 20 power to work.
"			Scripts/General/zzAlchemy.lua	487	1	
maw-904d7adeda6b	untranslated	misc	Cures and prevents Curse and Paralysis for 6 hours.			Scripts/General/zzAlchemy.lua	474	1	
maw-3dbdc5de0943	untranslated	misc	Cures and prevents Disease and Poison for 6 hours.			Scripts/General/zzAlchemy.lua	473	1	
maw-1b344a249b02	untranslated	misc	Cures and prevents Fear and Insanity for 6 hours.			Scripts/General/zzAlchemy.lua	475	1	
maw-f7a5005cf8c3	untranslated	misc	Cures and prevents Weakness and inducted Sleep for 6 hours.			Scripts/General/zzAlchemy.lua	472	1	
maw-367b80c6e31b	untranslated	misc	Currently Active Legendary effects:			Scripts/General/zzMaw-Stats.lua	532	1	
maw-bbc5432a15ee	untranslated	misc	Damage on Friendly Units			Scripts/General/zz_Maw-initialize.lua	559	1	
maw-9ae2b0cfdd1b	untranslated	misc	Damage: 1d1+1			Scripts/Structs/extraEditableDescriptions.lua	22	1	
maw-c5a1bf33495a	untranslated	misc	Day-o-Gods			Scripts/General/MiscTweaks.lua	190	1	
maw-df653779161b	untranslated	misc	débil			Scripts/General/zzMaw-Multiplayer.lua	206	1	
maw-47aa9a09e447	untranslated	misc	Emerald of Power			Scripts/General/zzAlchemy.lua	1393	1	
maw-dd399f98d057	translated	misc	Empty Barrel	빈 통		Scripts/General/zzMaw-Maps.lua	202	1	MMMerge PO 정확 일치 + 표시 문맥 확인
maw-16d5a6e22e05	untranslated	misc	Endless Arena			Scripts/Global/zzMaw_Arena.lua	28	1	
maw-100a74eeab74	untranslated	misc	Enter the data.			Scripts/Global/Quest_SavingGoobers.lua	705	3	
maw-d4788aabcb87	untranslated	misc	Erathian Sapphire			Scripts/General/zzAlchemy.lua	1377	2	
maw-3f826de2410f	untranslated	misc	Error in HitPlayer handler: invalid player slot: %s / [0, %s]		%s %s	Scripts/Core/events.lua	2620	1	
maw-448ef6b2ab89	untranslated	misc	Error loading settings file, using fallback defaults...			Scripts/General/zz_Maw-initialize.lua	256	1	
maw-fe0a5dcac0c5	untranslated	misc	"Error while decoding %s:
%s"		%s %s	Scripts/Modules/Multiplayer/Synchronization/SaveLoadExit.lua	761	1	
maw-cb4e21f329a9	untranslated	misc	Error while loading Multiplayer Global data from file: %s		%s	Scripts/Modules/Multiplayer/Synchronization/SaveLoadExit.lua	32	1	
maw-7b4835401911	untranslated	misc	Error: Could not create MAWSettings.lua file			Scripts/General/zz_Maw-initialize.lua	237	1	
maw-39e381e0962b	untranslated	misc	Erudite Crystal			Scripts/General/zzAlchemy.lua	1376	2	
maw-26ba32c4f7e7	untranslated	misc	evtnpc-b			Scripts/General/NPCFollowers.lua	369	3	
maw-95000bbd422e	untranslated	misc	Executing MoveToMap callback.			Scripts/Modules/Multiplayer/Synchronization/SaveLoadExit.lua	517	1	
maw-e647d6120b93	untranslated	misc	Existing game id is invalid (%s), replacing it by new one: %s		%s %s	Scripts/Modules/Multiplayer/Synchronization/SaveLoadExit.lua	114	1	
maw-bf4ad099524a	untranslated	misc	Existing save id is invalid (%s), replacing it by new one: %s		%s %s	Scripts/Modules/Multiplayer/Synchronization/SaveLoadExit.lua	134	1	
maw-7732502cc68e	untranslated	misc	Eye of Void			Scripts/General/zzAlchemy.lua	1389	1	
maw-d4c5d6bd02d1	untranslated	misc	File closed: %s		%s	Scripts/Modules/Multiplayer/Synchronization/SaveLoadExit.lua	30	3	
maw-a24a9455bb0a	untranslated	misc	File closed: %s, bytes written: %s		%s %s	Scripts/Modules/Multiplayer/Synchronization/SaveLoadExit.lua	743	1	
maw-4b3164e2923a	untranslated	misc	Fire Topaz			Scripts/General/zzAlchemy.lua	1370	2	
maw-33dc34c83336	untranslated	misc	"Fix caracter age at 20.
Require 50 power to work.
"			Scripts/General/zzAlchemy.lua	508	1	
maw-1614333c511a	untranslated	misc	"Fix caracter age at 60.
Require 50 power to work.
"			Scripts/General/zzAlchemy.lua	506	1	
maw-b9a44faa0600	untranslated	misc	Following you would be foolish			Scripts/General/NPCFollowers.lua	491	1	
maw-3e53e030126e	untranslated	misc	Game id generated: %s		%s	Scripts/Modules/Multiplayer/Synchronization/SaveLoadExit.lua	110	1	
maw-29dbcc161804	untranslated	misc	Game id set, old: %s, new: %s		%s %s	Scripts/Modules/Multiplayer/Synchronization/SaveLoadExit.lua	102	1	
maw-d3ec207ca65b	untranslated	misc	Gathering game data.			Scripts/Modules/Multiplayer/Synchronization/SaveLoadExit.lua	187	1	
maw-5c8291287a2a	untranslated	misc	Gemcutter's Ruby			Scripts/General/zzAlchemy.lua	1374	2	
maw-17461354dc91	untranslated	misc	Grant 500 Experience point per Power to the player.			Scripts/General/zzAlchemy.lua	507	1	
maw-3745903c5e25	untranslated	misc	Have data.			Scripts/Modules/Multiplayer/Synchronization/SaveLoadExit.lua	398	1	
maw-44fcaf7ec76a	untranslated	misc	Healing reduced by 			Scripts/General/zzMaw-Maps.lua	2126	1	
maw-8ebf33b72b32	untranslated	misc	Heals based on the potion's power of hit points.			Scripts/General/zzAlchemy.lua	495	1	
maw-5aba2c1279d0	untranslated	misc	Health: 			Scripts/General/zzzOnlineVariableSender.lua	329	1	
maw-035135c6e9e5	untranslated	misc	Homing Projectiles			Scripts/General/zz_Maw-initialize.lua	558	1	
maw-c49d222d591a	untranslated	misc	Huge Orc			Scripts/General/zSERIOUSMAW.lua	15	1	
maw-7402ad17f5ee	untranslated	misc	I want to reset			Scripts/Global/zzMAWRespec.lua	29	1	
maw-e8e3b6bb3537	untranslated	misc	I'm client. Leaving the game.			Scripts/Modules/Multiplayer/Synchronization/SaveLoadExit.lua	443	1	
maw-3a0b9b3d3991	untranslated	misc	I'm host, saving game. Sent save data requests: %s		%s	Scripts/Modules/Multiplayer/Synchronization/SaveLoadExit.lua	419	1	
maw-bf2e4c5b2c9d	untranslated	misc	I'm host. Closing the game.			Scripts/Modules/Multiplayer/Synchronization/SaveLoadExit.lua	456	1	
maw-40741c97004d	untranslated	misc	I'm host. Loading saved game.			Scripts/Modules/Multiplayer/Synchronization/SaveLoadExit.lua	427	1	
maw-4e1ab704b005	untranslated	misc	imul eax, eax, 0xa			Scripts/General/MiscTweaks.lua	17	1	
maw-3638ea580343	untranslated	misc	inc dword [			Scripts/Core/events.lua	805	1	
maw-a7e96bb7ef09	untranslated	misc	inc dword [ebp - 0x14]			Scripts/Structs/extraEditableDescriptions.lua	235	1	
maw-574f64df1253	untranslated	misc	inc dword [ebp - 8]			Scripts/Structs/extraEditableDescriptions.lua	215	1	
maw-b2101e31e077	untranslated	misc	Increases all resistances temporarily by 10+ (1 x Power) for 6 hours.			Scripts/General/zzAlchemy.lua	511	1	
maw-67dc4ffe54f0	untranslated	misc	Increases all Seven Statistics temporarily by 10+(1 x Power) for 6 hours.			Scripts/General/zzAlchemy.lua	505	1	
maw-19fbf83e718c	untranslated	misc	Increases Attack by 5+(0.5 x Power) for 6 Hours			Scripts/General/zzAlchemy.lua	478	1	
maw-a554f12eaab5	untranslated	misc	Increases Melee damage by 5+(0.5 x Power) for 6 Hours			Scripts/General/zzAlchemy.lua	477	1	
maw-abd499ecf794	untranslated	misc	Increases Speed for 6 Hours			Scripts/General/zzAlchemy.lua	476	1	
maw-8db72e2f2f04	untranslated	misc	Increases temporary Fire, Air, Water and Earth resistance. (Dark)			Scripts/General/zzAlchemy.lua	497	1	
maw-5e1a8bc9afac	untranslated	misc	Increases temporary Mind and Body resistance. (Light)			Scripts/General/zzAlchemy.lua	498	1	
maw-3a329e5c2a67	untranslated	misc	Init finished: %s		%s	Scripts/Structs/After/RemoveSkillValueLimits.lua	960	1	
maw-3db41f99e546	untranslated	misc	Init started: %s		%s	Scripts/Structs/After/RemoveSkillValueLimits.lua	3	1	
maw-5b4e36d25e6c	untranslated	misc	It looks like you've never tried the Endless Waves mode before. In this mode, waves of enemies will keep appearing, growing stronger over time. Everytime you clear a level, your progress is saved, and you can start from the latest checkpoint. Prepare yourself for a relentless challenge!			Scripts/Global/zzMaw_Arena.lua	22	1	
maw-14ca9edbc960	untranslated	misc	jmp 0x447def - 0x447dba			Scripts/General/MiscTweaks.lua	26	1	
maw-761909de0133	untranslated	misc	jmp 0x454FC6 - 0x454FB2			Scripts/Core/events.lua	1000	1	
maw-2919aea89ea1	untranslated	misc	jmp 0x455361 - 0x45534D			Scripts/Core/events.lua	999	1	
maw-b9e4b4c9eacd	untranslated	misc	jmp 0x469DF5 - 0x469DE1			Scripts/Core/events.lua	998	1	
maw-4f0fed842281	untranslated	misc	jmp 0x4bd8c4 - 0x4bd88b			Scripts/General/MiscTweaks.lua	175	1	
maw-402d3898e5a8	untranslated	misc	jmp absolute 			Scripts/General/BountyHunt.lua	277	3	
maw-c055d3bed8dc	untranslated	misc	jmp absolute %d		%d	Scripts/Core/events.lua	1022	1	
maw-38aa05eede79	untranslated	misc	jmp absolute 0x410ec8			Scripts/General/MiscTweaks.lua	47	1	
maw-10b347fb2648	untranslated	misc	jmp absolute 0x41bd57			Scripts/General/NPCFollowers.lua	914	1	
maw-89ed4304c7c7	untranslated	misc	jmp absolute 0x41E0EF			Scripts/Structs/extraEditableDescriptions.lua	713	1	
maw-24b21379d8c2	untranslated	misc	jmp absolute 0x447dad			Scripts/General/MiscTweaks.lua	32	1	
maw-d01a2c55645e	untranslated	misc	jmp absolute 0x4482eb			Scripts/General/MiscTweaks.lua	33	1	
maw-3a823670020a	untranslated	misc	jmp absolute 0x48e890			Scripts/General/MiscTweaks.lua	40	1	
maw-8bc3a6feeaad	untranslated	misc	jmp absolute 0x48e8fc			Scripts/General/MiscTweaks.lua	42	1	
maw-31be11f1b886	untranslated	misc	jmp absolute 0x48ec2d			Scripts/General/MiscTweaks.lua	36	2	
maw-59ecd6298b23	untranslated	misc	jmp absolute 0x4b2eaf			Scripts/General/NPCFollowers.lua	913	1	
maw-6fe876322cdd	untranslated	misc	Leech reduced by 			Scripts/General/zzMaw-Maps.lua	2127	1	
maw-754db38e2607	untranslated	misc	Let's get started!			Scripts/Global/zzMaw_Arena.lua	41	1	
maw-464e644f9fdf	untranslated	misc	Loading MAW settings from 			Scripts/General/zz_Maw-initialize.lua	249	1	
maw-b28cfe6e81db	untranslated	misc	Locate person			Scripts/Global/Quest_SavingGoobers.lua	866	1	
maw-bcf88a2c0113	untranslated	misc	Loot Filter			Scripts/General/zz_Maw-initialize.lua	560	1	
maw-3fb1e21dd9e0	untranslated	misc	luadata.bin			Scripts/Core/events.lua	960	1	
maw-d68bc2d8f542	untranslated	misc	luadata.bin\0\0\0\0\0\0\0\0\0\0\0\0\0\0\0\0\0\0\0\0\0			Scripts/Core/events.lua	900	1	
maw-80006c438938	untranslated	misc	Lunar Shard			Scripts/General/zzAlchemy.lua	1369	2	
maw-05e15f37331b	untranslated	misc	M&M6 Projectiles			Scripts/General/zz_Maw-initialize.lua	557	1	
maw-6bb62125199b	untranslated	misc	"M/R/S:%s/%s/%s






"		%s %s %s	Scripts/General/zzMaw-Stats.lua	1486	1	
maw-6aad3f548482	untranslated	misc	"M/R:%s/%s






"		%s %s	Scripts/General/zzMaw-Stats.lua	1488	1	
maw-b3786fc6d1db	untranslated	misc	Map differs, changing map.			Scripts/Modules/Multiplayer/Synchronization/SaveLoadExit.lua	352	1	
maw-6d1848d53de8	untranslated	misc	Map is same, requesting host data.			Scripts/Modules/Multiplayer/Synchronization/SaveLoadExit.lua	338	1	
maw-8ac08679e128	untranslated	misc	Map Level: 			Scripts/General/zzMaw-Maps.lua	2068	1	
maw-1a602dec7edf	untranslated	misc	MawAddTimer('			Scripts/General/zzMaw-Timers.lua	52	1	
maw-bf7e78fb3aa1	untranslated	misc	mawBossNamesReq			Scripts/General/zzBossSync.lua	191	1	
maw-4527d8e08e83	untranslated	misc	MAWSettings.lua not found, creating default file...			Scripts/General/zz_Maw-initialize.lua	260	1	
maw-9f0953eb3a47	untranslated	misc	Missing game_id in server init data.			Scripts/Modules/Multiplayer/Synchronization/SaveLoadExit.lua	651	1	
maw-03a503e013e8	untranslated	misc	Missing text			Scripts/Structs/extraEditableDescriptions.lua	596	2	
maw-032ed6be6753	untranslated	misc	Mountain Man			Scripts/General/zSERIOUSMAW.lua	13	1	
maw-c3d0682617af	untranslated	misc	mov [%p%], eax		%p	Scripts/Core/events.lua	685	1	
maw-731520ee36ed	untranslated	misc	mov eax, ecx			Scripts/Core/events.lua	1148	1	
maw-42a420da0db8	untranslated	misc	mov edx, dword [ds:0xB2155C]			Scripts/General/MiscTweaks.lua	82	1	
maw-6e9a86524f7f	untranslated	misc	mov edx, eax			Scripts/Structs/extraEditableDescriptions.lua	213	1	
maw-0ec9fdc7af44	untranslated	misc	movzx eax, word [ds:edi+0x4c]			Scripts/General/MiscTweaks.lua	20	1	
maw-91b8f0b72cb2	untranslated	misc	MUI_			Scripts/General/zz_Maw-initialize.lua	470	1	
maw-6b717c68429a	untranslated	misc	Naga Empress			Scripts/General/zSERIOUSMAW.lua	16	1	
maw-9cba2131e8e6	untranslated	misc	Negative attacker ref in events.lua Who(i, action): %s		%s	Scripts/Core/events.lua	2470	1	
maw-a390180a7a3b	untranslated	misc	NewBountyHuntCreated			Scripts/General/BountyHunt.lua	237	1	
maw-834b79bc4037	untranslated	misc	No data by this id.			Scripts/Modules/Multiplayer/Synchronization/SaveLoadExit.lua	398	1	
maw-8be99f7a7111	untranslated	misc	no enchants			Scripts/General/zzAlchemy.lua	820	2	
maw-fa6225094649	untranslated	misc	NPC %d		%d	Scripts/General/NPCFollowers.lua	352	1	
maw-a360a1cd7706	untranslated	misc	NPC PANEL			Scripts/General/NPCFollowers.lua	347	1	
maw-7af8a5f64e75	untranslated	misc	Number of digits needs to be at least 1			Scripts/General/zz_Maw-initialize.lua	327	2	
maw-a848b5e88b83	untranslated	misc	Openning file: %s		%s	Scripts/Modules/Multiplayer/Synchronization/SaveLoadExit.lua	22	4	
maw-16460f6ae435	untranslated	misc	Option 1			Scripts/General/zz_Maw-initialize.lua	486	1	
maw-e3b484a8502d	untranslated	misc	Option 2			Scripts/General/zz_Maw-initialize.lua	486	1	
maw-2881db58455b	untranslated	misc	or edx, 			Scripts/Structs/After/RemoveSkillValueLimits.lua	938	1	
maw-c0059019f56d	untranslated	misc	Orb of Creation			Scripts/General/zzAlchemy.lua	1395	1	
maw-f7710482d67d	untranslated	misc	Other players in house:			Scripts/Modules/Multiplayer/UI/House.lua	34	1	
maw-f4e4537df7b9	untranslated	misc	Pandora's Cube			Scripts/General/zzAlchemy.lua	1391	1	
maw-a9522ff60c04	untranslated	misc	Party Start			Scripts/General/zzMaw-Maps.lua	1894	1	
maw-f1806a7c8371	untranslated	misc	Pearl of Memory			Scripts/General/zzAlchemy.lua	1394	1	
maw-565991c7f88b	untranslated	misc	"Permanently adds 'of Darkness' property to a non-magic weapon.
Require 100 power to work.
"			Scripts/General/zzAlchemy.lua	504	1	
maw-1297b65672db	untranslated	misc	"Permanently adds 20 per 50 potion power to permanent Endurance, Speed and Luck.
Previously gained bonus do not stack.
"			Scripts/General/zzAlchemy.lua	502	1	
maw-124194bd410d	untranslated	misc	"Permanently adds 20 per 50 potion power to permanent Intellect and Wisdom.
Previously gained bonus do not stack.
"			Scripts/General/zzAlchemy.lua	501	1	
maw-e9365ff23b6c	untranslated	misc	"Permanently adds 20 per 50 potion power to permanent Might and Accuracy.
Previously gained bonus do not stack.
"			Scripts/General/zzAlchemy.lua	500	1	
maw-165012c92676	untranslated	misc	"Permanently adds 30 per 50 potion power to Fire, Air, Water and Earth Resistance, single-use.
Require 50 power per step to work.
Previously gained bonus do not stack.
"			Scripts/General/zzAlchemy.lua	509	1	
maw-dce96cfbbf89	untranslated	misc	"Permanently adds 30 per 50 potion power to Mind and Body Resistance, single-use.
Require 50 power per step to work.
Previously gained bonus do not stack.
"			Scripts/General/zzAlchemy.lua	510	1	
maw-c01df86fe794	untranslated	misc	"Permanently adds a random tier 3 elemental damage enchant to a weapon.
Require 50 power to work.
"			Scripts/General/zzAlchemy.lua	503	1	
maw-e53407cfe1a5	untranslated	misc	Player			Scripts/Modules/Multiplayer/UI/House.lua	25	1	
maw-a39c96a53ebb	untranslated	misc	Players armor reduced by 			Scripts/General/zzMaw-Maps.lua	2123	1	
maw-7f02e5429dfc	untranslated	misc	Players attack speed reduced by 			Scripts/General/zzMaw-Maps.lua	2121	1	
maw-6609a7a4b10d	untranslated	misc	Players critical chance reduced by 			Scripts/General/zzMaw-Maps.lua	2115	1	
maw-182e841645f5	untranslated	misc	Players critical damage reduced by 			Scripts/General/zzMaw-Maps.lua	2116	1	
maw-1cdaba2298c5	untranslated	misc	Players have a 			Scripts/General/zzMaw-Maps.lua	2125	1	
maw-aab7bf1d1514	untranslated	misc	Players HP/SP regen reduced by 			Scripts/General/zzMaw-Maps.lua	2117	1	
maw-75ef7763d89a	untranslated	misc	Players magic damage reduced by 			Scripts/General/zzMaw-Maps.lua	2119	1	
maw-7838f94d8b3d	untranslated	misc	Players movement speed reduced by 			Scripts/General/zzMaw-Maps.lua	2120	1	
maw-7f3884b71aeb	untranslated	misc	Players physical damage reduced by 			Scripts/General/zzMaw-Maps.lua	2118	1	
maw-c65369ea936a	untranslated	misc	Players resistances reduced by 			Scripts/General/zzMaw-Maps.lua	2124	1	
maw-23451f937782	untranslated	misc	"Prevents drowning damage for 6 hours.
Require 20 power to work.
"			Scripts/General/zzAlchemy.lua	483	1	
maw-8dfb4fba8597	untranslated	misc	Processing game data.			Scripts/Modules/Multiplayer/Synchronization/SaveLoadExit.lua	230	1	
maw-be5e996e416a	untranslated	misc	ProcessPartySaveData event handled.			Scripts/Modules/Multiplayer/Synchronization/SaveLoadExit.lua	541	1	
maw-7f1158278634	untranslated	misc	Provides Haste+Heroism+Bless.			Scripts/General/zzAlchemy.lua	493	1	
maw-c569dfaaeb09	untranslated	misc	Provides Shield+Stone Skin+Preservation.			Scripts/General/zzAlchemy.lua	499	1	
maw-3630684e30da	untranslated	misc	push 0x0			Scripts/General/MiscTweaks.lua	56	2	
maw-30502456b3e6	untranslated	misc	push 0x7f			Scripts/General/MiscTweaks.lua	84	1	
maw-ae2fb541cf92	untranslated	misc	push 4			Scripts/General/MiscTweaks.lua	174	1	
maw-30d0a8d45e37	untranslated	misc	push eax			Scripts/General/NPCFollowers.lua	669	1	
maw-e8abbc3c5d19	untranslated	misc	Queen's Diamond			Scripts/General/zzAlchemy.lua	1378	2	
maw-6087cd6598d4	untranslated	misc	Received character data from server. Suggesting choice.			Scripts/Modules/Multiplayer/Synchronization/SaveLoadExit.lua	603	1	
maw-873b735ebc63	untranslated	misc	Received game id from server: %s		%s	Scripts/Modules/Multiplayer/Synchronization/SaveLoadExit.lua	194	1	
maw-e6b7d996cf7b	untranslated	misc	Received host map data.			Scripts/Modules/Multiplayer/Synchronization/SaveLoadExit.lua	342	1	
maw-88ee7b10e680	untranslated	misc	Received load_game packet from #%s. Current game id: %s, new game id: %s		%s %s %s	Scripts/Modules/Multiplayer/Synchronization/SaveLoadExit.lua	318	1	
maw-c7c0ed06d68c	untranslated	misc	Received no character data from server.			Scripts/Modules/Multiplayer/Synchronization/SaveLoadExit.lua	615	1	
maw-d2bca243b585	untranslated	misc	Received saved character data query (save id: %s). %s		%s %s	Scripts/Modules/Multiplayer/Synchronization/SaveLoadExit.lua	398	1	
maw-571b91489a71	untranslated	misc	Received server's initial data without 'game_id' field set.			Scripts/Modules/Multiplayer/Synchronization/SaveLoadExit.lua	650	1	
maw-55d681fd9aa3	untranslated	misc	"Recipes:
Add Orange: Champion's Potion
Add Purple: Power Boost
Add Green: Divine Cure"			Scripts/General/zzAlchemy.lua	522	3	
maw-e7e0cac45dd6	untranslated	misc	"Recipes:
Add Orange: Lesser Element
Add Purple: Wisdom Boost
Add Green: Divine Magic"			Scripts/General/zzAlchemy.lua	526	3	
maw-1eaae8337dc3	untranslated	misc	"Recipes:
Add Orange: Self Resistance
Add Purple: Elemental Resistance
Add Green: Paladin's Potion"			Scripts/General/zzAlchemy.lua	534	3	
maw-fe6467a7a26e	untranslated	misc	"Recipes:
Add Orange: Swiftness
Add Purple: Resilience Boost
Add Green: Divine Restoration"			Scripts/General/zzAlchemy.lua	530	3	
maw-9f4b123ca219	untranslated	misc	"Recipes:
Add Red: Divine Blessing
Add Blue: Darkness
Add Yellow: Greater Element"			Scripts/General/zzAlchemy.lua	542	3	
maw-51a3c7cc2395	untranslated	misc	"Recipes:
Add Red: Haste
Add Blue: Protection
Add Yellow: Stone Skin
Add Purple: Magic Protection
Add Green: Stone to Flesh"			Scripts/General/zzAlchemy.lua	516	1	
maw-ad24311b3af6	untranslated	misc	"Recipes:
Add Red: Pure Elemental Resistance
Add Blue: Divine Resistance
Add Yellow: Pure Self Resistance"			Scripts/General/zzAlchemy.lua	550	3	
maw-31b1e8041117	untranslated	misc	"Recipes:
Add Red: Pure Power
Add Blue: Pure Wisdom
Add Yellow: Pure Resilience"			Scripts/General/zzAlchemy.lua	538	3	
maw-bd97aaf39233	untranslated	misc	"Recipes:
Add Red: Twilight
Add Blue: Dawn
Add Yellow: Trascendance"			Scripts/General/zzAlchemy.lua	546	3	
maw-1fee1313e7b1	untranslated	misc	Regenerates Health for 6 hours.			Scripts/General/zzAlchemy.lua	481	1	
maw-a54328b90858	untranslated	misc	Remote save loading: skin set to %s		%s	Scripts/Modules/Multiplayer/Synchronization/SaveLoadExit.lua	692	1	
maw-b89672eb06d4	untranslated	misc	"Removes and prevents all conditions, except Dead and Eradication, for 6 hours.
Require 40 power to work.
"			Scripts/General/zzAlchemy.lua	494	1	
maw-7f000fb0d62e	untranslated	misc	resetting			Scripts/General/zzMaw-Maps.lua	114	2	
maw-e327189cc78d	untranslated	misc	Royal Amethyst			Scripts/General/zzAlchemy.lua	1373	2	
maw-e2cb58c6600a	untranslated	misc	Save id generated: %s		%s	Scripts/Modules/Multiplayer/Synchronization/SaveLoadExit.lua	131	1	
maw-17ec106941ee	untranslated	misc	Saves/MultiplayerAutosave.bin			Scripts/Modules/Multiplayer/Synchronization/SaveLoadExit.lua	10	1	
maw-febcc382b490	untranslated	misc	Saves/MultiplayerGames.bin			Scripts/Modules/Multiplayer/Synchronization/SaveLoadExit.lua	9	1	
maw-7c779c370257	untranslated	misc	Saving multiplayer global data.			Scripts/Modules/Multiplayer/Synchronization/SaveLoadExit.lua	56	1	
maw-6e7c817c5a46	untranslated	misc	sendBossToHost			Scripts/General/zzMaw-Multiplayer.lua	818	1	
maw-7ae1313e5144	untranslated	misc	Serpent Mother			Scripts/General/zSERIOUSMAW.lua	4	1	
maw-4d976c303caf	untranslated	misc	SG_Activate!			Scripts/Global/Quest_SavingGoobers.lua	513	1	
maw-950baa8f936f	untranslated	misc	ShareMapvarsToHost			Scripts/General/zzzOnlineVariableSender.lua	421	1	
maw-4372d664c31f	untranslated	misc	Start Level 			Scripts/Global/zzMaw_Arena.lua	40	1	
maw-d9d7aed80bfd	untranslated	misc	sub dword [ds:0x509cac], 			Scripts/General/MiscTweaks.lua	537	1	
maw-8535b82f6998	untranslated	misc	SV1_			Scripts/Modules/Multiplayer/Synchronization/SaveLoadExit.lua	87	1	
maw-65f82b3122c0	untranslated	misc	Synchronization/%s		%s	Scripts/Modules/Multiplayer/Synchronization.lua	1	1	
maw-e96b06f09b6b	untranslated	misc	"Targets found. Realms: Attuned. Time: Attuned.

"			Scripts/Global/Quest_SavingGoobers.lua	754	3	
maw-f83b305141e4	untranslated	misc	Telelocator			Scripts/Global/Quest_SavingGoobers.lua	627	1	
maw-54a29ed6e03d	untranslated	misc	Temporarily increases by 10+(1 x Power) Endurance, Speed and Luck for 6 hours.			Scripts/General/zzAlchemy.lua	490	1	
maw-5421d4f3edd5	untranslated	misc	Temporarily increases by 10+(1 x Power) Intellect and Personality for 6 hours.			Scripts/General/zzAlchemy.lua	489	1	
maw-df9472ca68e2	untranslated	misc	Temporarily increases by 10+(1 x Power) Might and Accuracy for 6 hours.			Scripts/General/zzAlchemy.lua	488	1	
maw-52fb6815a8a2	untranslated	misc	test ah, 0x10			Scripts/Structs/After/RemoveSkillValueLimits.lua	455	1	
maw-20dcabcc16bb	untranslated	misc	test byte ptr [ebp-0xF], 			Scripts/Structs/After/RemoveSkillValueLimits.lua	189	12	
maw-c07c425eaa7c	untranslated	misc	Total corrupted bags: 			Scripts/General/zzMaw-Item-Sorter.lua	731	1	
maw-f91360c5d46d	untranslated	misc	Unknown tileset file 			Scripts/General/pseudoSpawnpoint.lua	91	1	
maw-99d7e5d5f0aa	untranslated	misc	"Vitality: %s







"		%s	Scripts/General/zzMaw-Stats.lua	1490	1	
maw-138ef10f9d41	untranslated	misc	"World: Enroth. Realm: %s. Landmark: %s. Year: %s
Targets' status: %s, type: %s, state: %s.
"		%s %s %s %s %s %s	Scripts/Global/Quest_SavingGoobers.lua	836	1	
maw-ee1a9c00001b	untranslated	misc	x = %d, y = %d		%d %d	Scripts/General/pseudoSpawnpoint.lua	143	1	
maw-ec24b30cf351	untranslated	misc	x = %d, y = %d, z = %d		%d %d %d	Scripts/General/pseudoSpawnpoint.lua	142	1	
maw-db290079ce7d	untranslated	misc	xor eax, eax			Scripts/Core/events.lua	1217	1	
maw-8f9a11a1c13d	untranslated	monster	"
Level Recommended:
"			Scripts/General/zzMaw-Monsters.lua	2924	1	
maw-bcde19b28495	untranslated	monster	 .. lowerLimit .. 			Scripts/General/zzMaw-Monsters.lua	2114	2	
maw-f9634f630e00	untranslated	monster	 .. name .. 			Scripts/General/zzMaw-Monsters.lua	2158	1	
maw-ac0850f11704	untranslated	monster	 .. upperLimit .. 			Scripts/General/zzMaw-Monsters.lua	2114	1	
maw-efc3a760fc96	untranslated	monster	% be an higher tier			Scripts/General/zzMaw-Maps.lua	2112	1	
maw-e7609c84e7cd	untranslated	monster	% chance to become a boss		% c	Scripts/General/zzMaw-Maps.lua	2114	1	
maw-438cf5ad4573	untranslated	monster	% chance to cast dragon breath		% c	Scripts/General/zzMaw-Maps.lua	2099	1	
maw-f18e09e14f37	untranslated	monster	% chance to cast fireball		% c	Scripts/General/zzMaw-Maps.lua	2098	1	
maw-6adb5b469b80	untranslated	monster	% chance to deal energy damage		% c	Scripts/General/zzMaw-Maps.lua	2109	1	
maw-0ab027a0ccad	untranslated	monster	% chance to ignore status resistance		% c	Scripts/General/zzMaw-Maps.lua	2103	1	
maw-080cef3ea03f	untranslated	monster	% chance to summon a monster upon death		% c	Scripts/General/zzMaw-Maps.lua	2104	1	
maw-bfafe911ed8b	untranslated	monster	% critical chance		% c	Scripts/General/zzMaw-Maps.lua	2097	1	
maw-b9828d92f9e2	untranslated	monster	% extra chance to resist control effects		% e	Scripts/General/zzMaw-Maps.lua	2108	1	
maw-61c6bd4da1b6	untranslated	monster	% increased damage		% i	Scripts/General/zzMaw-Maps.lua	2096	1	
maw-5f7ff24fee9d	untranslated	monster	% increased HP		% i	Scripts/General/zzMaw-Maps.lua	2110	1	
maw-6f9218415237	untranslated	monster	% increased movement speed		% i	Scripts/General/zzMaw-Maps.lua	2106	1	
maw-ceed6fe6e754	untranslated	monster	% of magic damage		% o	Scripts/General/zzMaw-Maps.lua	2101	1	
maw-ca4557c883fa	untranslated	monster	% of physical damage		% o	Scripts/General/zzMaw-Maps.lua	2100	1	
maw-c1a5c33c4a70	untranslated	monster	% of player hp as damage		% o	Scripts/General/zzMaw-Maps.lua	2105	1	
maw-d2f7095b04b3	untranslated	monster	%HP per second			Scripts/General/zzMaw-Maps.lua	2102	1	
maw-932438202666	untranslated	monster	%s: Monster with incorrect Id (%s) at %s %s %s		%s %s %s %s %s	Scripts/General/AdaptiveMonstersStats.lua	854	1	
maw-d9a8b676271a	untranslated	monster	(%-?%d+)$		%d	Scripts/General/zzMaw-Monsters.lua	2453	2	
maw-13ed9932366c	untranslated	monster	, type: 			Scripts/General/AdaptiveMonstersStats.lua	102	1	
maw-177ea6d1cb82	untranslated	monster	2e746d70			Scripts/General/zzMaw-Monsters.lua	2465	1	
maw-fd3ef7ad1133	untranslated	monster	4d6f64756c6573			Scripts/General/zzMaw-Monsters.lua	2404	1	
maw-2ebd846a6d4a	untranslated	monster	4d756c7469706c61796572			Scripts/General/zzMaw-Monsters.lua	2404	1	
maw-2955d0bca685	untranslated	monster	506c61796572446174612e747874			Scripts/General/zzMaw-Monsters.lua	2405	1	
maw-4721ffb963de	untranslated	monster	506c6179657273			Scripts/General/zzMaw-Monsters.lua	2404	1	
maw-61e6e9c730e2	untranslated	monster	53796e6368726f6e697a6174696f6e			Scripts/General/zzMaw-Monsters.lua	2404	1	
maw-acf392e7eff3	untranslated	monster	63757272656e745f73656564			Scripts/General/zzMaw-Monsters.lua	2450	2	
maw-e3cf5f38377e	untranslated	monster	6465617468735f			Scripts/General/zzMaw-Monsters.lua	2453	2	
maw-2178a5c1bbcc	untranslated	monster	6c6673			Scripts/General/zzMaw-Monsters.lua	2432	1	
maw-08125feb6de9	untranslated	monster	6d6b646972202225732220323e6e756c			Scripts/General/zzMaw-Monsters.lua	2439	1	
maw-d082dfde2638	untranslated	monster	6d6b646972202d70202225732220323e2f6465762f6e756c6c			Scripts/General/zzMaw-Monsters.lua	2439	1	
maw-d518990045b5	untranslated	monster	70656e64696e675f			Scripts/General/zzMaw-Monsters.lua	2454	2	
maw-4bfb95cf921b	untranslated	monster	73656564206d7573742062652061206e756d626572			Scripts/General/zzMaw-Monsters.lua	2497	1	
maw-e7e0c9de7e44	untranslated	monster	7772697465206f70656e206661696c65643a20			Scripts/General/zzMaw-Monsters.lua	2467	1	
maw-b836abf5f354	untranslated	monster	"=%d
"		%d	Scripts/General/zzMaw-Monsters.lua	2476	1	
maw-48782228b1eb	untranslated	monster	"\9\9NoBolster\9-\9-\9-\9\9
"			Scripts/General/AdaptiveMonstersStats.lua	173	1	
maw-d6e89de2788e	untranslated	monster	^%s*([%w_%.%-]+)%s*=%s*(.-)%s*$		%s %s %s %s	Scripts/General/zzMaw-Monsters.lua	2448	1	
maw-e9c5f7fc4f2c	untranslated	monster	Abandoned Pirate Keep			Scripts/General/zzMaw-Monsters.lua	1253	2	
maw-16fe9d74a144	untranslated	monster	Abandoned Temple			Scripts/General/zzMaw-Monsters.lua	1107	4	
maw-fe083a07b90e	untranslated	monster	AfterMapBolster			Scripts/General/AdaptiveMonstersStats.lua	873	1	
maw-2d39a523ff65	untranslated	monster	AfterMonsterAttacked			Scripts/Core/events.lua	2560	1	
maw-db011eb5913d	untranslated	monster	Agar's Laboratory			Scripts/General/zzMaw-Monsters.lua	1637	2	
maw-3ad0e3698278	untranslated	monster	Allow			Scripts/Structs/extraEditableDescriptions.lua	694	1	
maw-5fdef7f7dcde	untranslated	monster	AllowReplicate			Scripts/General/AdaptiveMonstersStats.lua	788	1	
maw-2e233791dd2c	untranslated	monster	AllowSummons			Scripts/General/AdaptiveMonstersStats.lua	798	1	
maw-08c8b634dc95	untranslated	monster	Alvar			Scripts/General/zzMaw-Monsters.lua	1142	2	
maw-e6a64f50a4cd	untranslated	monster	Ancient Troll Home			Scripts/General/zzMaw-Monsters.lua	1286	2	
maw-1a4ba8221918	untranslated	monster	Arena			Scripts/General/zzMaw-Monsters.lua	659	2	
maw-a379e9db38c5	untranslated	monster	Armor Halved			Scripts/General/zzMaw-Monsters.lua	2215	1	
maw-7516c87ad3d5	untranslated	monster	Avlee			Scripts/General/zzMaw-Monsters.lua	1426	2	
maw-825ede9fb257	untranslated	monster	Balthazar Lair			Scripts/General/zzMaw-Monsters.lua	1229	2	
maw-1e9729d737ed	untranslated	monster	Barbarian Fortress			Scripts/General/zzMaw-Monsters.lua	1232	2	
maw-aa50544e0a5a	untranslated	monster	Barrow I			Scripts/General/zzMaw-Monsters.lua	1348	2	
maw-6b000771d1ab	untranslated	monster	Barrow II			Scripts/General/zzMaw-Monsters.lua	1333	2	
maw-b87f88eadaf7	untranslated	monster	Barrow III			Scripts/General/zzMaw-Monsters.lua	1339	2	
maw-c8be8b411dcf	untranslated	monster	Barrow IV			Scripts/General/zzMaw-Monsters.lua	1330	2	
maw-d01df878b22a	untranslated	monster	Barrow IX			Scripts/General/zzMaw-Monsters.lua	1342	2	
maw-1327e6966903	untranslated	monster	Barrow V			Scripts/General/zzMaw-Monsters.lua	1363	2	
maw-6e6aa4d0d57a	untranslated	monster	Barrow VI			Scripts/General/zzMaw-Monsters.lua	1345	2	
maw-8e9b333d5453	untranslated	monster	Barrow VII			Scripts/General/zzMaw-Monsters.lua	1327	2	
maw-343ac23e0613	untranslated	monster	Barrow VIII			Scripts/General/zzMaw-Monsters.lua	1351	2	
maw-bc50db2a541b	untranslated	monster	Barrow X			Scripts/General/zzMaw-Monsters.lua	1357	2	
maw-5056db35dc4d	untranslated	monster	Barrow XI			Scripts/General/zzMaw-Monsters.lua	1366	2	
maw-d8e2f17eacb7	untranslated	monster	Barrow XII			Scripts/General/zzMaw-Monsters.lua	1360	2	
maw-fe49fa7ceb8b	untranslated	monster	Barrow XIII			Scripts/General/zzMaw-Monsters.lua	1354	2	
maw-c7eeb27b37ef	untranslated	monster	Barrow XIV			Scripts/General/zzMaw-Monsters.lua	1336	2	
maw-274912e0087c	untranslated	monster	Barrow XV			Scripts/General/zzMaw-Monsters.lua	1369	2	
maw-2f66b90aa630	untranslated	monster	baseDamage			Scripts/General/zzMaw-Monsters.lua	4315	1	
maw-1fecd76a5a8a	untranslated	monster	Basement of the Breach			Scripts/General/zzMaw-Monsters.lua	1745	2	
maw-9ec9e0df93a0	untranslated	monster	baseMult			Scripts/General/zzMaw-Monsters.lua	4319	1	
maw-15e39f242068	untranslated	monster	BeforeMapBolster			Scripts/General/AdaptiveMonstersStats.lua	822	1	
maw-67964d6e546e	untranslated	monster	BeforeMonsterBolster			Scripts/General/AdaptiveMonstersStats.lua	537	2	
maw-9ecca445cad6	untranslated	monster	Berserk			Data/Tables/Spells2.txt	64	2	
maw-ff047f321259	untranslated	monster	Blackshire			Scripts/General/zzMaw-Monsters.lua	1550	2	
maw-c7a2c50c397c	untranslated	monster	BolsterOnLoadMap			Scripts/General/AdaptiveMonstersStats.lua	1068	1	
maw-3485dc85007e	untranslated	monster	Bootleg Bay			Scripts/General/zzMaw-Monsters.lua	1568	2	
maw-af5b955e6524	untranslated	monster	BountyHuntEliminated			Scripts/General/BountyHunt.lua	265	1	
maw-b08d2a9c2cc9	untranslated	monster	broodlord			Scripts/General/zzMaw-Monsters.lua	3241	2	
maw-4295fb2a6c6a	untranslated	monster	BuildMonsterInformationBox			Scripts/Structs/extraEditableDescriptions.lua	393	1	
maw-638f6e635e70	untranslated	monster	CalcBolsterLevel			Scripts/General/AdaptiveMonstersStats.lua	281	1	
maw-1c3004f99149	untranslated	monster	CalcDamageToMonster			Scripts/Core/events.lua	2371	1	
maw-b36004bdbf64	untranslated	monster	CanIdentifyMonster			Scripts/Structs/extraEditableDescriptions.lua	704	1	
maw-b89e527793e9	untranslated	monster	Cardinal of Baa			Scripts/General/zzMaw-Monsters.lua	3797	1	
maw-c300abdc76bb	untranslated	monster	Castle Alamos			Scripts/General/zzMaw-Monsters.lua	1667	2	
maw-c742f34a0539	untranslated	monster	Castle Darkmoor			Scripts/General/zzMaw-Monsters.lua	1670	2	
maw-0b3fa7856547	untranslated	monster	Castle Gloaming			Scripts/General/zzMaw-Monsters.lua	1474	2	
maw-468e41967695	untranslated	monster	Castle Gryphonheart			Scripts/General/zzMaw-Monsters.lua	1438	2	
maw-53999ecbf594	untranslated	monster	Castle Harmondale			Scripts/General/zzMaw-Monsters.lua	1111	3	
maw-dad154abbfe1	untranslated	monster	Castle Ironfist			Scripts/General/zzMaw-Monsters.lua	1571	2	
maw-f03023f9f4de	untranslated	monster	Castle Kriegspire			Scripts/General/zzMaw-Monsters.lua	1673	2	
maw-9060b76d4e4f	untranslated	monster	Castle Lambent			Scripts/General/zzMaw-Monsters.lua	1489	2	
maw-e066817ff5a4	untranslated	monster	Castle Navan			Scripts/General/zzMaw-Monsters.lua	1444	2	
maw-13efbd86ed34	untranslated	monster	Castle of Air			Scripts/General/zzMaw-Monsters.lua	1238	2	
maw-933c02a56ab8	untranslated	monster	Castle of Fire			Scripts/General/zzMaw-Monsters.lua	1244	2	
maw-76ab81f7f444	untranslated	monster	Caves of the Dragon Riders			Scripts/General/zzMaw-Monsters.lua	1640	2	
maw-2613326765c5	untranslated	monster	Celeste			Scripts/General/zzMaw-Monsters.lua	1459	2	
maw-b289df2ac797	untranslated	monster	Chain of Fire			Scripts/General/zzMaw-Monsters.lua	1202	2	
maw-e595cefc2e22	untranslated	monster	Chapel of Eep			Scripts/General/zzMaw-Monsters.lua	1139	2	
maw-c30b2092da2c	untranslated	monster	Church of Eep			Scripts/General/zzMaw-Monsters.lua	1292	2	
maw-25276e20549d	untranslated	monster	Clanker's Laboratory			Scripts/General/zzMaw-Monsters.lua	1468	2	
maw-66b8c9e342ba	untranslated	monster	cleared			Scripts/General/zzMaw-Monsters.lua	2322	1	
maw-39e1f4502474	untranslated	monster	Cleric of Baa			Scripts/General/zzMaw-Monsters.lua	3795	1	
maw-3bd4ceda4dcc	untranslated	monster	"cmd /c mkdir ""%s"" >nul 2>nul"		%s	Scripts/General/zzMaw-Monsters.lua	2420	1	
maw-1875e58c3df5	untranslated	monster	Colony Zod			Scripts/General/zzMaw-Monsters.lua	1519	2	
maw-c312449c8d61	untranslated	monster	Control Center			Scripts/General/zzMaw-Monsters.lua	1685	2	
maw-d77cfa46681b	untranslated	monster	Corlagon's Estate			Scripts/General/zzMaw-Monsters.lua	1613	2	
maw-de8e3bdabfd3	untranslated	monster	Couatl (winged snake)			Scripts/General/zzMaw-Monsters.lua	855	1	
maw-0ea3594a0725	untranslated	monster	Creed			Scripts/General/AdaptiveMonstersStats.lua	131	1	
maw-0b3d98d5a8a2	untranslated	monster	Curse			Scripts/General/zzMaw-Monsters.lua	3845	1	
maw-2aca5d3f2495	untranslated	monster	Cyclops Larder			Scripts/General/zzMaw-Monsters.lua	1199	2	
maw-cb8c7a4794fe	untranslated	monster	Dagger Wound Island			Scripts/General/zzMaw-Monsters.lua	856	5	
maw-66001892d367	untranslated	monster	Damage Halved			Scripts/General/zzMaw-Monsters.lua	2216	1	
maw-0f7a36eca8db	untranslated	monster	Dark Dwarf Compound			Scripts/General/zzMaw-Monsters.lua	1280	2	
maw-d8c7d877ba61	untranslated	monster	Death			Scripts/General/zzMaw-Monsters.lua	3849	1	
maw-fcc09e951d0b	untranslated	monster	DemonFly			Scripts/General/zzzzMalekith-Randomizer.lua	111	1	
maw-396179f86c5e	untranslated	monster	DemonQueen			Scripts/General/zzMaw-Monsters.lua	1094	4	
maw-e41b6998dad0	untranslated	monster	Devil Outpost			Scripts/General/zzMaw-Monsters.lua	1733	2	
maw-63f9a5578133	untranslated	monster	Deyja			Scripts/General/zzMaw-Monsters.lua	1381	2	
maw-7cd855e237ef	untranslated	monster	diffMult			Scripts/General/zzMaw-Monsters.lua	4345	1	
maw-a3c4d7fc5d06	untranslated	monster	Dire Wolf Den			Scripts/General/zzMaw-Monsters.lua	1136	2	
maw-8d392f56d616	untranslated	monster	directory			Scripts/General/zzMaw-Monsters.lua	2416	1	
maw-c0bb11650c87	untranslated	monster	Disease 1			Scripts/General/zzMaw-Monsters.lua	3845	1	
maw-2d8c4c11c859	untranslated	monster	Disease 2			Scripts/General/zzMaw-Monsters.lua	3845	1	
maw-882da54dbee7	untranslated	monster	Disease 3			Scripts/General/zzMaw-Monsters.lua	3845	1	
maw-0bddd8fc5799	untranslated	monster	DoDebug			Scripts/General/zzMaw-Monsters.lua	3468	1	
maw-4b157a7fdd3e	untranslated	monster	Dragon Cave			Scripts/General/zzMaw-Monsters.lua	1208	2	
maw-c4e593205df0	untranslated	monster	Dragon Hunter's Camp			Scripts/General/zzMaw-Monsters.lua	1205	2	
maw-996606112c63	untranslated	monster	Dragon's Lair			Scripts/General/zzMaw-Monsters.lua	1694	2	
maw-06e5f2a23fde	untranslated	monster	Dragonsand			Scripts/General/zzMaw-Monsters.lua	1553	2	
maw-99851db098a8	untranslated	monster	Dragoons' Caverns			Scripts/General/zzMaw-Monsters.lua	1598	2	
maw-3e9f329bcddf	untranslated	monster	Dragoons' Keep			Scripts/General/zzMaw-Monsters.lua	1610	2	
maw-1758e871d8bc	untranslated	monster	Druid Circle			Scripts/General/zzMaw-Monsters.lua	1226	2	
maw-bd902f508bc5	untranslated	monster	Eel Infested Waters			Scripts/General/zzMaw-Monsters.lua	1574	2	
maw-1cf6937c2ef9	translated	monster	Emerald Island	에메랄드 섬		Scripts/General/zzMaw-Monsters.lua	1108	5	MMMerge PO 정확 일치 + 표시 문맥 확인
maw-9441f6c1c8d6	untranslated	monster	Eradication			Scripts/General/zzMaw-Monsters.lua	3849	1	
maw-2ec744a3dc22	untranslated	monster	Erathia			Scripts/General/zzMaw-Monsters.lua	1399	2	
maw-c7c88ab8c2a3	untranslated	monster	Error in attacker recognition handler: invalid monster id: %s / %s		%s %s	Scripts/Core/events.lua	2498	1	
maw-b66386e1567c	untranslated	monster	Error in monster under attack recognition handler: invalid monster id: %s / %s		%s %s	Scripts/Core/events.lua	2539	1	
maw-ed4e425c7e15	untranslated	monster	"Errors in ""Bolster - monsters.txt"":
"			Scripts/General/AdaptiveMonstersStats.lua	154	2	
maw-8027abd935a8	untranslated	monster	Escaton's Crystal			Scripts/General/zzMaw-Monsters.lua	1190	2	
maw-85a50b424c9c	untranslated	monster	Escaton's Palace			Scripts/General/zzMaw-Monsters.lua	1262	2	
maw-083ffaefb058	untranslated	monster	Evenmorn Island			Scripts/General/zzMaw-Monsters.lua	1411	2	
maw-689e027c2657	untranslated	monster	Fear			Scripts/General/zzMaw-Monsters.lua	2211	2	
maw-b40351cc5c8b	untranslated	monster	Fort Riverstride			Scripts/General/zzMaw-Monsters.lua	1432	2	
maw-e9bb5a307cc3	untranslated	monster	Free Haven			Scripts/General/zzMaw-Monsters.lua	1559	2	
maw-7a4d080bcedd	untranslated	monster	Free Haven Sewer			Scripts/General/zzMaw-Monsters.lua	1676	2	
maw-67b1bd48b410	untranslated	monster	Frozen Highlands			Scripts/General/zzMaw-Monsters.lua	1556	2	
maw-c218e39efa2e	untranslated	monster	function			Scripts/General/AdaptiveMonstersStats.lua	642	11	
maw-d88b10670e15	untranslated	monster	Garrote Gorge			Scripts/General/zzMaw-Monsters.lua	1151	2	
maw-e32cfd4a8834	untranslated	monster	Gharik's Forge			Scripts/General/zzMaw-Monsters.lua	1634	2	
maw-c00e5c63f33f	untranslated	monster	Goblinwatch			Scripts/General/zzMaw-Monsters.lua	1113	3	
maw-e902664c1ebd	untranslated	monster	Grand Temple of Eep			Scripts/General/zzMaw-Monsters.lua	1289	2	
maw-521ae51c3e9d	untranslated	monster	Grand Temple of the Moon			Scripts/General/zzMaw-Monsters.lua	1417	2	
maw-d632b36f44e8	untranslated	monster	Grand Temple of the Sun			Scripts/General/zzMaw-Monsters.lua	1414	2	
maw-a2a0980254d6	untranslated	monster	Hall of the Fire Lord			Scripts/General/zzMaw-Monsters.lua	1592	2	
maw-8b8679829f30	untranslated	monster	Harmondale			Scripts/General/zzMaw-Monsters.lua	1321	2	
maw-9944e1da6510	untranslated	monster	HealthMult			Scripts/General/zzMaw-Monsters.lua	3146	1	
maw-0e8e8f67d3fa	untranslated	monster	Hermit's Isle			Scripts/General/zzMaw-Monsters.lua	1544	2	
maw-b1a5954a483f	untranslated	monster	High			Scripts/General/zzMaw-Monsters.lua	1125	210	
maw-31caf8315083	untranslated	monster	High Cardinal			Scripts/General/zzMaw-Monsters.lua	3798	1	
maw-2c0a5410f9b9	untranslated	monster	Icewind Keep			Scripts/General/zzMaw-Monsters.lua	1625	2	
maw-d5a79bf5499c	untranslated	monster	Ilsingore's Cave			Scripts/General/zzMaw-Monsters.lua	1298	2	
maw-73b63648d495	untranslated	monster	Insane			Scripts/General/zzMaw-Monsters.lua	3940	1	
maw-cefe70bf4275	untranslated	monster	Invalid MonsterIndex in MonsterChooseAIState event (%s, monsters count: %s).		%s %s	Scripts/Modules/Multiplayer/Synchronization/Monsters/Ownership.lua	156	2	
maw-2aaa7323888d	untranslated	monster	Ironsand Desert			Scripts/General/zzMaw-Monsters.lua	1145	2	
maw-6619660b128a	untranslated	monster	IsMonsterOfKind			Scripts/General/ExtraEvents.lua	746	1	
maw-2a516eda5969	untranslated	monster	KeyDown			Scripts/General/zzMaw-Monsters.lua	3418	4	
maw-778a5967e149	untranslated	monster	Kriegspire			Scripts/General/zzMaw-Monsters.lua	1547	2	
maw-04af9933a58b	untranslated	monster	Lair of the Wolf			Scripts/General/zzMaw-Monsters.lua	1631	2	
maw-7c7f5d049fad	untranslated	monster	Level			Scripts/General/zzMaw-Monsters.lua	3144	1	
maw-31500c6def68	untranslated	monster	Lizardmen Warrior			Scripts/General/zzMaw-Monsters.lua	853	1	
maw-2d3e36d2481c	untranslated	monster	LoadMap			Scripts/General/zzMaw-Monsters.lua	3459	1	
maw-6c6b189003d5	untranslated	monster	loadstring			Scripts/General/zzMaw-Monsters.lua	3469	1	
maw-31ab8d86e807	untranslated	monster	Locate monster			Scripts/Global/Quest_SavingGoobers.lua	876	1	
maw-785ca397a09a	untranslated	monster	Lord Markham's Manor			Scripts/General/zzMaw-Monsters.lua	1429	2	
maw-a124947cbd2d	untranslated	monster	Low			Scripts/General/zzMaw-Monsters.lua	1125	210	
maw-997b9784da28	untranslated	monster	Mad Necromancer's Lab 			Scripts/General/zzMaw-Monsters.lua	1217	2	
maw-df8b8908e8ea	untranslated	monster	Mad.			Scripts/General/zzMaw-Monsters.lua	3938	1	
maw-e6791be7eed7	untranslated	monster	Magic			Scripts/General/AdaptiveMonstersStats.lua	134	1	
maw-9c18e50806f2	untranslated	monster	MaxDamage			Scripts/General/AdaptiveMonstersStats.lua	718	2	
maw-f30d43e8bf29	untranslated	monster	Melee Only			Scripts/General/zzMaw-Monsters.lua	2217	1	
maw-0da00826b6ca	untranslated	monster	Merchant House of Alvar			Scripts/General/zzMaw-Monsters.lua	1187	1	
maw-9a6af7cd96b7	untranslated	monster	Mid			Scripts/General/zzMaw-Monsters.lua	1125	210	
maw-c44daab7db61	untranslated	monster	Mire of the Damned			Scripts/General/zzMaw-Monsters.lua	1562	2	
maw-d12f770f52ed	untranslated	monster	Misty Islands			Scripts/General/zzMaw-Monsters.lua	1577	2	
maw-44bde829fa93	untranslated	monster	"mkdir -p ""%s"" 2>/dev/null"		%s	Scripts/General/zzMaw-Monsters.lua	2421	1	
maw-0e818bfa0679	untranslated	monster	monster			Scripts/General/BountyHunt.lua	21	1	
maw-e63d88bd7bf3	untranslated	monster	Monster			Scripts/General/zzMaw-Monsters.lua	588	2	
maw-8d8a7267fdb0	untranslated	monster	monster generated in a wall			Scripts/General/pseudoSpawnpoint.lua	87	1	
maw-9dfbbadf6ffc	untranslated	monster	MonsterAction			Scripts/General/zzMaw-Monsters.lua	4042	1	
maw-225bd51a83ee	untranslated	monster	MonsterAttacked			Scripts/Core/events.lua	2555	1	
maw-0e4c7e042681	untranslated	monster	MonsterChooseAction			Scripts/Core/events.lua	2454	2	
maw-690ffda9bfa9	untranslated	monster	MonsterIndex			Scripts/General/zzMaw-Monsters.lua	4043	1	
maw-0b2a8791a917	untranslated	monster	MonsterInfoPictureChanged			Scripts/Core/events.lua	743	1	
maw-dde09f89e11d	untranslated	monster	MonsterKilled			Scripts/Core/events.lua	2243	2	
maw-df29e5726790	untranslated	monster	MonsterKillExp			Scripts/Core/events.lua	2268	1	
maw-43bfeb7d4615	untranslated	monster	MONSTERS			Scripts/Modules/Multiplayer/Synchronization/Monsters/Ownership.lua	156	2	
maw-6f99a49212c6	untranslated	monster	Monsters deal 			Scripts/General/zzMaw-Maps.lua	2096	2	
maw-981b9541fd32	untranslated	monster	Monsters have 			Scripts/General/zzMaw-Maps.lua	2097	11	
maw-8b1cbae89de2	untranslated	monster	Monsters reflect 			Scripts/General/zzMaw-Maps.lua	2100	2	
maw-5954770f5e24	untranslated	monster	Monsters regenerate 			Scripts/General/zzMaw-Maps.lua	2102	1	
maw-da7a3a129e3d	untranslated	monster	Monsters resistances are increased by 			Scripts/General/zzMaw-Maps.lua	2107	1	
maw-a6644d832c3d	untranslated	monster	MonsterSpriteScale			Scripts/General/zMaw-hooks.lua	13	1	
maw-1488d3f760af	untranslated	monster	MonstersProcessed			Scripts/General/ExtraEvents.lua	713	1	
maw-c467d78cbc9f	untranslated	monster	MonsterType			Scripts/General/AdaptiveMonstersStats.lua	129	2	
maw-10e69cc51f48	untranslated	monster	Mount Nighon			Scripts/General/zzMaw-Monsters.lua	1501	2	
maw-ad079c30b355	untranslated	monster	MoveSpeed			Scripts/General/AdaptiveMonstersStats.lua	749	1	
maw-30f0e1f202ba	untranslated	monster	Murmurwoods			Scripts/General/zzMaw-Monsters.lua	1157	2	
maw-fc956f358e2b	untranslated	monster	Naga Vault			Scripts/General/zzMaw-Monsters.lua	1211	2	
maw-e653fd725b23	untranslated	monster	NameId			Scripts/General/zzMaw-Monsters.lua	3143	1	
maw-237a4713b183	untranslated	monster	names			Scripts/General/zzMaw-Monsters.lua	2322	1	
maw-2095dd5069e3	untranslated	monster	Necromancers' Guild			Scripts/General/zzMaw-Monsters.lua	1214	2	
maw-4ef569605781	untranslated	monster	NeedRebolster			Scripts/General/AdaptiveMonstersStats.lua	512	1	
maw-dcc9082d57ca	untranslated	monster	New Sorpigal			Scripts/General/zzMaw-Monsters.lua	1112	4	
maw-564c61e0b737	untranslated	monster	New World Computing			Scripts/General/zzMaw-Monsters.lua	1736	1	
maw-be30ce686e69	untranslated	monster	Nighon Tunnels			Scripts/General/zzMaw-Monsters.lua	1435	2	
maw-53b0a1b2fadf	untranslated	monster	number			Scripts/General/AdaptiveMonstersStats.lua	667	16	
maw-819432536f78	untranslated	monster	NWC			Scripts/General/zzMaw-Monsters.lua	1304	2	
maw-2883f191bc5e	untranslated	monster	Object			Scripts/General/zzMaw-Monsters.lua	4041	1	
maw-c35d124e353b	untranslated	monster	ObjectIndex			Scripts/General/zzMaw-Monsters.lua	4044	1	
maw-1880d8d65712	untranslated	monster	Ogre Fortress			Scripts/General/zzMaw-Monsters.lua	1196	2	
maw-176039028240	untranslated	monster	Old Loeb's Cave			Scripts/General/zzMaw-Monsters.lua	1295	2	
maw-e327680648bc	untranslated	monster	omnipotent			Scripts/General/zzMaw-Monsters.lua	3243	2	
maw-ad5c84e5b576	untranslated	monster	Oracle of Enroth			Scripts/General/zzMaw-Monsters.lua	1682	1	
maw-4bed29ab3fb3	untranslated	monster	Paradise Valley			Scripts/General/zzMaw-Monsters.lua	1541	2	
maw-7e61d56d2986	untranslated	monster	Passage Under Regna			Scripts/General/zzMaw-Monsters.lua	1256	2	
maw-e22586930a5b	untranslated	monster	pending			Scripts/General/zzMaw-Monsters.lua	1697	12	
maw-96f608c16cef	untranslated	monster	Pending			Scripts/General/zzMaw-Monsters.lua	1962	1	
maw-d448569f9a0b	untranslated	monster	Pic			Scripts/General/zzMaw-Monsters.lua	588	1	
maw-c4d37e36d30f	untranslated	monster	Pirate Outpost			Scripts/General/zzMaw-Monsters.lua	1184	2	
maw-dcf2c9072cec	untranslated	monster	Pirate Stronghold			Scripts/General/zzMaw-Monsters.lua	1250	2	
maw-3bd0d19ddee4	untranslated	monster	Plane Between Planes			Scripts/General/zzMaw-Monsters.lua	1178	2	
maw-3a6f2ba72c37	untranslated	monster	Plane of Air			Scripts/General/zzMaw-Monsters.lua	1163	2	
maw-cfb5ec069087	untranslated	monster	Plane of Earth			Scripts/General/zzMaw-Monsters.lua	1166	2	
maw-1c86a61e3fa1	untranslated	monster	Plane of Fire			Scripts/General/zzMaw-Monsters.lua	1169	2	
maw-ee86bee7360e	untranslated	monster	Plane of Water			Scripts/General/zzMaw-Monsters.lua	1172	2	
maw-7a6c25ca59d2	untranslated	monster	PlayerAC			Scripts/General/AdaptiveMonstersStats.lua	1030	3	
maw-f8f6fcd4f4bb	untranslated	monster	Poison 1			Scripts/General/zzMaw-Monsters.lua	3847	1	
maw-78aa243f86a4	untranslated	monster	Poison 2			Scripts/General/zzMaw-Monsters.lua	3847	1	
maw-339b4bb4108c	untranslated	monster	Poison 3			Scripts/General/zzMaw-Monsters.lua	3847	1	
maw-ab33c2f2d196	untranslated	monster	Premature ageing			Scripts/General/zzMaw-Monsters.lua	3848	1	
maw-248e3ee2bb8c	untranslated	monster	Priest of Baa			Scripts/General/zzMaw-Monsters.lua	3796	1	
maw-f29e97cc2bc5	untranslated	monster	Prison of the Lord of Air			Scripts/General/zzMaw-Monsters.lua	1265	2	
maw-967fa1099b18	untranslated	monster	Prison of the Lord of Earth			Scripts/General/zzMaw-Monsters.lua	1274	2	
maw-bdda08b0f85c	untranslated	monster	Prison of the Lord of Fire			Scripts/General/zzMaw-Monsters.lua	1268	2	
maw-8a87d3230cfb	untranslated	monster	Prison of the Lord of Water			Scripts/General/zzMaw-Monsters.lua	1271	2	
maw-0f77f9ed2724	untranslated	monster	pseudoSpawnpoint() call is missing critical parameters			Scripts/General/pseudoSpawnpoint.lua	32	1	
maw-418b662f2ccc	untranslated	monster	Ravage Roaming			Scripts/General/zzMaw-Monsters.lua	1160	2	
maw-f1f58062154d	untranslated	monster	Ravenshore			Scripts/General/zzMaw-Monsters.lua	1130	2	
maw-30fccb31f329	untranslated	monster	Reactor			Scripts/General/zzMaw-Monsters.lua	1095	1	
maw-7ae2bae3e306	untranslated	monster	Regna			Scripts/General/zzMaw-Monsters.lua	1175	2	
maw-c7d70eb0b0e6	untranslated	monster	Resurrected 			Scripts/General/zzMaw-Monsters.lua	2316	1	
maw-63143b6f8007	untranslated	monster	return			Scripts/General/AdaptiveMonstersStats.lua	227	1	
maw-d1873e7a36cc	untranslated	monster	return 			Scripts/General/AdaptiveMonstersStats.lua	230	1	
maw-b3c9422cbf28	untranslated	monster	return false			Scripts/General/AdaptiveMonstersStats.lua	226	1	
maw-78ad7a619d75	untranslated	monster	safeGetMonsterLevel			Scripts/General/zzMaw-Stats.lua	5	1	
maw-be757b803915	untranslated	monster	Shadow Guild			Scripts/General/zzMaw-Monsters.lua	1604	2	
maw-33295c8b17dc	untranslated	monster	Shadow Guild Hideout			Scripts/General/zzMaw-Monsters.lua	1589	2	
maw-0138e0add7d1	untranslated	monster	Shadowspire			Scripts/General/zzMaw-Monsters.lua	1154	2	
maw-a49b68282b9d	untranslated	monster	Shoals			Scripts/General/zzMaw-Monsters.lua	1498	2	
maw-805a54d9cf8e	untranslated	monster	Shrinking			Scripts/General/zzMaw-Monsters.lua	2214	1	
maw-69c1f10ba1c5	untranslated	monster	Silver Cove			Scripts/General/zzMaw-Monsters.lua	1565	2	
maw-a8fa4b1eacb0	untranslated	monster	Silver Helm Outpost			Scripts/General/zzMaw-Monsters.lua	1601	2	
maw-95295f4c4661	untranslated	monster	Silver Helm Stronghold			Scripts/General/zzMaw-Monsters.lua	1616	2	
maw-3cac34e67446	untranslated	monster	Sleep			Scripts/General/zzMaw-Monsters.lua	3848	1	
maw-33dcec9ce454	untranslated	monster	Slow			Scripts/General/zzMaw-Monsters.lua	2208	1	
maw-7ae699d85e87	untranslated	monster	Small Sub Pen			Scripts/General/zzMaw-Monsters.lua	1259	2	
maw-97a91aa1a14b	untranslated	monster	Smuggler's Cove			Scripts/General/zzMaw-Monsters.lua	1133	2	
maw-78e36c2df317	untranslated	monster	Snergle's Caverns			Scripts/General/zzMaw-Monsters.lua	1595	2	
maw-d4ce04df4d31	untranslated	monster	Snergle's Iron Mines			Scripts/General/zzMaw-Monsters.lua	1607	2	
maw-029690b00bcd	untranslated	monster	Stone			Scripts/General/zzMaw-Monsters.lua	3848	1	
maw-5a8593eec62b	untranslated	monster	Stone City			Scripts/General/zzMaw-Monsters.lua	1396	2	
maw-99a0efc6cfd8	untranslated	monster	Style			Scripts/General/AdaptiveMonstersStats.lua	133	1	
maw-7ca74ff14f5e	untranslated	monster	Superior Temple of Baa			Scripts/General/zzMaw-Monsters.lua	1661	2	
maw-8717694beb13	untranslated	monster	Supreme Temple of Baa			Scripts/General/zzMaw-Monsters.lua	1658	2	
maw-958cb28c542e	untranslated	monster	Sweet Water			Scripts/General/zzMaw-Monsters.lua	1538	2	
maw-504c573c8010	untranslated	monster	Tatalia			Scripts/General/zzMaw-Monsters.lua	1423	2	
maw-c2b0f653b62a	untranslated	monster	Temple of Baa			Scripts/General/zzMaw-Monsters.lua	1643	2	
maw-4bd8c3dbfd6a	untranslated	monster	Temple of the Dark			Scripts/General/zzMaw-Monsters.lua	1465	2	
maw-ea148ca61d90	untranslated	monster	Temple of the Fist			Scripts/General/zzMaw-Monsters.lua	1646	2	
maw-0547c2428b42	untranslated	monster	Temple of the Light			Scripts/General/zzMaw-Monsters.lua	1483	2	
maw-68b681234ca2	untranslated	monster	Temple of the Moon			Scripts/General/zzMaw-Monsters.lua	1655	2	
maw-c9878bffc395	untranslated	monster	Temple of the Snake			Scripts/General/zzMaw-Monsters.lua	1664	2	
maw-6041af37fb79	untranslated	monster	Temple of the Sun			Scripts/General/zzMaw-Monsters.lua	1223	4	
maw-874fd3d57d67	untranslated	monster	Temple of Tsantsa			Scripts/General/zzMaw-Monsters.lua	1649	2	
maw-987fec9625c1	untranslated	monster	The Abandoned Temple			Scripts/General/zzMaw-Monsters.lua	1106	3	
maw-f718846620df	untranslated	monster	The Arena			Scripts/General/zzMaw-Monsters.lua	659	4	
maw-7961ec824874	untranslated	monster	The Bandit Caves			Scripts/General/zzMaw-Monsters.lua	1390	2	
maw-0a1391f6e6e3	untranslated	monster	The Barrow Downs			Scripts/General/zzMaw-Monsters.lua	1324	2	
maw-f0535721660c	untranslated	monster	The Bracada Desert			Scripts/General/zzMaw-Monsters.lua	1420	2	
maw-6cf5f349d818	untranslated	monster	The Breach			Scripts/General/zzMaw-Monsters.lua	1739	3	
maw-9f9bb757695a	untranslated	monster	The Breeding Zone			Scripts/General/zzMaw-Monsters.lua	1486	2	
maw-80b7ce10406a	untranslated	monster	The Crypt of Korbu			Scripts/General/zzMaw-Monsters.lua	1235	2	
maw-dbd0baf8ba8d	untranslated	monster	The Dragon Caves			Scripts/General/zzMaw-Monsters.lua	1528	2	
maw-596211474aef	untranslated	monster	The Dragon's Lair			Scripts/General/zzMaw-Monsters.lua	1110	4	
maw-30bff372a694	untranslated	monster	The dungeon has already been cleared, but you have the option to reset it and attempt it once more with even harder monsters. Please note that no completion rewards will be given for this reset. Would you like to proceed with resetting the dungeon? (yes/no)			Scripts/General/zzMaw-Maps.lua	141	1	
maw-f8da4fc05886	untranslated	monster	The Erathian Sewers			Scripts/General/zzMaw-Monsters.lua	1387	2	
maw-d0f32754152e	untranslated	monster	The Hall of the Pit			Scripts/General/zzMaw-Monsters.lua	1447	2	
maw-05fbff6c05d0	untranslated	monster	The Hall under the Hill			Scripts/General/zzMaw-Monsters.lua	1375	2	
maw-2bdc64fd5c0a	untranslated	monster	The Haunted Mansion			Scripts/General/zzMaw-Monsters.lua	1384	2	
maw-802af0c12e09	untranslated	monster	The Hidden Tomb			Scripts/General/zzMaw-Monsters.lua	1495	2	
maw-9839cb69e1f1	untranslated	monster	The Hive			Scripts/General/zzMaw-Monsters.lua	1688	2	
maw-2b535c36d5a3	untranslated	monster	The Land of the Giants			Scripts/General/zzMaw-Monsters.lua	1507	2	
maw-82d6edbd2a30	untranslated	monster	The Lincoln			Scripts/General/zzMaw-Monsters.lua	1531	2	
maw-57de4d327b06	untranslated	monster	The Maze			Scripts/General/zzMaw-Monsters.lua	1522	2	
maw-d8824df85dbe	untranslated	monster	The Mercenary Guild			Scripts/General/zzMaw-Monsters.lua	1450	2	
maw-224fa7ee3101	untranslated	monster	The Monolith			Scripts/General/zzMaw-Monsters.lua	1619	2	
maw-0b7cc6f6a1be	untranslated	monster	The Pit			Scripts/General/zzMaw-Monsters.lua	1480	2	
maw-35128d619b52	untranslated	monster	The Red Dwarf Mines			Scripts/General/zzMaw-Monsters.lua	1408	2	
maw-fbde982e5dbf	untranslated	monster	The School of Sorcery			Scripts/General/zzMaw-Monsters.lua	1456	2	
maw-232a3e117d09	untranslated	monster	The Small House			Scripts/General/zzMaw-Monsters.lua	1510	2	
maw-24e66ac66332	untranslated	monster	The Strange Temple			Scripts/General/zzMaw-Monsters.lua	1513	2	
maw-51bbe99cddde	untranslated	monster	The Temple of Baa			Scripts/General/zzMaw-Monsters.lua	1453	2	
maw-63bc95a38eb4	untranslated	monster	The Temple of the Moon			Scripts/General/zzMaw-Monsters.lua	1109	4	
maw-72e425d730ec	untranslated	monster	The Tidewater Caverns			Scripts/General/zzMaw-Monsters.lua	1402	2	
maw-91b295fdd155	untranslated	monster	The Titans' Stronghold			Scripts/General/zzMaw-Monsters.lua	1516	2	
maw-e8f7293acdb0	untranslated	monster	The Tularean Caves			Scripts/General/zzMaw-Monsters.lua	1405	2	
maw-ae44a25dad50	untranslated	monster	The Tularean Forest			Scripts/General/zzMaw-Monsters.lua	1393	2	
maw-1b7e5db070a3	untranslated	monster	The Walls of Mist			Scripts/General/zzMaw-Monsters.lua	1477	2	
maw-942291a68073	untranslated	monster	The Wine Cellar			Scripts/General/zzMaw-Monsters.lua	1471	2	
maw-80167db708b2	untranslated	monster	Thunderfist Mountain			Scripts/General/zzMaw-Monsters.lua	1492	2	
maw-6c82e6dd8680	untranslated	monster	Time			Scripts/General/zzMAW-Skills.lua	1122	3	
maw-d0dfe127468d	untranslated	monster	Tomb of Ethric the Mad			Scripts/General/zzMaw-Monsters.lua	1622	2	
maw-53e1612ba7f9	untranslated	monster	Tomb of Lord Brinne			Scripts/General/zzMaw-Monsters.lua	1241	1	
maw-7058869ef400	untranslated	monster	Tomb of VARN			Scripts/General/zzMaw-Monsters.lua	1679	2	
maw-7f8c32900206	untranslated	monster	totMult			Scripts/General/zzMaw-Monsters.lua	4349	1	
maw-02d5aeecc649	untranslated	monster	Troll Tomb			Scripts/General/zzMaw-Monsters.lua	1148	2	
maw-99b24a103b84	untranslated	monster	Tunnels to Eeofol			Scripts/General/zzMaw-Monsters.lua	1504	2	
maw-2701a94c0eb5	untranslated	monster	Tutorial			Scripts/General/zzMaw-Monsters.lua	1181	1	
maw-93b9e289e284	untranslated	monster	Types			Scripts/General/AdaptiveMonstersStats.lua	185	1	
maw-9cee094cba21	untranslated	monster	Unconscious			Scripts/General/zzMaw-Monsters.lua	3848	1	
maw-6448d1095c7b	untranslated	monster	Undefined property, line: 			Scripts/General/AdaptiveMonstersStats.lua	102	1	
maw-c04888dcb0ae	untranslated	monster	Unicorn			Scripts/General/zzMaw-Monsters.lua	1033	1	
maw-bc7819b34ff8	untranslated	monster	Unknown			Scripts/Global/Quest_SavingGoobers.lua	845	1	
maw-b8e6d99bded5	untranslated	monster	Unsupported monster count type			Scripts/General/pseudoSpawnpoint.lua	44	1	
maw-5476a31eafef	untranslated	monster	Uplifted Library			Scripts/General/zzMaw-Monsters.lua	1277	2	
maw-26e880f3a630	untranslated	monster	Vampire Crypt			Scripts/General/zzMaw-Monsters.lua	1220	2	
maw-effaeeb9ae4f	untranslated	monster	War Camp			Scripts/General/zzMaw-Monsters.lua	1247	2	
maw-f04e7d5237a8	untranslated	monster	Warlord's Fortress			Scripts/General/zzMaw-Monsters.lua	1628	2	
maw-c666f539f0ef	untranslated	monster	Wasp Nest			Scripts/General/zzMaw-Monsters.lua	1193	2	
maw-5eb36e59e961	untranslated	monster	Watchtower 6			Scripts/General/zzMaw-Monsters.lua	1462	2	
maw-429a85e88299	untranslated	monster	Weakness			Scripts/General/zzMaw-Monsters.lua	3847	1	
maw-d07225f927ff	untranslated	monster	White Cliff Cave			Scripts/General/zzMaw-Monsters.lua	1372	2	
maw-d0e5979fda49	untranslated	monster	Will ' O Wisp			Scripts/General/zzMaw-Monsters.lua	1032	1	
maw-81708e567e0a	untranslated	monster	William Setag's Tower			Scripts/General/zzMaw-Monsters.lua	1441	2	
maw-4c7efa882c5b	untranslated	monster	Wimpy Pirate Warrior Male			Scripts/General/zzMaw-Monsters.lua	854	1	
maw-6afba0389e63	untranslated	monster	Wromthrax's Cave			Scripts/General/zzMaw-Monsters.lua	1525	2	
maw-5e4d854d71c8	untranslated	monster	Yaardrake's Cave			Scripts/General/zzMaw-Monsters.lua	1301	2	
maw-544a7ced425d	untranslated	monster	Zokarr's Tomb			Scripts/General/zzMaw-Monsters.lua	1378	2	
maw-be3e57a166c1	untranslated	skill	"

Balancing power and vitality leads to the highest damage.
"			Scripts/General/zzMAW-Skills.lua	2134	1	
maw-2b7c4fd09217	untranslated	skill	"

Every 7 Skill level adds 1 level into ascension.
Increases melee damage 1-2-3-4 (at N-E-M-GM) per Earth Magic Level
"			Scripts/General/zzClasses.lua	1049	1	
maw-b5285078828f	untranslated	skill	"

Every 7 Skill level adds 1 level into ascension.
Melee attacks deal an extra "			Scripts/General/zzClasses.lua	1036	1	
maw-546b7e641c42	untranslated	skill	"

Every 7 Skill level adds 1 level into ascension.
Reduce all damage taken by "			Scripts/General/zzClasses.lua	1039	2	
maw-56bbe4224d60	untranslated	skill	"

Hit Points are also increased 2-3-4-5% per skill point, depending on mastery."		% p	Scripts/General/zzMaw-Stats.lua	375	1	
maw-4522e2803e51	untranslated	skill	"

Master will grant 1% to drop random reagents from Monsters.
At GM this chance is doubled."		% to	Scripts/General/zzAlchemy.lua	686	1	
maw-7c3efcea2530	untranslated	skill	"

Melee Life Leech vs equal level: %s
Next Level Bonus: %s
(lower against higher level monsters)"		%s %s	Scripts/General/zzMAW-Skills.lua	1352	1	
maw-0c00f6a83ef5	untranslated	skill	"

Press M to enable/disable"			Scripts/General/zzMAW-Skills.lua	2118	2	
maw-04249a82123e	untranslated	skill	"

Total Damage: "			Scripts/General/zzMAW-Skills.lua	2134	1	
maw-ef99b6292346	untranslated	skill	"
------------------------------------------------------------
            Attack| Dmg|"			Scripts/General/zzClasses.lua	800	1	
maw-a312328e3e40	untranslated	skill	"
Currently disabled
"			Scripts/General/zzMAW-Skills.lua	2105	2	
maw-06ca36b86c43	untranslated	skill	"
Currently enabled
"			Scripts/General/zzMAW-Skills.lua	2102	2	
maw-565b2e1fded7	untranslated	skill	"
Knights can learn up to a Supreme level, which is learned automatically at skill level "			Scripts/General/zzMAW-Skills.lua	2691	1	
maw-0523695451dd	untranslated	skill	"
The paralyze effect lasts for 5 seconds on regular monsters and 2 seconds on bosses. The stun effect lasts for half the duration of the paralyze effect. The chances of successfully applying these effects depend on the skill level and the monster's level.
"			Scripts/General/zzMAW-Skills.lua	484	1	
maw-178e59cf5e6a	untranslated	skill	"
This skill increases the damage gained from weapon +1 per skill point in the bow skill, by a percentage when equipping a bow.
"			Scripts/General/zzMAW-Skills.lua	490	1	
maw-4dc0c3f9a6ff	untranslated	skill	"
This skill increases the damage gained from weapon by a percentage when equipping a staff.
At Grandmaster can combine staff and unarmed skill, increasing its damage with staff skill at half effect.

Your full Staff Attack boosts AC and all Resistances by X% per skill point, counting an extra +10 points of skill. Resistances apply to the entire party.
"		% p	Scripts/General/zzMAW-Skills.lua	485	1	
maw-d5be30b6422f	untranslated	skill	"
This skill increases the damage gained from weapon, armsmaster, and special abilities by a percentage when equipping a dagger.
Crit chance will get lower as monsters grow stronger, up to level 600."			Scripts/General/zzMAW-Skills.lua	487	1	
maw-ad60bd6b65f0	untranslated	skill	"
This skill increases the damage gained from weapon, armsmaster, and special abilities by a percentage when equipping a mace.
"			Scripts/General/zzMAW-Skills.lua	491	1	
maw-687e8f4a102e	untranslated	skill	"
This skill increases the damage gained from weapon, armsmaster, and special abilities by a percentage when equipping a spear.

Spear skill raises AC by X% per skill point, counting an extra +10 effective skill.
"		% p	Scripts/General/zzMAW-Skills.lua	489	1	
maw-7029497de0dc	untranslated	skill	"
This skill increases the damage gained from weapon, armsmaster, and special abilities by a percentage when equipping a sword.

Your full Sword Attack boosts AC by X% per skill point, counting an extra +10 points of skill.
"		% p	Scripts/General/zzMAW-Skills.lua	486	1	
maw-71b422eebba7	untranslated	skill	"
This skill increases the damage gained from weapon, armsmaster, and special abilities by a percentage when equipping an axe.
"			Scripts/General/zzMAW-Skills.lua	488	1	
maw-cf74ce2f43ce	untranslated	skill	"
Vitality coefficient: "			Scripts/General/zzMAW-Skills.lua	2134	1	
maw-70332ae6ff69	untranslated	skill	 atk			Scripts/General/zzMAW-Skills.lua	691	1	
maw-0180dbb97f1a	untranslated	skill	 atk, 			Scripts/General/zzMAW-Skills.lua	692	3	
maw-7e1bd9ca7323	untranslated	skill	 dmg and 			Scripts/General/zzMAW-Skills.lua	691	1	
maw-7aa77166c8f7	untranslated	skill	 dmg, 			Scripts/General/zzMAW-Skills.lua	692	3	
maw-e3f4d0063c3d	untranslated	skill	" Hit Points
"			Scripts/General/zzClasses.lua	1059	1	
maw-3a4e4d25a545	untranslated	skill	"%

Additionally it will make your attacks to leech damage based on your total HP.

Current leech vs. same level monsters: "			Scripts/General/zzClasses.lua	1457	1	
maw-07ee0aeb6aee	untranslated	skill	"%

Press P to enable/disable
"			Scripts/General/zzMAW-Skills.lua	2097	2	
maw-f5cb16b30cd5	untranslated	skill	% of monster Hit points as fire damage.		% o	Scripts/General/zzClasses.lua	1036	1	
maw-41559b59261e	untranslated	skill	%% speed			Scripts/General/zzMAW-Skills.lua	692	3	
maw-347cd9c53ff7	untranslated	skill	%s		%s	Scripts/General/zzMAW-Skills.lua	565	7	
maw-539335ea1fbf	untranslated	skill	"%s	"		%s	Scripts/General/zzMAW-Skills.lua	527	28	
maw-f9cac35ff8e0	untranslated	skill	"%s	0"		%s	Scripts/General/zzMAW-Skills.lua	526	1	
maw-33af5cacd7e6	untranslated	skill	"%s	075AC|"		%s	Scripts/General/zzMAW-Skills.lua	611	2	
maw-245e64ea1852	untranslated	skill	"%s

Current bonuses at skill %s:
- Damage base: %s
- Damage scaling: %s

- Healing base: %s
- Healing scaling: %s

- Mana cost: %s
- Cast time: %s
"		%s %s %s %s %s %s %s %s	Scripts/General/zzMAW-Skills.lua	1386	1	
maw-4f7c505f10c4	untranslated	skill	"%s

Current HP Regeneration: %s
Next Level Bonus: %s HP Regen"		%s %s %s	Scripts/General/zzMAW-Skills.lua	1347	1	
maw-058cca31afa4	untranslated	skill	"%s
------------------------------------------------------------
"		%s	Scripts/General/zzMAW-Skills.lua	499	1	
maw-a54a769ec702	untranslated	skill	"%s
------------------------------------------------------------
         "		%s	Scripts/General/zzMAW-Skills.lua	627	1	
maw-da596ebf60c7	untranslated	skill	%s 0.5%% dodge chance		%s	Scripts/General/zzMAW-Skills.lua	696	1	
maw-415e2977544c	untranslated	skill	%s 1%% to halve AC and increases critical strike damage by 5%% per skill point, reduced up to 1%% as monsters get stronger		%s	Scripts/General/zzMAW-Skills.lua	673	1	
maw-c251631f5372	untranslated	skill	%s 1%% to stun		%s	Scripts/General/zzMAW-Skills.lua	681	1	
maw-1085d0411908	untranslated	skill	%s 15%% Damage reduction		%s	Scripts/General/zzMAW-Skills.lua	690	1	
maw-d19cba1e3297	untranslated	skill	%s 2 arrows		%s	Scripts/General/zzMAW-Skills.lua	674	1	
maw-90148d4fc180	untranslated	skill	%s 5+1 crit%%/skill		%s	Scripts/General/zzMAW-Skills.lua	677	1	
maw-d61825e4d051	untranslated	skill	%s can dual wield		%s	Scripts/General/zzMAW-Skills.lua	676	2	
maw-11ab2fd5f68b	untranslated	skill	%s can hold with 1 hand		%s	Scripts/General/zzMAW-Skills.lua	680	1	
maw-060c34df1833	untranslated	skill	%s chance to paralyze		%s	Scripts/General/zzMAW-Skills.lua	679	1	
maw-76097c4f8d15	untranslated	skill	%s chance to stun		%s	Scripts/General/zzMAW-Skills.lua	678	1	
maw-7a69e955bfeb	untranslated	skill	%s rec. pen. elim.		%s	Scripts/General/zzMAW-Skills.lua	688	1	
maw-1dfd8c6da9a8	untranslated	skill	%s rec. pen. halved		%s	Scripts/General/zzMAW-Skills.lua	687	1	
maw-06af20f3aede	untranslated	skill	%s recovery penalty eliminated		%s	Scripts/General/zzMAW-Skills.lua	684	3	
maw-8927ee350cbb	untranslated	skill	%s recovery penalty halved		%s	Scripts/General/zzMAW-Skills.lua	685	1	
maw-3f92a95e24aa	untranslated	skill	"%s Res	000"		%s	Scripts/General/zzMAW-Skills.lua	612	2	
maw-00f2a94b750e	untranslated	skill	%s shoots fire arrows, dealing highest between fire and physical damage		%s	Scripts/General/zzMAW-Skills.lua	675	1	
maw-bd2aa1daab14	untranslated	skill	%s usable with Leather Armor		%s	Scripts/General/zzMAW-Skills.lua	695	1	
maw-b814f42a8c77	untranslated	skill	%s usable with Unarm.		%s	Scripts/General/zzMAW-Skills.lua	682	1	
maw-29bafc9a3c98	untranslated	skill	%s%%|		%s	Scripts/General/zzMAW-Skills.lua	543	4	
maw-f9b26d772d4f	untranslated	skill	%sRes		%s	Scripts/General/zzMAW-Skills.lua	564	1	
maw-908093bbf3f4	untranslated	skill	%s|		%s	Scripts/General/zzMAW-Skills.lua	527	16	
maw-84d1ceb266d3	untranslated	skill	([^%s]+)		%s	Scripts/General/BountyHunt.lua	215	13	
maw-4b7ec923d00c	untranslated	skill	"(calculated after resistances)
"			Scripts/General/zzClasses.lua	1046	1	
maw-75446e835954	untranslated	skill	Absorb up to 25% damage		% d	Scripts/General/zzMAW-Skills.lua	2478	1	
maw-edaf46202584	untranslated	skill	Absorb up to 50% damage		% d	Scripts/General/zzMAW-Skills.lua	2479	1	
maw-b53ba9e43224	untranslated	skill	Absorb up to 75% damage		% d	Scripts/General/zzMAW-Skills.lua	2480	1	
maw-80cc252aa544	untranslated	skill	AC|			Scripts/General/zzMAW-Skills.lua	557	1	
maw-89736fc25d09	untranslated	skill	Adamantite			Scripts/General/zzMaw-Monsters.lua	3177	2	
maw-1b684e0e7237	untranslated	skill	"After mastering the art of covering, you have become capable delivering deadly counter attacks to those who dare try harm your allies. Retaliation has a 1% per skill point chance to activate after successfully covering an ally.

Expert, Master and Grandmaster are learned automatically at skill 12, 30 and 50.
"		% p	Scripts/General/zzMAW-Skills.lua	2540	1	
maw-21abf3a9d1fd	untranslated	skill	"After mastering the art of covering, you have become capable delivering deadly counter attacks to those who dare try harm your allies. Retaliation has a 1% per skill point chance to activate after successfully covering an ally.

Expert, Master and Grandmaster are learned automatically at skill 12, 30 and 50.

Damage done depends on 2 coefficients, multiplied then by skill level:

Melee Power coefficient: "		% p	Scripts/General/zzMAW-Skills.lua	2134	1	
maw-bbec938dae2f	untranslated	skill	Air Magic			Scripts/General/zzClasses.lua	2166	1	
maw-53ad7869dac0	untranslated	skill	All damage is absorbed by mana			Scripts/General/zzMAW-Skills.lua	2481	1	
maw-f9363b18c988	untranslated	skill	"Allow use to Cover Physical damage
"			Scripts/General/zzMAW-Skills.lua	2048	1	
maw-60b1f591790d	untranslated	skill	Allow use to Cover Projectiles damage			Scripts/General/zzMAW-Skills.lua	2049	1	
maw-04e874e5383b	untranslated	skill	Allows to make black potions. Power when mixing will be increased to 2 and increases potion duration by 6 Minutes per skill point. Allows the Endless potion to be dropped by monsters, which power is determined by Alchemy level.			Scripts/General/zzAlchemy.lua	688	1	
maw-a672568b736a	untranslated	skill	Allows to make white potions. Power when mixing will be increased to 1.5 per skill point.			Scripts/General/zzAlchemy.lua	687	1	
maw-43a3e83ba69f	untranslated	skill	"Armsmaster skill represents the warrior's tricks of the trade, enhancing your proficiency with all weapons-except staves.
This skill allows you to strike faster, execute smoother attacks, and deal more powerful blows.

Damage added by armsmaster skill scales with your weapon skill, amplifying its impact as you grow more adept.
"			Scripts/General/zzMAW-Skills.lua	698	1	
maw-2de8f87cb665	untranslated	skill	Ascension			Scripts/General/zzMAW-Skills.lua	1464	1	
maw-01c14ed50231	untranslated	skill	Assassination			Scripts/General/zzClasses.lua	2107	1	
maw-4c6ddbffd5ce	untranslated	skill	Attacking will increase you next Cover chance by 15%			Scripts/General/zzMAW-Skills.lua	2051	1	
maw-dd933dd88d68	untranslated	skill	Attack|			Scripts/General/zzMAW-Skills.lua	526	1	
maw-c8fa8bc02696	untranslated	skill	baseSpeedMelee			Scripts/General/zzMAW-Skills.lua	358	1	
maw-4265aa0579a1	untranslated	skill	baseSpeedRanged			Scripts/General/zzMAW-Skills.lua	354	1	
maw-24652e28b940	untranslated	skill	Blood			Scripts/General/zzClasses.lua	1451	1	
maw-b01262c9360e	untranslated	skill	Body Magic			Scripts/General/zzClasses.lua	1473	1	
maw-619b87bbb4ea	untranslated	skill	bonusSpeedMelee			Scripts/General/zzMAW-Skills.lua	357	1	
maw-27f96dca33a7	untranslated	skill	bonusSpeedRanged			Scripts/General/zzMAW-Skills.lua	353	1	
maw-c35678b78637	untranslated	skill	Broodling			Scripts/General/zzAlchemy.lua	1259	8	
maw-fe3e99c07f8a	untranslated	skill	Broodlord			Scripts/General/zzMaw-Monsters.lua	3115	3	
maw-dfbe0e034b19	untranslated	skill	BuildSkillInformationBox			Scripts/Structs/extraEditableDescriptions.lua	54	1	
maw-18278917acef	untranslated	skill	"By agreeing to this, every skill you possess shall be returned to the beginning, to the level of a Novice, and all the points you've invested in these skills shall be returned to you. 

Once your skill grows to the necessary level, mastery of it shall be bestowed upon you once more, should you have achieved it before.

For this service, a tribute of 1000 gold for each level you have achieved shall be required"			Scripts/Global/zzMAWRespec.lua	15	1	
maw-cec78e853644	untranslated	skill	CalcStatBonusBySkills			Scripts/Core/events.lua	1895	1	
maw-978a084c3175	untranslated	skill	"Chain armor is the medium armor type.  It provides more protection than leather and less than plate, but it also slows your character down more than leather.

Chain Armor Skill boosts the AC and Resistances gained by ALL armors when equipping a Chain Armor by a percent amount."			Scripts/General/zzMAW-Skills.lua	592	1	
maw-826b07e8e3ae	untranslated	skill	Chance			Scripts/General/zzMAW-Skills.lua	1083	2	
maw-df5e8635a295	untranslated	skill	Chance to Paralyze: 			Scripts/General/zzMAW-Skills.lua	2465	1	
maw-c713960107a1	untranslated	skill	Chance to Stun: 			Scripts/General/zzMAW-Skills.lua	2463	1	
maw-af169bb89cfb	untranslated	skill	Combat			Scripts/General/zzClasses.lua	2104	1	
maw-57b5a5dea337	untranslated	skill	"Combat is the skill that allows you to endure prolonged fights by enhancing your energy recovery.

Each attack has a base 10% chance, plus 1% per skill point, to restore 15 energy.

"		% c % p	Scripts/General/zzClasses.lua	2109	1	
maw-8b656a5dd9d5	untranslated	skill	Cover			Scripts/General/zzMAW-Skills.lua	2046	1	
maw-f656eb28d0a2	untranslated	skill	"Cover Skill is a defensive prowess enabling a character to shield allies by intercepting incoming damage. This ability strategically positions the user as the primary target of enemy onslaughts, thereby protecting teammates who are more susceptible to damage.

Grants 10 plus 1% chance per skill point to Cover an ally, up to 40%, however, something might happen once at max level...


Press P to enable/disable
"		% c	Scripts/General/zzMAW-Skills.lua	2047	1	
maw-84a1cb449d28	untranslated	skill	"Cover Skill is a defensive prowess enabling a character to shield allies by intercepting incoming damage. This ability strategically positions the user as the primary target of enemy onslaughts, thereby protecting teammates who are more susceptible to damage.

If available, Expert, Master and Grandmaster is learned at skill 6-12-20.

Grants 10 plus 1% chance per skill point to Cover, up to 40%, however, something might happen once at max level....

Current cover chance: "		% c	Scripts/General/zzMAW-Skills.lua	2097	1	
maw-e3808a8b98b0	untranslated	skill	"Cover Skill is a defensive prowess enabling a character to shield allies by intercepting incoming damage. This ability strategically positions the user as the primary target of enemy onslaughts, thereby protecting teammates who are more susceptible to damage.

If available, Expert, Master and Grandmaster is learned at skill 8-20-30.

Grants 10 plus 1% chance per skill point to Cover, up to 40%, however, something might happen once at max level....

Current cover chance: "		% c	Scripts/General/zzMAW-Skills.lua	2099	1	
maw-3711ef38c87d	untranslated	skill	Current Damage reduction per Mana: 			Scripts/General/zzMAW-Skills.lua	2118	2	
maw-baa7b94348d2	untranslated	skill	Current Reduction: 			Scripts/General/zzClasses.lua	1457	2	
maw-b3ec68d9a6c8	untranslated	skill	Dark Magic			Scripts/General/zzClasses.lua	1474	1	
maw-a8e6075e3936	untranslated	skill	Dmg%%|			Scripts/General/zzMAW-Skills.lua	542	1	
maw-2398296e3634	untranslated	skill	Dmg|			Scripts/General/zzMAW-Skills.lua	549	1	
maw-a45908c888a2	untranslated	skill	Double healing effect			Scripts/General/zzClasses.lua	432	1	
maw-eac1e2011194	untranslated	skill	"Dragons can use their fangs to deal atrocious damage to enemies. Damage is 30 + 2 per level (up to level 600). Fang skill increases this amount by a percentage based on mastery and skill level.

Whenever this skill is below dragon skill it will push monsters away
Each point in the skill increases damage and increases recovery time by 1.5%.
"			Scripts/General/zzClasses.lua	800	1	
maw-0ad6e75c517a	untranslated	skill	Earth Magic			Scripts/General/zzClasses.lua	2168	1	
maw-78112dc2690b	untranslated	skill	Enlightenment			Scripts/General/zzMAW-Skills.lua	2508	1	
maw-42d86cfd50b6	untranslated	skill	Exploding			Scripts/General/zzMaw-Monsters.lua	3177	2	
maw-70a1c0a505d3	untranslated	skill	Fangs			Scripts/General/zzClasses.lua	798	1	
maw-3bc42b4b8932	untranslated	skill	Fire Magic			Scripts/General/zzClasses.lua	2165	1	
maw-f95933ffb150	untranslated	skill	Fixator			Scripts/General/zzMAW-Skills.lua	1066	4	
maw-35b259290ec3	untranslated	skill	Food			Scripts/Global/NPCFollowersSkills.lua	328	1	
maw-6032a672e309	untranslated	skill	Frost			Scripts/General/zzClasses.lua	1450	1	
maw-6f947783ef13	untranslated	skill	GetDiplomacyTotalSkill			Scripts/Core/events.lua	1956	2	
maw-c06e767c2853	untranslated	skill	GetDisarmTrapTotalSkill			Scripts/Core/events.lua	1953	2	
maw-16b0a818dba4	untranslated	skill	GetIndex			Scripts/General/zzMAW-Skills.lua	2616	1	
maw-54095085517d	untranslated	skill	GetLearningTotalSkill			Scripts/Core/events.lua	1959	2	
maw-b685e98aff4a	untranslated	skill	GetMerchantTotalSkill			Scripts/Core/events.lua	1952	2	
maw-9dd13a7dcc16	untranslated	skill	GetPerceptionTotalSkill			Scripts/Core/events.lua	1958	2	
maw-7d2cde45714f	untranslated	skill	GetPlayerSkillMastery			Scripts/Structs/After/RemoveSkillValueLimits.lua	144	1	
maw-f672c345dffe	untranslated	skill	GetSkill			Scripts/Core/events.lua	1908	1	
maw-ebabbf34ceff	untranslated	skill	Grants bonus to Meditation skill for 6 hours.			Scripts/General/zzAlchemy.lua	480	1	
maw-5200bdfc01a1	untranslated	skill	HP			Scripts/General/AdaptiveMonstersStats.lua	710	10	
maw-bc4de4436fe9	untranslated	skill	Incorrect mastery %d at JoinSkill()		%d	Scripts/Structs/After/RemoveSkillValueLimits.lua	89	1	
maw-d777daa9c06f	untranslated	skill	Incorrect skill value %d at JoinSkill()		%d	Scripts/Structs/After/RemoveSkillValueLimits.lua	85	1	
maw-e8fbfeac40bd	untranslated	skill	Increase your regeneration by 1% per every 1% of hp lost		% o % p	Scripts/General/zzMAW-Skills.lua	2575	1	
maw-9f6c0df8b5f6	untranslated	skill	Increased Attack speed by 1% per Skill		% p	Scripts/General/zzClasses.lua	436	1	
maw-daab9922b845	untranslated	skill	Increased Attack speed by 2% per Skill		% p	Scripts/General/zzClasses.lua	437	1	
maw-6c0c573a0a4e	untranslated	skill	Increased Attack speed by 3% per Skill		% p	Scripts/General/zzClasses.lua	438	1	
maw-5ea4107586d3	untranslated	skill	Increased Attack speed by 4% per Skill		% p	Scripts/General/zzClasses.lua	439	1	
maw-49cb5d5ca418	untranslated	skill	Increases damage by 2 per Skill point			Scripts/General/zzClasses.lua	426	1	
maw-f893dfeaa800	untranslated	skill	Increases damage by 3 per Skill point			Scripts/General/zzClasses.lua	427	1	
maw-3cb0bec33487	untranslated	skill	Increases damage by 4 per Skill point			Scripts/General/zzClasses.lua	428	1	
maw-c77d92241036	untranslated	skill	Increases your maximum energy by 10			Scripts/General/zzClasses.lua	2118	1	
maw-6290f5d955e4	untranslated	skill	Increases your maximum energy by 20			Scripts/General/zzClasses.lua	2123	1	
maw-802a1329ffc3	untranslated	skill	Increases your maximum energy by 30			Scripts/General/zzClasses.lua	2128	1	
maw-3656b212d46e	untranslated	skill	Increases your maximum energy by 40			Scripts/General/zzClasses.lua	2133	1	
maw-4abf5e5a2ab2	untranslated	skill	IsConscious			Scripts/General/zzMAW-Skills.lua	2617	1	
maw-40544d9bf0bd	untranslated	skill	Killing a monster restores 10 energy			Scripts/General/zzClasses.lua	2116	1	
maw-f11808504cd5	untranslated	skill	Killing a monster restores 15 energy			Scripts/General/zzClasses.lua	2121	1	
maw-c39a1eb5778a	untranslated	skill	Killing a monster restores 20 energy			Scripts/General/zzClasses.lua	2126	1	
maw-1acaae4a2aff	untranslated	skill	Killing a monster restores 25 energy			Scripts/General/zzClasses.lua	2131	1	
maw-44c58b0340ce	untranslated	skill	"Leather armor is the lightest armor a character can wear.  While leather provides less protection than chain or plate armor, it also slows your character down the least.

Leather Armor Skill boosts the AC and Resistances gained by ALL armors when equipping a Leather Armor by a percent amount."			Scripts/General/zzMAW-Skills.lua	591	1	
maw-7182aec4321c	untranslated	skill	Leecher			Scripts/General/zzMaw-Monsters.lua	3177	2	
maw-22fa84df37d6	untranslated	skill	Mana cost reduced by 12.5%.			Scripts/General/zzMAW-Skills.lua	1465	1	
maw-c338ab5388a4	untranslated	skill	Mana cost reduced by 25%			Scripts/General/zzMAW-Skills.lua	1466	1	
maw-0a4e4b7336a4	untranslated	skill	Mana cost reduced by 37.5%			Scripts/General/zzMAW-Skills.lua	1467	1	
maw-01908de91882	untranslated	skill	Mana cost reduced by 50%			Scripts/General/zzMAW-Skills.lua	1468	1	
maw-34785d352a98	untranslated	skill	Mana is increased by 2% per skill level, cost divisor increased by 0.5		% p	Scripts/General/zzMAW-Skills.lua	2510	1	
maw-0555f787e247	untranslated	skill	Mana is increased by 3% per skill level, cost divisor increased by 1		% p	Scripts/General/zzMAW-Skills.lua	2511	1	
maw-7302af587b8b	untranslated	skill	Mana is increased by 4% per skill level, cost divisor increased by 1.5		% p	Scripts/General/zzMAW-Skills.lua	2512	1	
maw-b11a712a7bb7	untranslated	skill	Mana is increased by 5% per skill level, cost divisor increased by 2		% p	Scripts/General/zzMAW-Skills.lua	2513	1	
maw-bf1e13de8fdf	untranslated	skill	Mana Shield			Scripts/General/zzMAW-Skills.lua	2476	1	
maw-cbafc012d625	untranslated	skill	"Mana shield consume mana to reduce damage when an hit would take you below a certain threshold.

If available, Expert, Master and Grandmaster is learned at skill 6-12-20 (8-20-32 in insanity mode).

Mastery increase its mana efficience.
"			Scripts/General/zzMAW-Skills.lua	2477	1	
maw-5006c2e9fbd4	untranslated	skill	"Mana shield consume mana to reduce damage when an hit would take you below a certain threshold.

If available, Expert, Master and Grandmaster is learned at skill 6-12-20.

Mastery increase its mana efficience.
"			Scripts/General/zzMAW-Skills.lua	2118	1	
maw-0979679a0c9c	untranslated	skill	"Mana shield consume mana to reduce damage when an hit would take you below a certain threshold.

If available, Expert, Master and Grandmaster is learned at skill 8-20-32.

Mastery increase its mana efficience.
"			Scripts/General/zzMAW-Skills.lua	2120	1	
maw-696e3191948f	untranslated	skill	Mastery			Scripts/General/zzMAW-Skills.lua	1083	2	
maw-7cacbad97aca	untranslated	skill	Melee attack costs 30 energy			Scripts/General/zzClasses.lua	2130	1	
maw-1c9832330cfc	untranslated	skill	Melee attack costs 35 energy			Scripts/General/zzClasses.lua	2125	1	
maw-7fdc3862734e	untranslated	skill	Melee attack costs 40 energy			Scripts/General/zzClasses.lua	2120	1	
maw-bfc71b4321ca	untranslated	skill	Melee attack costs 45 energy			Scripts/General/zzClasses.lua	2115	1	
maw-bc450c26c1e8	untranslated	skill	Melee attacks heal on hit			Scripts/General/zzClasses.lua	431	1	
maw-0a893ece8e46	untranslated	skill	Misc			Scripts/General/zzMAW-Skills.lua	2063	2	
maw-cf844749e1e5	untranslated	skill	Omnipotent			Scripts/General/BountyHunt.lua	216	17	
maw-8eacd5e0337a	untranslated	skill	Plagueborn			Scripts/General/zzMaw-Monsters.lua	3177	2	
maw-92e872e4e20e	untranslated	skill	"Plate armor is the heaviest armor type.  It provides the most protection, but it slows your character down more than leather or chain.

Plate Armor Skill boosts the AC and Resistances gained by ALL armors when equipping a Plate Armor by a percent amount."			Scripts/General/zzMAW-Skills.lua	593	1	
maw-83e4da82cd41	untranslated	skill	"Poisoning is the art of mastering toxins through self-experimentation, transforming suffering into vitality. Higher skill levels increase your energy regeneration.

Each attack deals bonus water damage equal to 0.1% of the target's HP per skill point.

"		% o	Scripts/General/zzClasses.lua	2111	1	
maw-b1990861729d	untranslated	skill	Poisons			Scripts/General/zzClasses.lua	2106	1	
maw-176436bc329f	untranslated	skill	Puller			Scripts/General/zzMaw-Monsters.lua	3177	2	
maw-085171c8bf3e	untranslated	skill	Reduces traps and lava damage by 10%.			Scripts/General/zzMAW-Skills.lua	1470	1	
maw-96fa891e59df	untranslated	skill	Reduces traps and lava damage by 30%.			Scripts/General/zzMAW-Skills.lua	1471	1	
maw-b398b59387c0	untranslated	skill	Reduces traps and lava damage by 50%.			Scripts/General/zzMAW-Skills.lua	1472	1	
maw-25edbf756cff	untranslated	skill	Reduces traps and lava damage by 70%.			Scripts/General/zzMAW-Skills.lua	1473	1	
maw-078157762d2c	untranslated	skill	Reflecting			Scripts/General/zzMaw-Monsters.lua	3177	2	
maw-809f8bbcd185	untranslated	skill	Regenerating			Scripts/General/zzMaw-Monsters.lua	3177	2	
maw-73c6fffa68c4	untranslated	skill	RemoveSkillValueLimits			Scripts/Structs/After/RemoveSkillValueLimits.lua	1	1	
maw-c6b40b4993cf	untranslated	skill	Retaliation			Scripts/General/zzMAW-Skills.lua	2539	1	
maw-a5b46b9f3ae4	untranslated	skill	Retaliation can stack up to 3 times, allowing to consume all the stacks in 1 single powerful hit			Scripts/General/zzMAW-Skills.lua	2544	1	
maw-0b414bdcb7b9	untranslated	skill	Scales			Scripts/General/zzClasses.lua	806	1	
maw-aa0e7e86b7aa	untranslated	skill	Shadow			Scripts/General/zzMaw-Monsters.lua	3177	2	
maw-a6852004e745	untranslated	skill	"Shield skill provides great defense against both physical and magical attacks.

Shield Skill boosts the AC and Resistances gained from your Shield  by a percent amount."			Scripts/General/zzMAW-Skills.lua	590	1	
maw-ec9f630c8693	untranslated	skill	Skill			Data/Tables/Extra Skillz.txt	1	7	
maw-595e6f796a09	untranslated	skill	Skill reset info			Scripts/Global/zzMAWRespec.lua	14	1	
maw-e09212c7d3ea	untranslated	skill	Skills			Scripts/General/zzMaw-Monsters.lua	3147	1	
maw-04ad3555eeac	untranslated	skill	Skills adds 			Scripts/General/zzMAW-Skills.lua	691	4	
maw-c1c7f7e81f44	untranslated	skill	"Skills adds 3 dmg, 3 atk, 2% speed
Each 10 points in armsmaster increase all the melee weapon skills by 1"		% s	Scripts/General/zzMAW-Skills.lua	2693	1	
maw-7707f6812879	untranslated	skill	SP			Scripts/General/zzMAW-Skills.lua	865	2	
maw-3d0e83b4f7be	untranslated	skill	Speed|			Scripts/General/zzMAW-Skills.lua	534	1	
maw-249f056b552d	untranslated	skill	Stacks			Scripts/General/zzMAW-Skills.lua	1121	12	
maw-e81ea1b3be50	untranslated	skill	Subtlety			Scripts/General/zzClasses.lua	2105	1	
maw-1d06f1d00475	untranslated	skill	"Subtlety manipulates the boundary between life and death, granting you energy upon killing enemies and increasing your speed.

Energy consuming attack grants 1 stack, which increase your attack speed by 1% per skill point in Subtlety. Stacks up to 5 times.

"		% p	Scripts/General/zzClasses.lua	2110	1	
maw-19e9d2245f60	untranslated	skill	Summoner			Scripts/General/zzMaw-Monsters.lua	3177	2	
maw-13529394f788	untranslated	skill	Swapper			Scripts/General/zzMaw-Monsters.lua	3177	3	
maw-112ab020698e	untranslated	skill	Swift			Scripts/General/zzMaw-Monsters.lua	3177	2	
maw-d387f71bdbc2	untranslated	skill	TeachSkill			Scripts/General/zzMAW-Skills.lua	1752	1	
maw-9695e5c63098	untranslated	skill	"This skill is only available to death knights and increases damage by 0.5-1-1.5 (at Novice, Expert, Master) and increases attack speed by 2% per skill point.
"		% p	Scripts/General/zzClasses.lua	1454	1	
maw-347e88fe61c6	untranslated	skill	"This skill is only available to death knights and increases damage by 0.5-1-1.5 (at Novice, Expert, Master) and reduces magical damage taken.
"			Scripts/General/zzClasses.lua	1459	1	
maw-8c46bff5c136	untranslated	skill	"This skill is only available to death knights and reduces physical damage taken.
"			Scripts/General/zzClasses.lua	1457	1	
maw-dc9dacafa603	untranslated	skill	Thorn			Scripts/General/zzMaw-Monsters.lua	3177	2	
maw-e88d3c5da733	untranslated	skill	Triple healing effect			Scripts/General/zzClasses.lua	433	1	
maw-2a8dbafc6266	untranslated	skill	Unholy			Scripts/General/zzClasses.lua	1452	1	
maw-f08ed9a7b187	untranslated	skill	"Unlock the true potential of your mana reserves with Enlightenment, a transformative skill that increases your mana pool and reduces mana reserved by buffs, empowering you to cast more freely and frequently.

The cost of buffs is divided by the amount of mana you gain per level. As you reach higher mastery levels, the divisor increases, but your total mana pool remains the same.

If available, Expert, Master and Grandmaster is learned at skill 6-12-20.
"			Scripts/General/zzMAW-Skills.lua	2509	1	
maw-f9bb62f972ac	untranslated	skill	Venomous			Scripts/General/zzMaw-Monsters.lua	3177	2	
maw-fb7fcba97ab8	untranslated	skill	Water Magic			Scripts/General/zzClasses.lua	1472	2	
maw-0627ec58a510	untranslated	skill	You don't meet the requirements, and cannot be taught until you do.			Scripts/General/zzMAW-Skills.lua	2276	1	
maw-5c294ee8c995	untranslated	skill	You regenerate 10 energy per second			Scripts/General/zzClasses.lua	2122	1	
maw-7915063e5e14	untranslated	skill	You regenerate 12 energy per second			Scripts/General/zzClasses.lua	2127	1	
maw-b051b32d9a1f	untranslated	skill	You regenerate 14 energy per second			Scripts/General/zzClasses.lua	2132	1	
maw-37625d1989c3	untranslated	skill	You regenerate 8 energy per second			Scripts/General/zzClasses.lua	2117	1	
maw-177e50af5d81	untranslated	skill	Your next attack deals additional damage, multiplied by skill level			Scripts/General/zzMAW-Skills.lua	2541	1	
maw-f5cbe7ee2108	untranslated	skill	Your next attack has a 25% chance to stun the enemy for 2 seconds		% c	Scripts/General/zzMAW-Skills.lua	2543	1	
maw-b2d89e6f8305	untranslated	skill	Your next attack recovery time is reduced by 30%			Scripts/General/zzMAW-Skills.lua	2542	1	
maw-4c3ed26b6734	untranslated	spell	"

Can't learn"			Scripts/General/zzMaw-Spells.lua	2312	1	
maw-58b40a5e7a2c	untranslated	spell	"

Every 7 Skill level adds 1 level into ascension.
Increases melee damage by "			Scripts/General/zzClasses.lua	1052	1	
maw-e58bf5ff5a06	untranslated	spell	"

Every 7 Skill level adds 1 level into ascension.
Melee attacks restore "			Scripts/General/zzClasses.lua	1055	2	
maw-4662e610e43b	untranslated	spell	"

Not Learned"			Scripts/General/zzMaw-Spells.lua	2315	1	
maw-5d1b887ea9d7	untranslated	spell	"
Active ("			Scripts/General/zzMaw-Spells.lua	2247	1	
maw-f62c536c3aca	untranslated	spell	"
Active("			Scripts/General/zzMaw-Spells.lua	2263	1	
maw-8b72f4c9216e	untranslated	spell	"
Not Active"			Scripts/General/zzMaw-Spells.lua	2243	2	
maw-478883517eb5	untranslated	spell	 Hit Points			Scripts/General/zzAlchemy.lua	416	8	
maw-b3c72c8ec255	untranslated	spell	" Spell Points
"			Scripts/General/zzClasses.lua	1055	1	
maw-c5fb409edfff	untranslated	spell	"#	Note	Continent	Bolster kind	Spells	Summons	Level shift
"			Scripts/General/AdaptiveMonstersStats.lua	171	1	
maw-0978c0a32195	untranslated	spell	"#	Note	Type	ExtraType	Creed	Style	Pref magic	NoArena	Allow ranged attacks	Allow spells	HP by size	Allow replicate	Allow summons	Summon Id	Extra points	Max HP Boost (%)
"			Scripts/General/AdaptiveMonstersStats.lua	116	1	
maw-04a318e009f9	untranslated	spell	"% at novice, expert, master and grandmaster rankings per point of skill in Dragon Ability.
Each point in the skill increases damage and increases recovery time by 3%."		% a	Scripts/General/zzClasses.lua	494	1	
maw-b5734db76175	untranslated	spell	% of Melee damage		% o	Scripts/General/zzClasses.lua	1377	4	
maw-3153fe797154	untranslated	spell	"%s

Increases spell points based on SP per level and mastery

Current SP Regeneration: %s
Next Level Bonus: %s SP Regen
"		%s %s %s	Scripts/General/zzMAW-Skills.lua	1374	1	
maw-34240f29269c	untranslated	spell	"%s Mana cost: 
cures %s + %s HP per point of skill"		%s %s %s	Scripts/General/zzMaw-Spells.lua	2209	5	
maw-339f786746eb	untranslated	spell	"%s Mana cost: 
cures %s + %s HP per point of skill
1 day limit
"		%s %s %s	Scripts/General/zzMaw-Spells.lua	2183	4	
maw-5bf25d99575c	untranslated	spell	"%s Mana cost: 
cures %s + %s HP per point of skill
no limit
"		%s %s %s	Scripts/General/zzMaw-Spells.lua	2219	1	
maw-d6255d1819c5	untranslated	spell	"16 Mana cost: 
cures 36 + 6 HP per point of skill
no limit
"			Scripts/General/zzMaw-Spells.lua	717	1	
maw-b81f7eef53da	untranslated	spell	"5 Mana cost: 
cures 12 + 2 HP per point of skill
1 hour limit
"			Scripts/General/zzMaw-Spells.lua	715	1	
maw-0197e3f89ff1	untranslated	spell	"8 Mana cost: 
cures 24 + 4 HP per point of skill
1 day limit
"			Scripts/General/zzMaw-Spells.lua	716	1	
maw-fa7f64b02a17	untranslated	spell	A calm glow lingers between the leaves; a spirit-binding sigil veils the prayers, and they fade to silence without skill in Spirit.			Scripts/General/zzMaw-Spells.lua	3412	1	
maw-62e736ba86bd	untranslated	spell	A pale radiance seeps through the cover; a sun-seal flares too bright to read, dimming into clarity for those trained in Light.			Scripts/General/zzMaw-Spells.lua	3415	1	
maw-2a8bd8b9c280	untranslated	spell	A scorched grimoire that radiates gentle heat; a heat-seal brands the cover, and the pages grow too hot to hold unless you're versed in Fire.			Scripts/General/zzMaw-Spells.lua	3408	1	
maw-457914fa7aaf	untranslated	spell	Adds %s + %s HP per point of skill to the pool		%s %s	Scripts/General/zzMaw-Spells.lua	2191	2	
maw-685c059c09bb	untranslated	spell	Air Magic Book			Scripts/General/zzMaw-Spells.lua	3400	1	
maw-2dd4c6840106	untranslated	spell	All spells cast at 1.5 times skill			Scripts/General/zzMaw-Spells.lua	747	1	
maw-12a3d1a8ce31	untranslated	spell	All spells cast at 2 times skill			Scripts/General/zzMaw-Spells.lua	748	1	
maw-247b27ca66b0	untranslated	spell	All stats increased by 10+1 per skill			Scripts/General/zzMaw-Spells.lua	741	1	
maw-935d91b8e953	untranslated	spell	All stats increased by 15+1.5 per skill			Scripts/General/zzMaw-Spells.lua	742	1	
maw-e99c70428f3e	untranslated	spell	All stats increased by 20+2 per skill			Scripts/General/zzMaw-Spells.lua	743	1	
maw-554ad32ce774	untranslated	spell	Allow use to Cover Spells damage			Scripts/General/zzMAW-Skills.lua	2050	1	
maw-f3762b6b3022	untranslated	spell	AllowNewSpell			Scripts/General/AdaptiveMonstersStats.lua	764	1	
maw-512da2e32544	untranslated	spell	Asphyxiate			Scripts/General/zzClasses.lua	1420	1	
maw-6000be5eddfc	untranslated	spell	"Assassination focuses on eliminating isolated targets before they react. Attacks that spend energy or spells, have your damage increased by 4-6-8-10 per skill point, reduced by 20% for each target's nearby enemy (up to 4 enemies).
Such attacks also grant 1 combo point, allowing the assassin to cast offensive spells.
Bow has 50% chance and energy cost.

Higher levels also grant more starting energy, ideal for high burst damage in short engagements.

"		% c % f	Scripts/General/zzClasses.lua	2112	1	
maw-077fe9c54ed5	untranslated	spell	Base			Scripts/General/zzMaw-Items.lua	4264	33	
maw-6feeb259c205	untranslated	spell	BaseCost			Scripts/General/zzMaw-Spells.lua	1306	13	
maw-382da73f22da	untranslated	spell	Blood Leech			Scripts/General/zzClasses.lua	1405	1	
maw-260d8bb6cec2	untranslated	spell	Body Magic Book			Scripts/General/zzMaw-Spells.lua	3405	1	
maw-f69f233005f1	untranslated	spell	Book			Scripts/General/zzMaw-Spells.lua	3360	1	
maw-72cc519ce0b0	untranslated	spell	CalcSpellDamage			Scripts/Core/events.lua	279	1	
maw-5df90c8dfc70	untranslated	spell	CanLearnSpell			Scripts/Core/events.lua	2070	1	
maw-7f1d5575b816	untranslated	spell	CanMonsterCastSpell			Scripts/Core/events.lua	2425	2	
maw-b1f1770d9a38	untranslated	spell	Chain Lightning			Scripts/General/zzMaw-Spells.lua	704	1	
maw-8757a00d5f02	untranslated	spell	ChanceMult			Scripts/General/zzMaw-Spells.lua	1306	13	
maw-c1e392347e2e	untranslated	spell	checkMapCompletition			Scripts/General/zzMaw-Timers.lua	92	1	
maw-f55add79d406	untranslated	spell	cmp dword ptr [eax + 0x19C], edx			Scripts/General/SpellsTweaks.lua	181	1	
maw-27fa9916738c	untranslated	spell	cmp dword ptr [eax + 0x1A0], edx			Scripts/General/SpellsTweaks.lua	180	1	
maw-64ae43e8fe76	untranslated	spell	Cost			Scripts/General/zzClasses.lua	2180	61	
maw-ed4b8cc4289e	untranslated	spell	Cures %s + %s HP per point of skill		%s %s	Scripts/General/zzMaw-Spells.lua	2201	1	
maw-41323a186eba	untranslated	spell	Damage Increased to 			Scripts/General/zzClasses.lua	1379	1	
maw-a8f9635f4b28	untranslated	spell	Damage increased to 			Scripts/General/zzClasses.lua	1423	2	
maw-f1d72e76b5c8	untranslated	spell	DamageKind			Scripts/General/zzMaw-Spells.lua	1307	12	
maw-ae9008ed3698	untranslated	spell	Damp vellum where ink ripples like tides; a water-ward dissolves every character into droplets unless a Water adept calls them back.			Scripts/General/zzMaw-Spells.lua	3410	1	
maw-8955fcd1e6c2	untranslated	spell	Dark Magic Book			Scripts/General/zzMaw-Spells.lua	3407	1	
maw-b8b86d3aa45b	untranslated	spell	Deals damage equal to 			Scripts/General/zzClasses.lua	1377	4	
maw-59ce8a66facd	untranslated	spell	Deals damage equal to 100% of breath damage		% o	Scripts/General/zzClasses.lua	480	1	
maw-b57a69a618e6	untranslated	spell	Deals damage equal to 70% of breath damage		% o	Scripts/General/zzClasses.lua	478	1	
maw-55990b59f4f6	untranslated	spell	Deals damage equal to 85% of breath damage		% o	Scripts/General/zzClasses.lua	479	1	
maw-66fc89b25ff8	untranslated	spell	Death Breath			Scripts/General/zzClasses.lua	1442	1	
maw-0a37ec4c0df7	untranslated	spell	Death Coil			Scripts/General/zzClasses.lua	1427	1	
maw-f22bb3958c52	untranslated	spell	Death Grasp			Scripts/General/zzClasses.lua	1434	1	
maw-0a8703f9c37d	untranslated	spell	Debuff			Scripts/General/zzMaw-Spells.lua	1307	12	
maw-b4c200bb0d1f	untranslated	spell	Delay			Scripts/General/zzClasses.lua	1298	3	
maw-9785e1464ea2	untranslated	spell	"Dragons are powerful creatures with innate abilities.
Like the racial abilities of Dark Elves and Vampires, Dragon abilities are cast like spells, but are acquired like skills. Dragons begin able to cast Fear, the gain a second breath weapon, Flight and Wing Bugget at expert, master and grandmaster rankings.

Breath damage is 20 + 2 per level (up to level 600, or 900 in madness) and total damage is increased by "			Scripts/General/zzClasses.lua	494	1	
maw-1370004da76f	untranslated	spell	Duration			Scripts/General/zzMaw-Spells.lua	1306	13	
maw-95a0fff77158	untranslated	spell	Duration 15+1.5 minutes per point of skill			Scripts/General/zzMaw-Spells.lua	710	2	
maw-320bc2070e43	untranslated	spell	Duration 30+3 minutes per point of skill			Scripts/General/zzMaw-Spells.lua	711	1	
maw-3d968ea88d37	untranslated	spell	Duration: %.1f seconds		%.1f	Scripts/General/zzMaw-Spells.lua	2003	4	
maw-8a5fd00c1695	untranslated	spell	Each hit deals damage equal to 			Scripts/General/zzClasses.lua	1396	1	
maw-44d476274f1e	untranslated	spell	earth			Scripts/General/zzMaw-Spells.lua	3355	1	
maw-4b580a9a8212	untranslated	spell	Earth Magic Book			Scripts/General/zzMaw-Spells.lua	3402	1	
maw-29b59ba836d1	untranslated	spell	Effect is now passive			Scripts/General/zzMaw-Spells.lua	737	1	
maw-a6e1d9fa2b6b	untranslated	spell	Effects vary per spell			Scripts/General/zzClasses.lua	443	7	
maw-52396a9d6c9e	untranslated	spell	"Effects vary per spell 

"			Scripts/General/zzClasses.lua	1804	2	
maw-cca67580b6a3	untranslated	spell	"Elementalists learn new spells with practice instead of books.

All the available spells of this school have been learned."			Scripts/General/zzClasses.lua	1806	1	
maw-628b389433d7	untranslated	spell	"Elementalists learn new spells with practice instead of books.

Progress toward learning "			Scripts/General/zzClasses.lua	1804	1	
maw-151a59608f88	untranslated	spell	Empower Magic			Scripts/General/zzMaw-Spells.lua	3013	1	
maw-d7a501f83242	untranslated	spell	Expert			Scripts/General/zzClasses.lua	1356	4	
maw-2d9b9235fd08	untranslated	spell	Feather-light pages hum with static; a whirling air-sigil scatters the lines to the wind, settling only for one trained in Air.			Scripts/General/zzMaw-Spells.lua	3409	1	
maw-6db9b21ef9ea	untranslated	spell	Fire Magic Book			Scripts/General/zzMaw-Spells.lua	3399	1	
maw-58f60e582d1c	untranslated	spell	Frostbite			Scripts/General/zzClasses.lua	1384	1	
maw-1fb2f39c778c	untranslated	spell	GetSpellSkill			Scripts/General/ExtraEvents.lua	503	1	
maw-a66864f45a5a	untranslated	spell	GM			Scripts/General/zzClasses.lua	1358	3	
maw-7fef960c0f73	untranslated	spell	Grandmaster			Scripts/General/zzMaw-Spells.lua	3424	1	
maw-802ee15f32f0	untranslated	spell	"Grant 5 +1 per 10 potion power charges of Magic Protection (as the spell) for 6 hours.
From 50 power on will protect also from death and eradication.
"			Scripts/General/zzAlchemy.lua	485	1	
maw-a31651504a5b	untranslated	spell	Grants 3 Accuracy to all party per skill point			Scripts/General/zzMaw-Spells.lua	3132	1	
maw-a29c22df5527	untranslated	spell	Grants 3 Endurance to all party per skill point			Scripts/General/zzMaw-Spells.lua	3131	1	
maw-e8009de5fe0c	untranslated	spell	Grants 3 Intellect to all party per skill point			Scripts/General/zzMaw-Spells.lua	3128	1	
maw-5933401d96fe	untranslated	spell	Grants 3 Luck to all party per skill point			Scripts/General/zzMaw-Spells.lua	3130	1	
maw-d00c6801dcb2	untranslated	spell	Grants 3 Might to all party per skill point			Scripts/General/zzMaw-Spells.lua	3134	1	
maw-6954e37673ce	untranslated	spell	Grants 3 Personality to all party per skill point			Scripts/General/zzMaw-Spells.lua	3133	1	
maw-0d372cbfa93c	untranslated	spell	Grants 3 Speed to all party per skill point			Scripts/General/zzMaw-Spells.lua	3129	1	
maw-54c85f95e362	untranslated	spell	"Grants Preservation and Shield (as the spell) for 6 Hours
Require 20 power to work.
"			Scripts/General/zzAlchemy.lua	479	1	
maw-9924ac014435	untranslated	spell	HealingSpellPower			Scripts/General/zzMaw-Spells.lua	958	1	
maw-a81d65fc7582	untranslated	spell	Heavy as quarried rock, grit packed in the spine; a stone-seal weighs the script down, rising into legible relief for those attuned to Earth.			Scripts/General/zzMaw-Spells.lua	3411	1	
maw-81879b13e55a	untranslated	spell	Ice Bomb			Scripts/General/zzClasses.lua	1392	1	
maw-c7db2e9edfcd	untranslated	spell	Icy Touch			Scripts/General/zzClasses.lua	1375	1	
maw-31010d130c93	untranslated	spell	Increases damage by 10 plus 1 per skill point			Scripts/General/zzMaw-Spells.lua	721	1	
maw-28f5ba6a17bf	untranslated	spell	Increases damage by 10 plus 1.5 per skill point			Scripts/General/zzMaw-Spells.lua	722	1	
maw-63f63821464a	untranslated	spell	Increases damage by 10 plus 2 per skill point			Scripts/General/zzMaw-Spells.lua	723	1	
maw-a36128b8bdaf	untranslated	spell	Increases spell damage and healing at the expense of higher mana cost and cast time.			Scripts/General/zzMAW-Skills.lua	1335	1	
maw-bcea47734e3b	untranslated	spell	"Increases spell damage and healing at the expense of higher mana cost and cast time.
"			Scripts/General/zzMAW-Skills.lua	1463	1	
maw-df83636b672f	untranslated	spell	Ink like pooled night that drinks the torchglow; a shadow-ward devours the lines, revealing them only to readers skilled in Dark.			Scripts/General/zzMaw-Spells.lua	3416	1	
maw-e0f25f1d61cb	untranslated	spell	Insanity			Scripts/General/zzMaw-Monsters.lua	3846	1	
maw-a47e171274de	untranslated	spell	jge absolute 0x42735B			Scripts/General/SpellsTweaks.lua	115	1	
maw-6b1f8ea0c3ce	untranslated	spell	Leech amount increased by 50%			Scripts/General/zzClasses.lua	1431	1	
maw-790ca77669c6	untranslated	spell	Leeches 			Scripts/General/zzClasses.lua	1407	5	
maw-dfccc06f1441	untranslated	spell	light			Scripts/General/zzMaw-Spells.lua	3355	1	
maw-4a97653f1cb6	untranslated	spell	Light Magic Book			Scripts/General/zzMaw-Spells.lua	3406	1	
maw-79f0d3d89615	untranslated	spell	Margins of tight glyphs that reorder themselves; a thought-lock scrambles the text into riddles unless a Mind disciple aligns it.			Scripts/General/zzMaw-Spells.lua	3413	1	
maw-78f3842f0201	untranslated	spell	Master			Data/Tables/Class Extra.txt	26	8	
maw-d42a1814d6b6	untranslated	spell	"Melee Power: %s
Ranged Power: %s
Spell Power: %s"		%s %s %s	Scripts/General/zzMaw-Stats.lua	521	1	
maw-3c9b44ede5e6	untranslated	spell	Mind Magic Book			Scripts/General/zzMaw-Spells.lua	3404	1	
maw-0649982d2fdb	untranslated	spell	Monster looses the ability to deal ranged damage			Scripts/General/zzClasses.lua	1438	1	
maw-d25cbef0630c	untranslated	spell	Monster slows by 1/2 of speed			Scripts/General/zzClasses.lua	1378	1	
maw-460675295db9	untranslated	spell	Monster slows by 1/4 of speed			Scripts/General/zzClasses.lua	1380	1	
maw-ff94692bdcd4	untranslated	spell	MonsterCanCastSpell			Scripts/General/ExtraEvents.lua	647	1	
maw-2129c79c892e	untranslated	spell	MonsterCastSpellM			Scripts/General/ExtraEvents.lua	686	1	
maw-5b35277d4879	untranslated	spell	movzx ecx, word ptr [eax + 0x1A4]			Scripts/General/SpellsTweaks.lua	182	1	
maw-0036ba18480e	untranslated	spell	MultiBuff			Scripts/General/zzMaw-Spells.lua	2402	2	
maw-08d2e98e6754	untranslated	spell	N/A			Scripts/General/zzClasses.lua	1429	1	
maw-709a23220f2c	untranslated	spell	Name			Scripts/General/zzClasses.lua	1353	3	
maw-3b8561455273	untranslated	spell	No active spell queue slot found			Scripts/General/zzMaw-Spells.lua	42	1	
maw-445d14405c09	untranslated	spell	No additional effects			Scripts/General/zzClasses.lua	1422	2	
maw-45e118d0563e	translated	spell	Normal	보통		Scripts/General/MenuExtraSettings.lua	238	5	게임 모드/난이도
maw-16ca44702a9b	untranslated	spell	Novice			Scripts/General/zzMaw-Spells.lua	3424	1	
maw-9794c2eef636	untranslated	spell	Paralysis			Scripts/General/zzMaw-Monsters.lua	3846	1	
maw-e2112b8b0f17	untranslated	spell	PartyBuff			Scripts/General/zzMaw-Spells.lua	2381	16	
maw-0ed60680e4c3	untranslated	spell	PartyDies			Scripts/General/zzMaw-Spells.lua	3584	1	
maw-5ad5209a4774	untranslated	spell	PlayerCastSpell			Scripts/General/ExtraEvents.lua	857	2	
maw-fb012e567f5a	untranslated	spell	PlayerCastSpellFirst			Scripts/General/ExtraEvents.lua	856	1	
maw-4691ee23b450	untranslated	spell	PlayerCastSpellLast			Scripts/General/ExtraEvents.lua	858	1	
maw-1b671c136e12	untranslated	spell	Players spell recovery speed increased by 			Scripts/General/zzMaw-Maps.lua	2122	1	
maw-571a4ca76edb	untranslated	spell	Quick Spell			Scripts/General/zzMaw-Stats.lua	1493	1	
maw-3ce95e4ab179	untranslated	spell	Removes Death and Eradication with no time limit			Scripts/General/zzMaw-Spells.lua	2196	1	
maw-3020835da920	untranslated	spell	Restores based on the potion's power of spell points.			Scripts/General/zzAlchemy.lua	496	1	
maw-c1e876e0d80c	untranslated	spell	sbair3			Scripts/General/zzMaw-Spells.lua	3286	3	
maw-1bc43b6e5bfd	untranslated	spell	sbair4			Scripts/General/zzMaw-Spells.lua	3287	3	
maw-04ed8e206040	untranslated	spell	sbairu			Scripts/General/zzMaw-Spells.lua	3391	1	
maw-abc69b153624	untranslated	spell	sbbodyu			Scripts/General/zzMaw-Spells.lua	3396	1	
maw-7226dc251b66	untranslated	spell	sbdarku			Scripts/General/zzMaw-Spells.lua	3398	1	
maw-9ee178ece17c	untranslated	spell	sbearthu			Scripts/General/zzMaw-Spells.lua	3393	1	
maw-afc26183ea41	untranslated	spell	sbfireu			Scripts/General/zzMaw-Spells.lua	3390	1	
maw-7b45df7f5c2b	untranslated	spell	sblightu			Scripts/General/zzMaw-Spells.lua	3397	1	
maw-00714c0a2b8d	untranslated	spell	sbmindu			Scripts/General/zzMaw-Spells.lua	3395	1	
maw-56cfecbfc63d	untranslated	spell	sbspiritu			Scripts/General/zzMaw-Spells.lua	3394	1	
maw-56ebb2c61162	untranslated	spell	sbwateru			Scripts/General/zzMaw-Spells.lua	3392	1	
maw-0b4193c5fc38	untranslated	spell	Scaling			Scripts/General/zzMaw-Spells.lua	2136	32	
maw-6112a347a862	untranslated	spell	ScalingCost			Scripts/General/zzMaw-Spells.lua	1306	13	
maw-f2f3d66a7978	untranslated	spell	School			Scripts/General/zzMaw-Spells.lua	1307	12	
maw-2f9096fbb749	untranslated	spell	shotgun			Scripts/General/zzClasses.lua	1674	2	
maw-ce0b1612aa71	untranslated	spell	single			Scripts/General/zzClasses.lua	1668	2	
maw-24bb4ff96e56	untranslated	spell	SingleBuff			Scripts/General/zzMaw-Spells.lua	2393	7	
maw-b4e3efeba10e	untranslated	spell	Sound			Scripts/General/zzMaw-Spells.lua	2381	28	
maw-9e8fbda8d5ff	untranslated	spell	spell			Scripts/General/zzMaw-Items.lua	2258	7	
maw-3a0ee1cb6e6b	untranslated	spell	Spell drain			Scripts/General/zzMaw-Monsters.lua	3846	1	
maw-ab6dd36408dd	untranslated	spell	Spell hits up to 2 times			Scripts/General/zzClasses.lua	2144	2	
maw-8440e3cb3c6d	untranslated	spell	Spell hits up to 3 times			Scripts/General/zzClasses.lua	2145	2	
maw-a742d05a19a5	untranslated	spell	Spell hits up to 4 times			Scripts/General/zzClasses.lua	2146	2	
maw-e628e7dc1b0d	untranslated	spell	SpellFirst			Scripts/Structs/extraEditableDescriptions.lua	550	1	
maw-e11663dfde25	untranslated	spell	SpellMastery			Scripts/General/AdaptiveMonstersStats.lua	733	4	
maw-84301d0d3217	untranslated	spell	SpellPoints			Scripts/General/zzClasses.lua	1369	14	
maw-11509485a262	untranslated	spell	SpellPointsExpert			Data/Tables/Spells2.txt	1	6	
maw-507917d6e74d	untranslated	spell	SpellPointsGM			Data/Tables/Spells2.txt	1	11	
maw-aabe239306fb	untranslated	spell	SpellPointsMaster			Data/Tables/Spells2.txt	1	8	
maw-2cb9ecbb3f26	untranslated	spell	SpellPointsNormal			Data/Tables/Spells2.txt	1	5	
maw-f2cbd9ebed77	untranslated	spell	SpellSecond			Scripts/Structs/extraEditableDescriptions.lua	553	1	
maw-e2231a88184b	untranslated	spell	SpellSkill			Scripts/General/AdaptiveMonstersStats.lua	732	4	
maw-b40d51318efc	untranslated	spell	spirit			Scripts/General/zzMaw-Spells.lua	3355	1	
maw-493fda54af1e	untranslated	spell	Spirit Magic Book			Scripts/General/zzMaw-Spells.lua	3403	1	
maw-ecb252044b5e	untranslated	spell	string			Scripts/General/zzMaw-Items.lua	2478	10	
maw-f777d89464c8	untranslated	spell	Superior Blood Leech			Scripts/General/zzClasses.lua	1413	1	
maw-c3ee137d4f22	untranslated	spell	table			Scripts/General/AdaptiveMonstersStats.lua	674	23	
maw-825e2643a3e6	untranslated	spell	TargetIndex			Scripts/General/zzMaw-Spells.lua	65	2	
maw-cf6173037914	untranslated	spell	TargetRosterId			Scripts/General/zzMaw-Spells.lua	65	1	
maw-5e83789be88e	untranslated	spell	Temple			Scripts/General/zzMaw-Spells.lua	2449	5	
maw-d892a797ad07	untranslated	spell	Thick, herb-scented vellum warm to the pulse; a vigor-ward stiffens the pages, relaxing only for the steady hands of Body practitioners.			Scripts/General/zzMaw-Spells.lua	3414	1	
maw-8f4074b5271e	untranslated	spell	This spell is as good as it will ever be!			Scripts/General/zzClasses.lua	1446	1	
maw-134fe9c4cffb	untranslated	spell	This spell is as good as it will ever get!			Scripts/General/zzMaw-Spells.lua	3300	1	
maw-5620c14ea2e7	untranslated	spell	Vampiric Aura			Scripts/General/zzMaw-Spells.lua	3088	1	
maw-6d5a45920a15	untranslated	spell	water			Scripts/General/zzMaw-Spells.lua	3355	1	
maw-fe2775bc4c97	untranslated	spell	Water Magic Book			Scripts/General/zzMaw-Spells.lua	3401	1	
maw-9b5f2d931fc6	untranslated	status	"

Realms: Detached. Time: Detached."			Scripts/Global/Quest_SavingGoobers.lua	754	1	
maw-b339d770026a	untranslated	status	"

Subsequent spawn failure reasons:
"			Scripts/General/pseudoSpawnpoint.lua	105	1	
maw-116f9bc229a5	untranslated	status	"
Couldn't spawn monster, spawnpoint data: "			Scripts/General/pseudoSpawnpoint.lua	105	1	
maw-9523822c36a5	translated	status	  heals 	 → 		Scripts/General/zzMaw-Spells.lua	339	1	회복 메시지 조각; 한국어 조사 회피
maw-83210be9c55c	untranslated	status	 completed!			Scripts/Global/zzMaw_Arena.lua	183	1	
maw-3e76c5b3ed49	translated	status	 cover 	 → 엄호: 		Scripts/General/zzMaw-Monsters.lua	4118	1	엄호 상태 메시지 조각
maw-fd8e8ff426be	translated	status	 crafting items	개의 제작 재료		Scripts/General/zzMaw-Monsters.lua	4592	2	순간이동 상태 메시지 조각
maw-1c6180498e43	translated	status	 Exp, 	 경험치, 		Scripts/General/zzMaw-Monsters.lua	2852	2	맵 완료 보상 메시지 조각
maw-4a324d6e7f04	translated	status	 filtered)	 필터됨)		Scripts/General/zzMaw-Items.lua	1118	1	아이템 필터 메시지 조각
maw-b5f7b77ef041	translated	status	 for 	: 회복량 		Scripts/General/zzMaw-Spells.lua	190	8	회복 메시지 조각
maw-b9d5cdecc229	translated	status	 Gold and a Crafting Material	 금화 및 제작 재료		Scripts/General/zzMaw-Monsters.lua	2852	2	맵 완료 보상 메시지 조각
maw-e023d21ec88f	translated	status	 gold! (	 금화! (		Scripts/General/zzMaw-Items.lua	1118	1	아이템 필터 메시지 조각
maw-7c17dfcba152	translated	status	 heals 	 → 		Scripts/General/zzMaw-Spells.lua	190	7	회복 메시지 조각
maw-0188b39ea97f	translated	status	 heals the party for 	: 파티 회복량 		Scripts/General/zzMaw-Spells.lua	513	2	회복 메시지 조각
maw-4ef7fa223689	translated	status	 heals you for 	: 회복량 		Scripts/General/zzMaw-Spells.lua	186	9	회복 메시지 조각
maw-b723312a9faf	translated	status	 Hit points	 생명력		Scripts/General/zzMaw-Spells.lua	170	6	회복 상태 메시지 조각
maw-f95ce8eb71d8	translated	status	 hit points	 생명력		Scripts/General/zzMaw-Spells.lua	188	10	회복 상태 메시지 조각
maw-2e8cf3b54cb8	translated	status	 hit points (crit)	 생명력 (치명타)		Scripts/General/zzMaw-Spells.lua	464	2	회복 상태 메시지 조각
maw-ddd722e93623	translated	status	 Hit points(crit)	 생명력 (치명타)		Scripts/General/zzMaw-Spells.lua	168	6	회복 상태 메시지 조각
maw-f1ccf8cd5a94	translated	status	 hit points(crit)	 생명력 (치명타)		Scripts/General/zzMaw-Spells.lua	186	8	회복 상태 메시지 조각
maw-7f8e9abebacd	untranslated	status	 is corrupted. Bag has been resetted, otherwise game will crash. If you have a previous save you might want to load hope the bag is not broken there.			Scripts/General/zzMaw-MultiBag.lua	244	1	
maw-740a35e14fd4	untranslated	status	" might have been corrupted, contact Malekith on discord (or in bug report in discord) and copy paste this message and the following ones.
Keep in mind that corrupted item might have been just some 'random' unexpected value with no actual consequences, so if you don't notice anything missing, you can continue playing normally.

Item data:
"			Scripts/General/zzMaw-MultiBag.lua	271	1	
maw-28fb2ed334fb	translated	status	 monsters	마리의 몬스터		Scripts/General/zzMaw-Monsters.lua	4590	1	순간이동 상태 메시지 조각
maw-70b52d51656e	translated	status	 monsters and 	마리의 몬스터와 		Scripts/General/zzMaw-Monsters.lua	4594	1	순간이동 상태 메시지 조각
maw-a533d45fdbb4	translated	status	 on attack activated	 공격 시 발동 활성화		Scripts/General/zzClasses.lua	1269	2	주문 발동 상태 메시지
maw-bf61b9828dc8	translated	status	 on attack disabled	 공격 시 발동 비활성화		Scripts/General/zzClasses.lua	1267	2	주문 발동 상태 메시지
maw-5e6fd93c345e	translated	status	 required)	)		Scripts/General/zzAlchemy.lua	841	2	필요 레벨 메시지 후행 조각
maw-6f10ee9e1e8e	translated	status	 will not be sorted with C	번은 C키 정렬에서 제외됩니다		Scripts/General/zzMaw-Item-Sorter.lua	417	2	인벤토리 정렬 메시지 조각
maw-26995675bf1a	translated	status	 will now take alchemy items when sorting	 → 정렬 시 연금술 아이템 담당		Scripts/General/zzMaw-Item-Sorter.lua	54	1	인벤토리 정렬 메시지 조각
maw-b30c9ccdc32b	untranslated	status	%d+		%d	Scripts/General/zzMAW-Skills.lua	1760	2	
maw-ac5cf24fbebd	translated	status	%s casts Charge stunning the enemy	%s의 돌진이 적을 기절시킵니다	%s	Scripts/General/zzMAW-Skills.lua	738	1	전투 기술 상태 메시지
maw-2dce602f934a	translated	status	%s created	%s 제작 완료	%s	Scripts/General/zzMaw-Items.lua	4598	1	제작 상태 메시지
maw-c71f2230e35f	untranslated	status	%s hits %s for %s points!%s		%s %s %s %s	Scripts/Global/zzMAWStatusMsg.lua	257	1	
maw-172bc1a2377a	untranslated	status	%s hits for a total of %s points!%s		%s %s %s	Scripts/Global/zzMAWStatusMsg.lua	263	1	
maw-ec872fba510a	untranslated	status	%s inflicts %s points killing %s!%s		%s %s %s %s	Scripts/Global/zzMAWStatusMsg.lua	260	1	
maw-306ecfe28808	untranslated	status	%s shoots %s for %s points!%s		%s %s %s %s	Scripts/Global/zzMAWStatusMsg.lua	255	1	
maw-b4b8cce29ba4	translated	status	%s's poison effect expired	%s: 독 효과가 끝났습니다	%s	Scripts/General/zzMaw-Items.lua	1325	3	독 효과 상태 메시지
maw-ab165dc8650a	untranslated	status	's bag number 			Scripts/General/zzMaw-MultiBag.lua	244	1	
maw-81c7c4f4c524	translated	status	's bags sorted	의 모든 가방		Scripts/General/zzMaw-Item-Sorter.lua	441	2	가방 정렬 메시지 조각
maw-1c76438aa9fa	untranslated	status	's item from the bag 			Scripts/General/zzMaw-MultiBag.lua	271	1	
maw-ad5e80d26499	translated	status	(CRIT!)	(치명타!)		Scripts/Global/zzMAWStatusMsg.lua	231	1	전투 상태 메시지
maw-ee152071e0dd	translated	status	*Swap*	*교대*		Scripts/General/zzMaw-Monsters.lua	3320	3	전투 상태 메시지
maw-5e9d8c2fe7f3	untranslated	status	*You don't have any philosopher stone to charge the telelocator.*			Scripts/Global/Quest_SavingGoobers.lua	651	1	
maw-01815df34c43	translated	status	+50 Fire Resistance temporary.	일시적으로 화염 저항 +50.		Scripts/Maps/7out01.lua	38	1	맵 상태 메시지
maw-2b02e98e2e21	translated	status	Access have been destroyed	접근로가 파괴되었습니다		Scripts/Maps/outb3.lua	60	1	맵 상태 메시지
maw-255db94bd445	translated	status	All 	정렬 완료: 		Scripts/General/zzMaw-Item-Sorter.lua	441	2	가방 정렬 메시지 조각
maw-c4293d2f2192	translated	status	All buffs have been removed	모든 버프가 제거되었습니다		Scripts/General/zzMaw-Spells.lua	25	1	버프 상태 메시지
maw-d9eb9116dd12	translated	status	All inventories have been sorted	모든 인벤토리를 정렬했습니다		Scripts/General/zzMaw-Item-Sorter.lua	46	1	인벤토리 정렬 메시지
maw-7477dec54f0c	translated	status	All Party bags sorted	파티의 모든 가방을 정렬했습니다		Scripts/General/zzMaw-Item-Sorter.lua	692	1	가방 정렬 메시지
maw-fe865f7d112f	untranslated	status	Attune			Scripts/Global/Quest_SavingGoobers.lua	402	1	
maw-c866fe746723	untranslated	status	"Beyond Madness - a word of warning.

No bolster here (except on starting maps).

Quest timing matters:
- Finish early: immediate power now, less XP.
- Finish late: bigger XP later, no early power.

Run-wide tracking:
- On the character screen, you'll see a death counter shared across all saves of this run.
- On the map, a red counter appears after you take damage and clears when no monsters are nearby.
- Loading or leaving the game while that counter is red counts as a death.

If Insanity wasn't enough for you, you're in the right place."			Scripts/General/zzMaw-Monsters.lua	2877	1	
maw-6f25995360a3	untranslated	status	BossDebug AUTO: OFF			Scripts/General/zzBossSync.lua	473	1	
maw-094e0e67a1ac	untranslated	status	BossDebug AUTO: ON			Scripts/General/zzBossSync.lua	473	1	
maw-5ffd168dd001	untranslated	status	BossDebug: impossible d’écrire boss_dump.txt			Scripts/General/zzBossSync.lua	432	1	
maw-1bc04bd1af97	untranslated	status	BossDebug: écrit dans boss_dump.txt			Scripts/General/zzBossSync.lua	430	1	
maw-08d8579a590d	translated	status	Bow Disabled	활 사용 비활성화		Scripts/General/zz_Maw-initialize.lua	637	1	전투 설정 상태 메시지
maw-457e05b1ffa0	translated	status	Bow Enabled	활 사용 활성화		Scripts/General/zz_Maw-initialize.lua	639	1	전투 설정 상태 메시지
maw-f937820aa844	translated	status	Buff Disabled	버프 비활성화		Scripts/General/zzMaw-Spells.lua	2672	1	주문 상태 메시지
maw-77695d57f84e	translated	status	Can't benefit anymore	더 이상 효과를 받을 수 없습니다		Scripts/General/zzAlchemy.lua	214	1	물약 상태 메시지
maw-6b0adda8fe34	translated	status	Can't teleport now	지금은 순간이동할 수 없습니다		Scripts/General/zzMaw-Monsters.lua	2301	1	순간이동 상태 메시지
maw-d028c57c59d4	translated	status	Charge has %s seconds of cooldown	돌진 재사용 대기시간이 %s초 남았습니다	%s	Scripts/General/zzMAW-Skills.lua	762	1	기술 재사용 대기시간
maw-3aecc9ff257a	untranslated	status	Charged. Insert request.			Scripts/Global/Quest_SavingGoobers.lua	649	1	
maw-0935b8f432c1	translated	status	Convert %s into %s? (U)	%s을(를) %s(으)로 변환하시겠습니까? (U)	%s %s	Scripts/General/zzMaw-Items.lua	4626	1	제작 변환 안내
maw-508ef1cfc231	translated	status	Cover Disabled	엄호 비활성화		Scripts/General/zzMAW-Skills.lua	2144	1	전투 기술 상태 메시지
maw-4c5ac167956e	translated	status	Cover Enabled	엄호 활성화		Scripts/General/zzMAW-Skills.lua	2147	1	전투 기술 상태 메시지
maw-97b1074f4957	translated	status	Current map data reset.	현재 맵 데이터를 초기화했습니다.		Scripts/General/zzMaw-Stats.lua	46	1	맵 데이터 상태 메시지
maw-75a2d72a0afc	translated	status	Curse Immunity	저주 면역		Scripts/General/zzAlchemy.lua	358	1	물약 효과 상태 메시지
maw-38c79a160346	untranslated	status	Difficulty reverted to Hell			Scripts/General/zzMaw-Monsters.lua	2904	1	
maw-885ce4e680cf	translated	status	Disease Immunity	질병 면역		Scripts/General/zzAlchemy.lua	383	1	물약 효과 상태 메시지
maw-7a110a507d2d	translated	status	Disintegrated	소멸됨		Scripts/Global/zzMaw_Legendaries.lua	319	1	전투 상태 메시지
maw-2654e90703c0	translated	status	Divine Protection saves you from lethal damage	신성한 보호가 치명적인 피해로부터 당신을 구했습니다		Scripts/Global/zzMaw_Legendaries.lua	293	1	전투 상태 메시지
maw-8cf50dc5e339	translated	status	Dungeon Completed!	던전 완료!		Scripts/General/zzMaw-Monsters.lua	2722	2	던전 완료 메시지
maw-ed5ba4f81fc5	translated	status	"Dungeon Completed!
Reset is possible again."	"던전 완료!
이제 다시 초기화할 수 있습니다."		Scripts/General/zzMaw-Monsters.lua	2728	2	던전 완료/초기화 메시지
maw-c32d31a36756	translated	status	Elementalist Rotation Disabled	원소술사 로테이션 비활성화		Scripts/General/zzMAW-Skills.lua	2174	1	직업 기술 상태 메시지
maw-076d81dc365d	translated	status	Elementalist Rotation Enabled	원소술사 로테이션 활성화		Scripts/General/zzMAW-Skills.lua	2170	1	직업 기술 상태 메시지
maw-dd8090cb6ab7	translated	status	Elementalists learn their spells through practice	원소술사는 실전을 통해 주문을 익힙니다		Scripts/General/zzClasses.lua	1528	1	직업 안내 메시지
maw-ad87109bfff0	translated	status	empty	비어 있음		Scripts/Maps/znwc.lua	7	1	맵 상태 메시지
maw-779afe5b1027	translated	status	Enchantment protects %s from %s	마법 부여가 %s을(를) %s(으)로부터 보호합니다	%s %s	Scripts/General/zzMaw-Items.lua	1268	1	마법 부여 상태 메시지
maw-92a3f1a6702f	translated	status	Entering will reset the dungeon	입장하면 던전이 초기화됩니다		Scripts/General/zzMaw-Maps.lua	154	1	던전 초기화 경고
maw-36d0008f2867	translated	status	Fear Immunity	공포 면역		Scripts/General/zzAlchemy.lua	403	1	물약 효과 상태 메시지
maw-ab95ede4f854	translated	status	Fly is allowed without restrictions here	이곳에서는 제한 없이 비행할 수 있습니다		Scripts/General/zzMaw-Spells.lua	991	1	비행 상태 메시지
maw-210116f7c9cc	translated	status	Forced Sleep Immunity	강제 수면 면역		Scripts/General/zzAlchemy.lua	368	1	물약 효과 상태 메시지
maw-f83016e2daac	translated	status	Gem power is not enough	보석의 힘이 부족합니다		Scripts/General/zzAlchemy.lua	856	1	제작 상태 메시지
maw-9885872b58bc	translated	status	Goblin Reinforcements	고블린 증원군		Scripts/Maps/7out02.lua	109	1	맵 이벤트 메시지
maw-28907fb4d447	untranslated	status	"Greeting adventurer!
Your journey is about to start, but first make sure to check the difficulty settings (ESC-->Controls-->Extra Settings(on the top)-->Bolstering Power)"			Scripts/General/zzMaw-Monsters.lua	2913	1	
maw-023b822ca1fe	translated	status	Health Potion has %s seconds of cooldown remaining	생명력 물약 재사용 대기시간이 %s초 남았습니다	%s	Scripts/General/zzMAW-Skills.lua	828	1	물약 재사용 대기시간
maw-04a399d6543a	translated	status	Health Potion heals for %s hit points	생명력 물약으로 생명력 %s 회복	%s	Scripts/General/zzMAW-Skills.lua	825	1	물약 회복 메시지
maw-d5ec674f63f1	translated	status	Host saved the game.	호스트가 게임을 저장했습니다.		Scripts/Modules/Multiplayer/Synchronization/SaveLoadExit.lua	287	1	멀티플레이 상태 메시지
maw-19b6cd329a7d	untranslated	status	I wouldn't join in your reckless adventure, not even for all the wealth in the world.			Scripts/General/NPCFollowers.lua	250	1	
maw-f7b693d91fe6	translated	status	In the night the deads rise	밤이 되면 망자들이 일어납니다		Scripts/Maps/7out05.lua	35	1	맵 이벤트 메시지
maw-6be2751cd0b7	translated	status	Insanity Immunity	광기 면역		Scripts/General/zzAlchemy.lua	373	1	물약 효과 상태 메시지
maw-b4e6a310890f	untranslated	status	Intro			Scripts/Global/Quest_SavingGoobers.lua	131	1	
maw-29c9c73400f5	translated	status	Invalid Item	잘못된 아이템		Scripts/General/zzAlchemy.lua	1118	1	아이템 상태 메시지
maw-4d118c92089d	translated	status	Inventory number 	인벤토리 		Scripts/General/zzMaw-Item-Sorter.lua	417	2	인벤토리 정렬 메시지 조각
maw-e466e0284119	translated	status	Inventory sorted	인벤토리를 정렬했습니다		Scripts/General/zzMaw-Item-Sorter.lua	43	1	인벤토리 정렬 메시지
maw-dea8c4a3a02a	untranslated	status	IsArena			Scripts/Core/events.lua	494	1	
maw-885835a02aaa	translated	status	It's a trap!	함정이다!		Scripts/Maps/7d21.lua	7	1	맵 이벤트 메시지
maw-1e8cb084a138	translated	status	It's an ambush!	매복이다!		Scripts/Maps/7out02.lua	79	1	맵 이벤트 메시지
maw-c30597514ae9	translated	status	Item power reached its limit	아이템 위력이 한계에 도달했습니다		Scripts/General/zzAlchemy.lua	960	1	제작 상태 메시지
maw-cbd62b8042da	untranslated	status	Learned 			Scripts/General/zzClasses.lua	1567	1	
maw-39248f7f1de3	translated	status	Legendary power saves you from lethal damage	전설의 힘이 치명적인 피해로부터 당신을 구했습니다		Scripts/Global/zzMaw_Legendaries.lua	274	1	전투 상태 메시지
maw-980d5e2dd44b	untranslated	status	Level 			Scripts/Global/zzMaw_Arena.lua	183	1	
maw-6d8f726dc6ae	translated	status	Loading now will count as death, are you sure to proceed?	지금 불러오면 사망으로 처리됩니다. 계속하시겠습니까?		Scripts/General/zzMaw-Monsters.lua	2639	1	난이도 경고 메시지
maw-3e72bdcb83db	translated	status	Madness is not a place for cowards	광기는 겁쟁이가 올 곳이 아닙니다		Scripts/General/zzMaw-Spells.lua	3476	1	난이도 상태 메시지
maw-9c709d615601	translated	status	Mana Potion has %s seconds of cooldown remaining	마나 물약 재사용 대기시간이 %s초 남았습니다	%s	Scripts/General/zzMAW-Skills.lua	870	1	물약 재사용 대기시간
maw-f7af004188cc	translated	status	Mana Potion restores %s mana	마나 물약으로 마나 %s 회복	%s	Scripts/General/zzMAW-Skills.lua	867	1	물약 회복 메시지
maw-c06b7acce5c9	translated	status	Mana Shield Disabled	마나 방패 비활성화		Scripts/General/zzMAW-Skills.lua	2156	1	전투 기술 상태 메시지
maw-d87f6d5567eb	translated	status	Mana Shield Enabled	마나 방패 활성화		Scripts/General/zzMAW-Skills.lua	2159	1	전투 기술 상태 메시지
maw-639c559b2e18	translated	status	Map Completed! You gain 	맵 완료! 획득: 		Scripts/General/zzMaw-Monsters.lua	2852	2	맵 완료 보상 메시지 조각
maw-2d1fa6efda07	translated	status	Map data reset, press Y to continue...	맵 데이터 초기화 완료. 계속하려면 Y를 누르세요...		Scripts/General/zzMaw-Stats.lua	24	1	맵 데이터 상태 메시지
maw-3d8dbae5a9ee	untranslated	status	MAW: ALL BUFFS NUKED (SAFE)			Scripts/General/zzMaw-Multiplayer.lua	785	1	
maw-34e4d3ab9c7a	untranslated	status	MAW: apply (safe)			Scripts/General/zzMaw-Multiplayer.lua	107	1	
maw-fb1baba5c72f	translated	status	Monsters are weakened and can no longer resurrect	몬스터들이 약화되어 더 이상 부활할 수 없습니다		Scripts/General/zzMaw-Monsters.lua	2864	2	던전 상태 메시지
maw-ae62e5fb7ddc	translated	status	Monsters swarming...	몬스터들이 몰려옵니다...		Scripts/Maps/7d24.lua	6	1	맵 이벤트 메시지
maw-46fae59804bb	translated	status	No alchemy preference when sorting	정렬 시 연금술 우선 대상 없음		Scripts/General/zzMaw-Item-Sorter.lua	51	1	인벤토리 정렬 설정
maw-a261c54bd47e	translated	status	No enchants	마법 부여 없음		Scripts/General/zzAlchemy.lua	847	1	제작 상태 메시지
maw-a5dab5ff2a0a	translated	status	No gem to upgrade	업그레이드할 보석이 없습니다		Scripts/General/zzMaw-Items.lua	4607	2	제작 상태 메시지
maw-33e71e1ad40f	untranslated	status	No saving on the Arena			Scripts/Core/events.lua	494	1	
maw-08d096c3cbf9	translated	status	Noises from the throne room	왕좌실에서 소리가 들려옵니다		Scripts/Maps/7d29.lua	50	1	맵 이벤트 메시지
maw-9a6a729b83ce	translated	status	Not enough disarm skill	함정 해제 기술이 부족합니다		Scripts/General/zzMaw-Items.lua	4525	1	아이템 상태 메시지
maw-a7d5cacc3245	translated	status	Not enough food	식량이 부족합니다		Scripts/General/zzMaw-Monsters.lua	2268	1	게임 상태 메시지
maw-6ab22af4436d	untranslated	status	Not enough gold.			Scripts/Global/zzMAWRespec.lua	47	1	
maw-1a4d4c0b8c42	translated	status	Not enough Hit Points	생명력이 부족합니다		Scripts/General/zzMaw-Spells.lua	2632	1	주문 상태 메시지
maw-93a4358c0a88	translated	status	Not enough Mana	마나가 부족합니다		Scripts/General/zzMaw-Spells.lua	2636	1	주문 상태 메시지
maw-363134f009ba	untranslated	status	NotAttune			Scripts/Global/Quest_SavingGoobers.lua	407	1	
maw-cbba0c56cf18	untranslated	status	One of the 			Scripts/General/zzMaw-MultiBag.lua	271	1	
maw-a85ccda3fbb3	translated	status	Out of range	사정거리 밖입니다		Scripts/General/zzMAW-Skills.lua	758	1	전투 기술 상태 메시지
maw-72479ce6070c	translated	status	Paralysis Immunity	마비 면역		Scripts/General/zzAlchemy.lua	388	1	물약 효과 상태 메시지
maw-e1e6d8b46e7d	translated	status	Petrify Immunity	석화 면역		Scripts/General/zzAlchemy.lua	398	1	물약 효과 상태 메시지
maw-1a3dc01cf4c5	translated	status	Player %s left the game.	플레이어 %s님이 게임을 떠났습니다.	%s	Scripts/Modules/Multiplayer/Synchronization/SaveLoadExit.lua	702	1	멀티플레이 상태 메시지
maw-e4afef7c21dc	translated	status	Player must be active to consume the potion	물약을 마시려면 해당 캐릭터가 활성 상태여야 합니다		Scripts/General/zzAlchemy.lua	98	1	물약 상태 메시지
maw-a3079ec1873f	translated	status	Poison Immunity	독 면역		Scripts/General/zzAlchemy.lua	378	1	물약 효과 상태 메시지
maw-b93a0425eadd	translated	status	Press R to refresh new items (20000 gold)	새 아이템 갱신: R (20,000 금화)		Scripts/General/zzMaw-Items.lua	4371	1	상점 갱신 안내
maw-4478c439aac4	translated	status	Queen Arrived!	여왕이 도착했습니다!		Scripts/Maps/7d21.lua	18	1	맵 이벤트 메시지
maw-5d0d5ed9e241	untranslated	status	Re-record: enter the data.			Scripts/Global/Quest_SavingGoobers.lua	708	3	
maw-0299bc0ae98e	untranslated	status	Re-record: unable to locate.			Scripts/Global/Quest_SavingGoobers.lua	721	4	
maw-6c771e89183d	translated	status	Refreshing!	갱신 중!		Scripts/Maps/7out01.lua	29	1	맵 이벤트 메시지
maw-f2a00fb671f3	translated	status	Repaired	수리 완료		Scripts/General/zzMAW-Skills.lua	1150	1	수리 상태 메시지
maw-0b2eee706f6a	translated	status	Resistance Ignored	저항 무시		Scripts/Global/zzMaw_Mapping.lua	42	1	전투 상태 메시지
maw-07df90117f8e	untranslated	status	Seraphim aren't able to dual wield			Scripts/General/zzClasses.lua	366	1	
maw-25b8069f8448	translated	status	Shared Life heals for 	생명 공유 회복량: 		Scripts/General/zzMaw-Spells.lua	820	2	회복 메시지 조각
maw-b6e05bcb545c	untranslated	status	SUPREME UNLOCKED!!!			Scripts/General/zzMAW-Skills.lua	2725	1	
maw-7694fdee9a86	translated	status	Teleported 	순간이동: 		Scripts/General/zzMaw-Monsters.lua	4590	3	순간이동 상태 메시지 조각
maw-028bcab4ba45	translated	status	The night is dark and full of terrors	밤은 어둡고 공포로 가득하다		Scripts/Maps/7out05.lua	26	1	맵 이벤트 메시지
maw-43064c742ef5	translated	status	This potion has not enough power	이 물약의 위력이 부족합니다		Scripts/General/zzAlchemy.lua	103	5	물약 상태 메시지
maw-73ecdec3d0ad	translated	status	This skill has reached its limit	이 기술은 한계에 도달했습니다		Scripts/General/zzMAW-Skills.lua	2204	3	기술 상태 메시지
maw-ce0b6b3b08f8	translated	status	This skill is already as good as it will ever get	이 기술은 이미 최대치입니다		Scripts/General/zzMAW-Skills.lua	956	1	기술 상태 메시지
maw-a0af80748d88	translated	status	Unconscious Immunity	의식불명 면역		Scripts/General/zzAlchemy.lua	393	1	물약 효과 상태 메시지
maw-fdca59bb6706	untranslated	status	Unknown attack message type			Scripts/General/zzMaw-Stats.lua	1254	1	
maw-8e9ac396678f	untranslated	status	We have no more items to trade for kegs			Scripts/Global/GLOBAL.lua	648	3	
maw-11927a925167	untranslated	status	We have no more items to trade for pyramids			Scripts/Global/GLOBAL.lua	522	3	
maw-81dae42075db	translated	status	Weakness Immunity	쇠약 면역		Scripts/General/zzAlchemy.lua	363	1	물약 효과 상태 메시지
maw-2a354581708a	untranslated	status	"Welcome to the Nightmare...
Good luck.. you will need"			Scripts/General/zzMaw-Monsters.lua	2901	1	
maw-8c4450b5f678	untranslated	status	WindowMessage			Scripts/Core/events.lua	766	1	
maw-68072d0141a4	translated	status	You found 	획득: 		Scripts/General/zzMaw-Items.lua	1118	1	아이템 필터 메시지 조각
maw-ae4483c65ea6	translated	status	You Heal for 	회복량: 		Scripts/General/zzMaw-Spells.lua	168	10	회복 메시지 조각
maw-bea4b26e32e5	translated	status	You heal the party for 	파티 회복량: 		Scripts/General/zzMaw-Spells.lua	464	2	회복 메시지 조각
maw-94404d7cfd26	translated	status	YOU LEARNED RETALIATION!!	반격을 습득했습니다!!		Scripts/General/zzMAW-Skills.lua	2194	2	기술 습득 메시지
maw-4d53531a52c3	translated	status	You must prove your worth first	먼저 자신의 가치를 증명해야 합니다		Scripts/Maps/outb3.lua	66	1	맵 이벤트 메시지
maw-f875312a0049	translated	status	You need a key to teleport to Emerald Island.	에메랄드 섬으로 순간이동하려면 열쇠가 필요합니다.		Scripts/Maps/7out02.lua	147	1	순간이동 안내
maw-da8bcc88b256	translated	status	You need a key to teleport to Erathia.	에라시아로 순간이동하려면 열쇠가 필요합니다.		Scripts/Maps/7out05.lua	87	1	순간이동 안내
maw-cabdafc1e8e1	translated	status	You need a key to teleport to Evenmorn Island.	이븐모른 섬으로 순간이동하려면 열쇠가 필요합니다.		Scripts/Maps/7out02.lua	157	1	순간이동 안내
maw-6fa6ba69663b	translated	status	You need a key to use this hub. Talk to Illene Farswell.	이 허브를 사용하려면 열쇠가 필요합니다. 일린 파스웰과 대화하세요.		Scripts/Maps/7out02.lua	179	1	순간이동 허브 안내
maw-fddf50e25dc8	translated	status	You need to gain more exp. to benefit from this potion	이 물약의 효과를 받으려면 경험치를 더 쌓아야 합니다		Scripts/General/zzAlchemy.lua	255	1	물약 상태 메시지
maw-bdc15641585b	translated	status	Your level is too low (Level 	레벨이 너무 낮습니다 (필요 레벨 		Scripts/General/zzAlchemy.lua	841	2	필요 레벨 메시지 조각
maw-58716be0dfb5	untranslated	status	Your skill points has been reset!			Scripts/Global/zzMAWRespec.lua	124	1	
maw-4ec5bd32dcb4	untranslated	table	'Rules' text index			Data/Tables/House rules.txt	373	1	
maw-4287bda2092f	untranslated	table	+ add			Data/Tables/Class Starting Stats.txt	3	7	
maw-8a5ddbbcf70f	untranslated	table	2 handed sword			Data/Tables/ObjList.txt	4	2	
maw-3d0138e3a466	untranslated	table	a large pile of gold			Data/Tables/ObjList.txt	412	1	
maw-41ab1a9970a6	untranslated	table	A pile of gold			Data/Tables/ObjList.txt	411	1	
maw-1f39dbe69fd0	untranslated	table	A small pile of gold			Data/Tables/ObjList.txt	410	1	
maw-ee869baf6959	untranslated	table	Acid Burst			Data/Tables/ObjList.txt	467	2	
maw-6abe5d3b1c3f	untranslated	table	AcidX			Data/Tables/ObjList.txt	561	1	
maw-e5ee657d478b	untranslated	table	Alchem shops Special			Data/Tables/House rules.txt	253	1	
maw-6aaf6a697787	untranslated	table	Alchem shops Standart			Data/Tables/House rules.txt	230	1	
maw-ae436cd86487	untranslated	table	Alchemy			Data/Tables/Class Skills.txt	39	6	
maw-006d11813daf	untranslated	table	Almighty Crown			Data/Tables/Complex item pictures.txt	96	1	
maw-aaf674e47b17	untranslated	table	Alvar Cloak			Data/Tables/Complex item pictures.txt	146	1	
maw-3ae386966c2e	untranslated	table	Alvarian Boots			Data/Tables/Complex item pictures.txt	124	1	
maw-b276721d37ae	untranslated	table	Alvarian Leather			Data/Tables/Complex item pictures.txt	7	1	
maw-27a01d477203	untranslated	table	Amber			Data/Tables/ObjList.txt	147	1	
maw-1ef532cce6fe	untranslated	table	Amethyst			Data/Tables/ObjList.txt	148	3	
maw-59b3f86331e8	untranslated	table	Amulet			Data/Tables/ObjList.txt	35	2	
maw-17e7aa702eed	untranslated	table	Angel			Data/Tables/Class Extra.txt	56	4	
maw-c79e90377022	untranslated	table	Angelic Helm			Data/Tables/Complex item pictures.txt	90	1	
maw-460f8e037afd	untranslated	table	Anointed Herb Potion			Data/Tables/ObjList.txt	132	1	
maw-742e618590b2	untranslated	table	Antidote			Data/Tables/Potion settings.txt	7	1	
maw-633a74f5d793	untranslated	table	Apollo			Data/Tables/Complex item pictures.txt	55	1	
maw-09091bc06bff	untranslated	table	Arcane Key			Data/Tables/ObjList.txt	141	1	
maw-bb924fd25621	untranslated	table	Arch Druid			Data/Tables/Class Extra.txt	17	1	
maw-ecbbbda5b30e	untranslated	table	Arch Mage			Data/Tables/Class Extra.txt	48	1	
maw-e27b58341ec5	untranslated	table	Archangel			Data/Tables/Class Extra.txt	57	4	
maw-11677eb0a947	untranslated	table	Archangel Wings			Data/Tables/Complex item pictures.txt	149	1	
maw-d7db4a1e8a2b	untranslated	table	ArchDruid			Data/Tables/Class HP SP.txt	17	3	
maw-f75aedc160fd	untranslated	table	Archer			Data/Tables/Class Extra.txt	2	6	
maw-4ec34a7b461a	untranslated	table	ArchMage			Data/Tables/Class HP SP.txt	48	3	
maw-5a48bfef01fc	untranslated	table	Arcomage in taverns			Data/Tables/House rules.txt	373	1	
maw-9de6a042ccb6	untranslated	table	Armageddon			Data/Tables/Spells2.txt	100	1	
maw-9805d88a5973	untranslated	table	Armor shops Special			Data/Tables/House rules.txt	115	1	
maw-3b6f203853f3	untranslated	table	Armor shops Standart			Data/Tables/House rules.txt	74	1	
maw-c77e89ce57d5	untranslated	table	Armored Boots			Data/Tables/Complex item pictures.txt	137	1	
maw-d5a4ae12481c	untranslated	table	Armors			Data/Tables/Complex item pictures.txt	1	1	
maw-1c6f48c31233	untranslated	table	Armsmaster			Data/Tables/Class Skills.txt	37	6	
maw-3a4758c3cc8d	untranslated	table	Arrow			Data/Tables/ObjList.txt	428	2	
maw-8bae3f7d0a46	untranslated	table	Arthur			Data/Tables/Complex item pictures.txt	97	1	
maw-883dbdfde5b4	untranslated	table	Artificer's Belt			Data/Tables/Complex item pictures.txt	105	1	
maw-8940d66466e6	untranslated	table	Assassin			Data/Tables/Class Extra.txt	38	4	
maw-8bd28d90f59e	untranslated	table	Atlas			Data/Tables/Complex item pictures.txt	166	1	
maw-78b71f0b8dd0	untranslated	table	Available at start			Data/Tables/Character portraits.txt	1	1	
maw-d17c35cf5985	untranslated	table	Awaken			Data/Tables/Spells2.txt	25	1	
maw-25074690237f	untranslated	table	BackElfF			Data/Tables/Character portraits.txt	33	2	
maw-85e89559c2d7	untranslated	table	BackElfM			Data/Tables/Character portraits.txt	34	2	
maw-64dd60fe1a04	untranslated	table	Background			Data/Tables/Character portraits.txt	1	1	
maw-f0e5e6c9cc86	untranslated	table	Ball of Dunduck			Data/Tables/ObjList.txt	131	1	
maw-ea6eeddf67c2	untranslated	table	Banded Plate			Data/Tables/Complex item pictures.txt	14	1	
maw-88a5a61161b2	untranslated	table	Battle Helm			Data/Tables/Complex item pictures.txt	62	1	
maw-c61530d3b64c	untranslated	table	bear statuette			Data/Tables/ObjList.txt	361	1	
maw-0cb33492c615	untranslated	table	Belts			Data/Tables/Complex item pictures.txt	100	1	
maw-308430482daf	untranslated	table	Berserker Belt			Data/Tables/Complex item pictures.txt	106	1	
maw-07dd951a2cb1	untranslated	table	Berzerk			Data/Tables/ObjList.txt	493	1	
maw-6b600e08f7a0	untranslated	table	Big Brass Ring			Data/Tables/ObjList.txt	106	1	
maw-7b434506e024	untranslated	table	Big Tapestry			Data/Tables/ObjList.txt	252	1	
maw-6a6410dcee8b	untranslated	table	Black and white potion			Data/Tables/ObjList.txt	418	1	
maw-894a0c91c2ce	untranslated	table	Black dragon			Data/Tables/Character portraits.txt	73	1	
maw-87f243e1390f	untranslated	table	Black Knight			Data/Tables/Class Extra.txt	20	1	
maw-ebe737cd7962	untranslated	table	black pearl			Data/Tables/ObjList.txt	368	1	
maw-a3d84e03d6c7	untranslated	table	Black Potion			Data/Tables/ObjList.txt	62	2	
maw-bf399315c747	untranslated	table	BlackKnight			Data/Tables/Class HP SP.txt	20	3	
maw-f252ad35db41	untranslated	table	Blades			Data/Tables/ObjList.txt	477	3	
maw-2edc99876bb5	untranslated	table	Blaster			Data/Tables/Class Skills.txt	9	6	
maw-ae1cad820ad2	untranslated	table	Blaster Pistol			Data/Tables/ObjList.txt	20	2	
maw-cff9e9255ad4	untranslated	table	Blaster Rifle			Data/Tables/ObjList.txt	21	2	
maw-2d3f8726ce93	untranslated	table	blaster rifle			Data/Tables/ObjList.txt	323	1	
maw-caac95b51c07	untranslated	table	Bless			Data/Tables/Potion settings.txt	12	2	
maw-dff70db312cc	untranslated	table	Blind			Data/Tables/ObjList.txt	528	2	
maw-464541d5ba17	untranslated	table	Blue and Green Potion			Data/Tables/ObjList.txt	71	2	
maw-7dac99288695	untranslated	table	Blue and Orange Potion			Data/Tables/ObjList.txt	69	2	
maw-152ec1fb9322	untranslated	table	Blue and Purple Potion			Data/Tables/ObjList.txt	70	2	
maw-55a5a3b60056	untranslated	table	Blue Potion			Data/Tables/ObjList.txt	57	2	
maw-db7a714313cc	untranslated	table	Boats			Data/Tables/House rules.txt	313	1	
maw-94fe252815f6	untranslated	table	Body X			Data/Tables/Character portraits.txt	1	1	
maw-9f20eae6ab20	untranslated	table	Body Y			Data/Tables/Character portraits.txt	1	1	
maw-f714c474680a	untranslated	table	Bodybuilding			Data/Tables/Class Skills.txt	29	6	
maw-9e95fddac5b7	untranslated	table	Bone of Doom			Data/Tables/ObjList.txt	112	1	
maw-eadb83a60cbe	untranslated	table	Boots			Data/Tables/Complex item pictures.txt	120	3	
maw-3a89a895507d	untranslated	table	Bottle of Poison			Data/Tables/ObjList.txt	261	1	
maw-af7ed27586b5	untranslated	table	Bounce			Data/Tables/ObjList.txt	1	1	
maw-e5826ada69c0	untranslated	table	Bounty Hunter			Data/Tables/Class Extra.txt	34	1	
maw-67959dc45548	untranslated	table	BountyHunter			Data/Tables/Class HP SP.txt	34	3	
maw-82a2e877526d	untranslated	table	Breath Weapon 2			Data/Tables/ObjList.txt	538	1	
maw-accfc405cb68	untranslated	table	Broadsword			Data/Tables/ObjList.txt	5	2	
maw-371eee3d53be	untranslated	table	Cannonball			Data/Tables/ObjList.txt	432	1	
maw-09f6f6296aea	untranslated	table	Cannonball of Dominion			Data/Tables/ObjList.txt	154	1	
maw-caa2bd421953	untranslated	table	Caravaner's Leather			Data/Tables/Complex item pictures.txt	5	1	
maw-5fe61444978d	untranslated	table	Cardinal Cloak			Data/Tables/Complex item pictures.txt	163	1	
maw-5c1420155ba9	untranslated	table	Castle in a Bottle			Data/Tables/ObjList.txt	282	1	
maw-bf602a375c07	untranslated	table	Catalyst			Data/Tables/Potion settings.txt	3	1	
maw-480e3307b1a0	untranslated	table	Cavalier			Data/Tables/Class Extra.txt	19	6	
maw-d81f3692d7cd	untranslated	table	Chain			Data/Tables/Class Skills.txt	12	6	
maw-877e5a7cec30	untranslated	table	Chain Mail			Data/Tables/Complex item pictures.txt	45	1	
maw-8cfbb47fd91d	untranslated	table	chain mail			Data/Tables/ObjList.txt	325	1	
maw-1cf060ac49fa	untranslated	table	Chainmail			Data/Tables/ObjList.txt	23	2	
maw-7881bf71d2de	untranslated	table	Champion			Data/Tables/Class Extra.txt	21	4	
maw-544f8d312885	untranslated	table	Champion's potion			Data/Tables/Potion settings.txt	32	1	
maw-e124e7077d3d	untranslated	table	Charm			Data/Tables/ObjList.txt	491	5	
maw-5ff1f3630541	untranslated	table	Citrine			Data/Tables/ObjList.txt	146	1	
maw-41ff354b2b33	untranslated	table	Class			Data/Tables/Extra Skillz.txt	1	1	
maw-37bbfff9164a	untranslated	table	Cleric			Data/Tables/Class Extra.txt	6	6	
maw-e8e05bdea850	untranslated	table	Cloak			Data/Tables/ObjList.txt	31	2	
maw-fdadbfc3019d	untranslated	table	Cloak of Baa			Data/Tables/Complex item pictures.txt	167	1	
maw-cae5ac5853e1	untranslated	table	Cloak of the Sheep			Data/Tables/Complex item pictures.txt	156	1	
maw-6e4750513938	untranslated	table	Cloaks			Data/Tables/Complex item pictures.txt	143	1	
maw-04db637b001f	untranslated	table	Cloth Hat			Data/Tables/Complex item pictures.txt	64	2	
maw-48b7b6003cdf	untranslated	table	CloudX			Data/Tables/ObjList.txt	565	1	
maw-af0568c1316b	untranslated	table	ColdTrap			Data/Tables/ObjList.txt	440	1	
maw-a8c073d18ec6	untranslated	table	ColdX			Data/Tables/ObjList.txt	560	1	
maw-3a3662ed6b2c	untranslated	table	Collars			Data/Tables/Complex item pictures.txt	143	1	
maw-10b26b96b1c5	untranslated	table	Complex			Data/Tables/Complex item pictures.txt	58	3	
maw-96eb7a5c4f7a	untranslated	table	Conflux Key			Data/Tables/ObjList.txt	96	1	
maw-4b921906e003	untranslated	table	Conscript's Helm			Data/Tables/Complex item pictures.txt	71	1	
maw-3b88672ee911	untranslated	table	control cube			Data/Tables/ObjList.txt	298	1	
maw-fed895f0f9d2	untranslated	table	Control Cube			Data/Tables/Potion settings.txt	95	1	
maw-3e802434073d	untranslated	table	Control Undead			Data/Tables/ObjList.txt	521	2	
maw-7160e30d7c85	untranslated	table	Crossbow			Data/Tables/ObjList.txt	15	2	
maw-410494f2cf46	untranslated	table	Crown			Data/Tables/Complex item pictures.txt	78	3	
maw-1ca49467a4ed	untranslated	table	Crown of Final Dominion			Data/Tables/Complex item pictures.txt	68	1	
maw-fffd06421baa	untranslated	table	Crude Leather Armor			Data/Tables/Complex item pictures.txt	22	1	
maw-de7431dbbb7b	untranslated	table	Crusader			Data/Tables/Class Extra.txt	29	6	
maw-a7937ce246da	untranslated	table	crystal ball			Data/Tables/ObjList.txt	356	1	
maw-7d5c98c580aa	untranslated	table	crystal skull			Data/Tables/ObjList.txt	376	1	
maw-c351601311f2	untranslated	table	Cure Disease			Data/Tables/Spells2.txt	76	1	
maw-56fc14bb7f80	untranslated	table	Cure Insanity			Data/Tables/Spells2.txt	66	1	
maw-bd2a7e2d6592	untranslated	table	Cure Paralysis			Data/Tables/Spells2.txt	63	1	
maw-b9213b612b5d	untranslated	table	Cure Poison			Data/Tables/Spells2.txt	74	1	
maw-aac8fa216a78	untranslated	table	Cure Weakness			Data/Tables/Spells2.txt	69	1	
maw-ac1d12ae2a9f	untranslated	table	Cure Wounds			Data/Tables/Potion settings.txt	4	1	
maw-aa5bd59e70f5	untranslated	table	Cutlass			Data/Tables/ObjList.txt	6	2	
maw-74c06fcefb94	untranslated	table	Cyclops Projectile			Data/Tables/ObjList.txt	433	1	
maw-8e0e5961c9dc	untranslated	table	Dagger			Data/Tables/Class Skills.txt	4	8	
maw-49ee4c5d8575	untranslated	table	DamageAdd			Data/Tables/Spells2.txt	1	1	
maw-e81a116c483d	untranslated	table	DamageDiceSides			Data/Tables/Spells2.txt	1	1	
maw-4cbdbfe05d35	untranslated	table	Dandy Hat			Data/Tables/Complex item pictures.txt	92	1	
maw-a89a1ae7ae57	untranslated	table	Dark ArchMage			Data/Tables/Class Extra.txt	49	2	
maw-ec5e7872e791	untranslated	table	Dark Archmage			Data/Tables/Class Skills.txt	1	2	
maw-65cc28d0d0ee	untranslated	table	Dark Elf			Data/Tables/Class Extra.txt	10	1	
maw-c9b0a50f136a	untranslated	table	Dark elf (2)			Data/Tables/Class Starting Stats.txt	1	1	
maw-bf24a745e232	untranslated	table	Dark Grasp			Data/Tables/ObjList.txt	522	2	
maw-932ce47830dc	untranslated	table	Dark Knight Plate			Data/Tables/Complex item pictures.txt	16	1	
maw-f5eb59d5a181	untranslated	table	DarkBall			Data/Tables/ObjList.txt	579	1	
maw-770188e0012c	untranslated	table	DarkElf			Data/Tables/Class HP SP.txt	10	5	
maw-c01c6cae5e00	untranslated	table	DarkElf - Archer			Data/Tables/Race Skills.txt	1	1	
maw-5e5379150bc1	untranslated	table	DarkElf - Cleric			Data/Tables/Race Skills.txt	1	1	
maw-e61b5163588b	untranslated	table	DarkElf - Dark Elf			Data/Tables/Race Skills.txt	1	1	
maw-16b4d6d039e2	untranslated	table	DarkElf - Death Knight			Data/Tables/Race Skills.txt	1	1	
maw-7232d7a22bd2	untranslated	table	DarkElf - Dragon			Data/Tables/Race Skills.txt	1	1	
maw-63b871211c6e	untranslated	table	DarkElf - Druid			Data/Tables/Race Skills.txt	1	1	
maw-45bb5da73306	untranslated	table	DarkElf - Knight			Data/Tables/Race Skills.txt	1	1	
maw-92faf79b12b5	untranslated	table	DarkElf - Minotaur			Data/Tables/Race Skills.txt	1	1	
maw-402f9ce68cf6	untranslated	table	DarkElf - Monk			Data/Tables/Race Skills.txt	1	1	
maw-13edc65a5159	untranslated	table	DarkElf - Necromancer			Data/Tables/Race Skills.txt	1	1	
maw-27050b060f2b	untranslated	table	DarkElf - Paladin			Data/Tables/Race Skills.txt	1	1	
maw-78156d207867	untranslated	table	DarkElf - Peasant			Data/Tables/Race Skills.txt	1	1	
maw-f308814be6a8	untranslated	table	DarkElf - Ranger			Data/Tables/Race Skills.txt	1	1	
maw-9b565dd8cc07	untranslated	table	DarkElf - Seraphim			Data/Tables/Race Skills.txt	1	1	
maw-bbd6d70b6974	untranslated	table	DarkElf - Shaman			Data/Tables/Race Skills.txt	1	1	
maw-5946561a0609	untranslated	table	DarkElf - Sorcerer			Data/Tables/Race Skills.txt	1	1	
maw-ac173102c783	untranslated	table	DarkElf - Thief			Data/Tables/Race Skills.txt	1	1	
maw-33c5f6c23f16	untranslated	table	DarkElf - Troll			Data/Tables/Race Skills.txt	1	1	
maw-830aabb67bf4	untranslated	table	DarkElf - Vampire			Data/Tables/Race Skills.txt	1	1	
maw-f6354a920289	untranslated	table	DarkElf(2)			Data/Tables/Race Skills.txt	1	2	
maw-912ade2fbbf4	untranslated	table	DarkElfAbility			Data/Tables/Class Skills.txt	23	6	
maw-500aed834cff	untranslated	table	DarkFire Bolt			Data/Tables/ObjList.txt	530	1	
maw-ea21aa79b45b	untranslated	table	Darkfire Bolt			Data/Tables/Spells2.txt	105	1	
maw-33a95938e362	untranslated	table	Darkness			Data/Tables/Potion settings.txt	38	1	
maw-c6d549d1d98f	untranslated	table	Datura			Data/Tables/ObjList.txt	41	1	
maw-bc16d3a1d107	untranslated	table	Day of Protection			Data/Tables/Spells2.txt	87	1	
maw-1609f164d2b8	untranslated	table	Day of the Gods			Data/Tables/Spells2.txt	85	1	
maw-eb791457dde8	untranslated	table	Deadly Swarm			Data/Tables/ObjList.txt	475	2	
maw-ec0e7b851941	untranslated	table	Death Blossom			Data/Tables/ObjList.txt	481	2	
maw-59e8a9f1e971	untranslated	table	Death Knight			Data/Tables/Class Extra.txt	58	8	
maw-1796a9fe52e7	untranslated	table	Death Lord			Data/Tables/Class Extra.txt	59	4	
maw-b7a871e0bfd0	untranslated	table	DeathBlossom			Data/Tables/ObjList.txt	580	1	
maw-12c795cc9334	untranslated	table	Deck of Cards (Arcomage)			Data/Tables/ObjList.txt	283	1	
maw-0e59d634ad35	untranslated	table	Deck of Fate			Data/Tables/ObjList.txt	357	1	
maw-73c4e71cab67	untranslated	table	Def class			Data/Tables/Character portraits.txt	1	1	
maw-d8e2c895decd	untranslated	table	Def sex			Data/Tables/Character portraits.txt	1	1	
maw-6a0bc0962c4f	untranslated	table	Def voice			Data/Tables/Character portraits.txt	1	1	
maw-0a0ae07099e3	untranslated	table	DefAttack (melee)			Data/Tables/Character portraits.txt	1	1	
maw-ba08034809c1	untranslated	table	DefAttack (range)			Data/Tables/Character portraits.txt	1	1	
maw-debb8b6d4a22	untranslated	table	Defender Helm			Data/Tables/Complex item pictures.txt	89	1	
maw-e227b904dda1	untranslated	table	DelayExpert			Data/Tables/Spells2.txt	1	1	
maw-373d5e572795	untranslated	table	DelayGM			Data/Tables/Spells2.txt	1	1	
maw-f61853dcf5bd	untranslated	table	DelayMaster			Data/Tables/Spells2.txt	1	1	
maw-8618fc44b5a6	untranslated	table	DelayNormal			Data/Tables/Spells2.txt	1	1	
maw-04ce58e1e0ce	untranslated	table	Destroy Undead			Data/Tables/ObjList.txt	507	2	
maw-6205f3447954	untranslated	table	Detect Life			Data/Tables/Spells2.txt	47	1	
maw-b3850e04b5cc	untranslated	table	Diamond			Data/Tables/ObjList.txt	153	3	
maw-3bddccaab272	untranslated	table	Dire Wolf Pelt			Data/Tables/ObjList.txt	108	1	
maw-e9abf972b313	untranslated	table	DisarmTraps			Data/Tables/Class Skills.txt	33	6	
maw-f85735ecbe93	untranslated	table	Disheveled Chain Mail			Data/Tables/Complex item pictures.txt	27	1	
maw-52a5f68b334c	untranslated	table	Dispel Magic			Data/Tables/Spells2.txt	82	1	
maw-e64157bd4d17	untranslated	table	Divine Blessing			Data/Tables/Potion settings.txt	39	1	
maw-ae4070f668b8	untranslated	table	Divine Boost			Data/Tables/Potion settings.txt	62	1	
maw-2646cddb050d	untranslated	table	Divine Cure			Data/Tables/Potion settings.txt	28	1	
maw-e22b137c2065	untranslated	table	Divine Intervention			Data/Tables/Spells2.txt	90	1	
maw-4607e4ba3fd8	untranslated	table	Divine Magic			Data/Tables/Potion settings.txt	29	1	
maw-83f57ea48fa3	untranslated	table	Divine Protection			Data/Tables/Potion settings.txt	63	1	
maw-66a167fd554f	untranslated	table	Divine Resistance			Data/Tables/Potion settings.txt	45	1	
maw-50c55b1891d9	untranslated	table	Divine Restoration			Data/Tables/Potion settings.txt	27	1	
maw-43d8a4263767	untranslated	table	Divine Transcendence			Data/Tables/Potion settings.txt	64	1	
maw-489cd7978b02	untranslated	table	Dodging			Data/Tables/Class Skills.txt	34	7	
maw-0e6f5e03f778	untranslated	table	Doom's Day Cloak			Data/Tables/Complex item pictures.txt	164	1	
maw-eb22c5e28adf	untranslated	table	Dragon			Data/Tables/Class Extra.txt	12	6	
maw-8f788dea0e86	untranslated	table	Dragon (5)			Data/Tables/Class Starting Stats.txt	1	1	
maw-c62537a749fb	untranslated	table	Dragon - Archer			Data/Tables/Race Skills.txt	1	1	
maw-1d60497143c4	untranslated	table	Dragon - Cleric			Data/Tables/Race Skills.txt	1	1	
maw-5a68f144a861	untranslated	table	Dragon - Dark Elf			Data/Tables/Race Skills.txt	1	1	
maw-6d233e29148b	untranslated	table	Dragon - Death Knight			Data/Tables/Race Skills.txt	1	1	
maw-5545957f6a09	untranslated	table	Dragon - Dragon			Data/Tables/Race Skills.txt	1	1	
maw-b5697cd83aba	untranslated	table	Dragon - Druid			Data/Tables/Race Skills.txt	1	1	
maw-a2e045e44aea	untranslated	table	Dragon - Knight			Data/Tables/Race Skills.txt	1	1	
maw-8d4182669b6b	untranslated	table	Dragon - Minotaur			Data/Tables/Race Skills.txt	1	1	
maw-667ef98c8492	untranslated	table	Dragon - Monk			Data/Tables/Race Skills.txt	1	1	
maw-9044e12b8879	untranslated	table	Dragon - Necromancer			Data/Tables/Race Skills.txt	1	1	
maw-b63edb76ad7f	untranslated	table	Dragon - Paladin			Data/Tables/Race Skills.txt	1	1	
maw-8c3f41ba9cd8	untranslated	table	Dragon - Peasant			Data/Tables/Race Skills.txt	1	1	
maw-c1dcfa6c79b2	untranslated	table	Dragon - Ranger			Data/Tables/Race Skills.txt	1	1	
maw-3da045e8ae4f	untranslated	table	Dragon - Seraphim			Data/Tables/Race Skills.txt	1	1	
maw-c644a22e96ea	untranslated	table	Dragon - Shaman			Data/Tables/Race Skills.txt	1	1	
maw-a2c6f1b07903	untranslated	table	Dragon - Sorcerer			Data/Tables/Race Skills.txt	1	1	
maw-d018bad72fcc	untranslated	table	Dragon - Thief			Data/Tables/Race Skills.txt	1	1	
maw-1e24bf3dd282	untranslated	table	Dragon - Troll			Data/Tables/Race Skills.txt	1	1	
maw-dc6854ec821f	untranslated	table	Dragon - Vampire			Data/Tables/Race Skills.txt	1	1	
maw-023d8030b6e6	untranslated	table	Dragon Breath			Data/Tables/ObjList.txt	524	2	
maw-74355b9e3b66	untranslated	table	dragon claw			Data/Tables/ObjList.txt	365	1	
maw-1d0ee4e00c3b	untranslated	table	Dragon Ghost (conditional portrait)			Data/Tables/Character portraits.txt	70	1	
maw-3a0ff1c117f0	untranslated	table	Dragon Helm			Data/Tables/Complex item pictures.txt	63	1	
maw-c3ad6a80013f	untranslated	table	Dragon Leader's Egg			Data/Tables/ObjList.txt	91	1	
maw-e4ba6650fb96	untranslated	table	Dragon Leather			Data/Tables/Complex item pictures.txt	43	1	
maw-cd7490a197af	untranslated	table	dragon statuette			Data/Tables/ObjList.txt	364	1	
maw-ab94a214cd1e	untranslated	table	Dragon Turtle Fang			Data/Tables/ObjList.txt	84	1	
maw-4d880d8010bc	untranslated	table	Dragon's eye			Data/Tables/ObjList.txt	197	1	
maw-2aa5b77a9557	untranslated	table	Dragon(5)			Data/Tables/Race Skills.txt	1	2	
maw-b195eb554086	untranslated	table	DragonAbility			Data/Tables/Class Skills.txt	25	6	
maw-14fa5a97edd0	untranslated	table	Dragonbane Flower			Data/Tables/ObjList.txt	111	1	
maw-7395d6c9a5e1	untranslated	table	DragonBreathX			Data/Tables/ObjList.txt	567	1	
maw-54928118ab52	untranslated	table	Dragoning Plate			Data/Tables/Complex item pictures.txt	17	1	
maw-0cd13c9874d5	untranslated	table	Dragonning Boots			Data/Tables/Complex item pictures.txt	125	1	
maw-4056d13ae0c8	untranslated	table	Dried Sunfish			Data/Tables/ObjList.txt	121	1	
maw-7fd972f10957	untranslated	table	Drinkable			Data/Tables/Potion settings.txt	1	1	
maw-cf468a75bd68	untranslated	table	Drogg's Helm			Data/Tables/Complex item pictures.txt	67	1	
maw-cd770cb0f159	untranslated	table	Druid			Data/Tables/Class Extra.txt	14	8	
maw-7d0c3ba4d47c	untranslated	table	Druid Circlet of Power			Data/Tables/ObjList.txt	113	1	
maw-593969dfea69	untranslated	table	Drum of Victory			Data/Tables/ObjList.txt	101	1	
maw-e66157ab5014	untranslated	table	Dwarf (9)			Data/Tables/Class Starting Stats.txt	1	1	
maw-d89279855334	untranslated	table	Dwarf - Archer			Data/Tables/Race Skills.txt	1	1	
maw-002dd73b3a80	untranslated	table	Dwarf - Cleric			Data/Tables/Race Skills.txt	1	1	
maw-9e6a5ea13f84	untranslated	table	Dwarf - Dark Elf			Data/Tables/Race Skills.txt	1	1	
maw-17c39d6afc16	untranslated	table	Dwarf - Death Knight			Data/Tables/Race Skills.txt	1	1	
maw-4a43c3947e18	untranslated	table	Dwarf - Dragon			Data/Tables/Race Skills.txt	1	1	
maw-8127713361dd	untranslated	table	Dwarf - Druid			Data/Tables/Race Skills.txt	1	1	
maw-b03afa01d1af	untranslated	table	Dwarf - Knight			Data/Tables/Race Skills.txt	1	1	
maw-9faee03ad86d	untranslated	table	Dwarf - Minotaur			Data/Tables/Race Skills.txt	1	1	
maw-7a53a06f35c5	untranslated	table	Dwarf - Monk			Data/Tables/Race Skills.txt	1	1	
maw-1c22b3072d19	untranslated	table	Dwarf - Necromancer			Data/Tables/Race Skills.txt	1	1	
maw-5c504443c763	untranslated	table	Dwarf - Paladin			Data/Tables/Race Skills.txt	1	1	
maw-522738d045e2	untranslated	table	Dwarf - Peasant			Data/Tables/Race Skills.txt	1	1	
maw-f239a353c8ca	untranslated	table	Dwarf - Ranger			Data/Tables/Race Skills.txt	1	1	
maw-65ffec9d6e4b	untranslated	table	Dwarf - Seraphim			Data/Tables/Race Skills.txt	1	1	
maw-8d815ccc0768	untranslated	table	Dwarf - Shaman			Data/Tables/Race Skills.txt	1	1	
maw-d86410c0b6e1	untranslated	table	Dwarf - Sorcerer			Data/Tables/Race Skills.txt	1	1	
maw-3814f5625beb	untranslated	table	Dwarf - Thief			Data/Tables/Race Skills.txt	1	1	
maw-04d40291fc8b	untranslated	table	Dwarf - Troll			Data/Tables/Race Skills.txt	1	1	
maw-8811b4dc9caa	untranslated	table	Dwarf - Vampire			Data/Tables/Race Skills.txt	1	1	
maw-1a7cd4c3758d	untranslated	table	Dwarf F 1			Data/Tables/Character portraits.txt	65	1	
maw-b6fdcc9917db	untranslated	table	Dwarf F 2			Data/Tables/Character portraits.txt	66	1	
maw-b5bd4b46faf1	untranslated	table	Dwarf M 1			Data/Tables/Character portraits.txt	63	1	
maw-ad64165272dd	untranslated	table	Dwarf M 2			Data/Tables/Character portraits.txt	64	1	
maw-eb0755f64902	untranslated	table	Dwarf zombie (conditional portrait)			Data/Tables/Character portraits.txt	74	2	
maw-7f9be91f9ee0	untranslated	table	Dwarf(9)			Data/Tables/Race Skills.txt	1	2	
maw-a27abca4eb09	untranslated	table	E/1/2			Data/Tables/Race Skills.txt	5	2	
maw-e7401c3ccc73	untranslated	table	eagle statuette			Data/Tables/ObjList.txt	363	1	
maw-a074430f352b	untranslated	table	Earth			Data/Tables/Class Skills.txt	17	8	
maw-da3a93e088c8	untranslated	table	ElecBall			Data/Tables/ObjList.txt	576	1	
maw-e2276682b035	untranslated	table	ElecTrap			Data/Tables/ObjList.txt	439	1	
maw-aa58e5ef131f	untranslated	table	ElecX			Data/Tables/ObjList.txt	557	1	
maw-f8fec03b5176	untranslated	table	Elegant Cloak			Data/Tables/Complex item pictures.txt	153	1	
maw-966f1bd81a46	untranslated	table	Elemental Adept			Data/Tables/Class Extra.txt	65	4	
maw-f5fcc19e588d	untranslated	table	Elemental Resistance			Data/Tables/Potion settings.txt	30	1	
maw-d20f7429cce5	untranslated	table	Elementalist			Data/Tables/Class Extra.txt	64	4	
maw-4061053ecac5	untranslated	table	Elf (7)			Data/Tables/Class Starting Stats.txt	1	1	
maw-d056b46a061f	untranslated	table	Elf - Archer			Data/Tables/Race Skills.txt	1	1	
maw-81a58ee3412d	untranslated	table	Elf - Cleric			Data/Tables/Race Skills.txt	1	1	
maw-97558e1cedcb	untranslated	table	Elf - Dark Elf			Data/Tables/Race Skills.txt	1	1	
maw-4ca20f1b0df6	untranslated	table	Elf - Death Knight			Data/Tables/Race Skills.txt	1	1	
maw-ffe424bec3c2	untranslated	table	Elf - Dragon			Data/Tables/Race Skills.txt	1	1	
maw-9b151cc878b7	untranslated	table	Elf - Druid			Data/Tables/Race Skills.txt	1	1	
maw-95e8f277d500	untranslated	table	Elf - Knight			Data/Tables/Race Skills.txt	1	1	
maw-287838a693d0	untranslated	table	Elf - Minotaur			Data/Tables/Race Skills.txt	1	1	
maw-6f8dfc6cf215	untranslated	table	Elf - Monk			Data/Tables/Race Skills.txt	1	1	
maw-d1f6a16d0c8c	untranslated	table	Elf - Necromancer			Data/Tables/Race Skills.txt	1	1	
maw-da24b227f956	untranslated	table	Elf - Paladin			Data/Tables/Race Skills.txt	1	1	
maw-4b6d4c80066d	untranslated	table	Elf - Peasant			Data/Tables/Race Skills.txt	1	1	
maw-fc79d6cdd7d9	untranslated	table	Elf - Ranger			Data/Tables/Race Skills.txt	1	1	
maw-043b43093b5f	untranslated	table	Elf - Seraphim			Data/Tables/Race Skills.txt	1	1	
maw-9f831b527d94	untranslated	table	Elf - Shaman			Data/Tables/Race Skills.txt	1	1	
maw-f39c64c7c051	untranslated	table	Elf - Sorcerer			Data/Tables/Race Skills.txt	1	1	
maw-f59ba65a5ffb	untranslated	table	Elf - Thief			Data/Tables/Race Skills.txt	1	1	
maw-90754c4fa111	untranslated	table	Elf - Troll			Data/Tables/Race Skills.txt	1	1	
maw-24fda0fa0e82	untranslated	table	Elf - Vampire			Data/Tables/Race Skills.txt	1	1	
maw-8a576d4c46bb	untranslated	table	Elf F1			Data/Tables/Character portraits.txt	33	1	
maw-2150d491a7a5	untranslated	table	Elf F2			Data/Tables/Character portraits.txt	35	1	
maw-a0f71494d19b	untranslated	table	Elf M1			Data/Tables/Character portraits.txt	34	1	
maw-7d5316db0443	untranslated	table	Elf M2			Data/Tables/Character portraits.txt	36	1	
maw-3814747c7388	untranslated	table	Elf(7)			Data/Tables/Race Skills.txt	1	2	
maw-ff7f04e7e57e	untranslated	table	Elven Chainmail			Data/Tables/Complex item pictures.txt	38	1	
maw-d24b82adfbb2	untranslated	table	Elven Cloak			Data/Tables/Complex item pictures.txt	162	1	
maw-da32ecab00cd	untranslated	table	Emerald			Data/Tables/ObjList.txt	150	6	
maw-d67ed44a9461	untranslated	table	Empty bottle			Data/Tables/Potion settings.txt	2	1	
maw-95c365b14583	untranslated	table	empty lich jar			Data/Tables/ObjList.txt	303	1	
maw-fc7b8d0bebbd	untranslated	table	Empty Potion Bottle			Data/Tables/ObjList.txt	78	2	
maw-48811d835cec	untranslated	table	Enchant Item			Data/Tables/Potion settings.txt	20	2	
maw-0cf5674a0857	untranslated	table	Enchanted Amulet			Data/Tables/ObjList.txt	128	9	
maw-39e2d56ac48e	untranslated	table	Enchanted Amulets			Data/Tables/ObjList.txt	120	1	
maw-f3bdde9111f4	untranslated	table	Enchanted Leather			Data/Tables/Complex item pictures.txt	42	1	
maw-3b84c02c3fb7	untranslated	table	EnchantedArrow			Data/Tables/ObjList.txt	583	1	
maw-361437c794c1	untranslated	table	Energy Potion			Data/Tables/Potion settings.txt	6	1	
maw-e78d80be0f89	untranslated	table	EnergyX			Data/Tables/ObjList.txt	564	1	
maw-d036bbf58238	untranslated	table	Enslave			Data/Tables/ObjList.txt	499	3	
maw-3166684b3cec	untranslated	table	Erudine Chainmail			Data/Tables/Complex item pictures.txt	12	1	
maw-49b20f3713ee	untranslated	table	Erudine-laced ore			Data/Tables/ObjList.txt	137	1	
maw-479296f98f66	untranslated	table	Essence of Accuracy			Data/Tables/Potion settings.txt	58	1	
maw-7c2626dc5647	untranslated	table	Essence of Endurance			Data/Tables/Potion settings.txt	57	1	
maw-b2003965f742	untranslated	table	Essence of Intellect			Data/Tables/Potion settings.txt	55	1	
maw-088158265c67	untranslated	table	Essence of Luck			Data/Tables/Potion settings.txt	60	1	
maw-bf034fa084c3	untranslated	table	Essence of Might			Data/Tables/Potion settings.txt	54	1	
maw-a2bfa63159b8	untranslated	table	Essence of Personality			Data/Tables/Potion settings.txt	56	1	
maw-bf8251e0bc7a	untranslated	table	Essence of Speed			Data/Tables/Potion settings.txt	59	1	
maw-7f6e8da24dcd	untranslated	table	evil half of amulet			Data/Tables/ObjList.txt	291	1	
maw-e46742867477	untranslated	table	explosive death			Data/Tables/ObjList.txt	435	1	
maw-973e7ce22c61	untranslated	table	Face pics prefix			Data/Tables/Character portraits.txt	1	1	
maw-0d4a36ccd630	untranslated	table	Fae dust			Data/Tables/ObjList.txt	202	1	
maw-b3125c19f4d1	untranslated	table	Fancy Hat			Data/Tables/Complex item pictures.txt	77	1	
maw-a0b859eeca18	untranslated	table	Feather Fall			Data/Tables/Spells2.txt	15	1	
maw-c13d4730c2dd	untranslated	table	Festival Hat			Data/Tables/Complex item pictures.txt	65	1	
maw-70c8a62594bb	untranslated	table	Fine Belt			Data/Tables/Complex item pictures.txt	108	1	
maw-1ca9868ae61b	untranslated	table	Fine Chain Mail			Data/Tables/Complex item pictures.txt	29	1	
maw-dd83d5fcec1d	untranslated	table	FingerX			Data/Tables/ObjList.txt	584	1	
maw-edc7c0a043ea	untranslated	table	Fire Aura			Data/Tables/Spells2.txt	6	1	
maw-687b90f427d6	untranslated	table	Fire Bolt			Data/Tables/ObjList.txt	442	2	
maw-8730e6d9c9fe	untranslated	table	Fire Spike			Data/Tables/ObjList.txt	446	2	
maw-78ec4867ee93	untranslated	table	FireArrow			Data/Tables/ObjList.txt	429	1	
maw-734e89b7b677	untranslated	table	Fireball			Data/Tables/ObjList.txt	444	2	
maw-b5e97a9c4272	untranslated	table	FireBall			Data/Tables/ObjList.txt	570	1	
maw-473b2a8d474f	untranslated	table	FireballX			Data/Tables/ObjList.txt	556	1	
maw-950e340286e0	untranslated	table	FireBlast			Data/Tables/ObjList.txt	569	1	
maw-47ee2030eb3c	untranslated	table	FireBolt			Data/Tables/ObjList.txt	554	1	
maw-f0f0b7159236	untranslated	table	FireSmallX			Data/Tables/ObjList.txt	553	1	
maw-c0c2a87bdccd	untranslated	table	FireTrap			Data/Tables/ObjList.txt	438	1	
maw-be3c2323a854	untranslated	table	Flame Blast			Data/Tables/Spells2.txt	125	1	
maw-f6d700f5f3de	untranslated	table	Flight			Data/Tables/Spells2.txt	126	1	
maw-386d9bf20d18	untranslated	table	Floor Tile			Data/Tables/ObjList.txt	268	1	
maw-ac81468fdc6a	untranslated	table	Flower			Data/Tables/ObjList.txt	257	1	
maw-f5854d682c2b	untranslated	table	Flute			Data/Tables/ObjList.txt	109	1	
maw-bd68096d66ac	untranslated	table	Flying Fist			Data/Tables/ObjList.txt	503	2	
maw-edbc1bda41a1	untranslated	table	four leafed clover			Data/Tables/ObjList.txt	389	1	
maw-9f591c9aca48	untranslated	table	FrArw			Data/Tables/ObjList.txt	429	1	
maw-7da5d5ef50e6	untranslated	table	Full Helm			Data/Tables/Complex item pictures.txt	61	2	
maw-42ccf4d82258	untranslated	table	Galahad			Data/Tables/Complex item pictures.txt	53	1	
maw-554537bc03a5	untranslated	table	Garnet			Data/Tables/ObjList.txt	51	2	
maw-63673e358464	untranslated	table	Gauntlets			Data/Tables/ObjList.txt	32	2	
maw-8a4d23495c49	untranslated	table	Gem of Restoration			Data/Tables/ObjList.txt	143	1	
maw-fdbb62a806e9	untranslated	table	Genie Lamp			Data/Tables/ObjList.txt	248	1	
maw-ff8b81d9d65e	untranslated	table	Gilded Belt			Data/Tables/Complex item pictures.txt	111	1	
maw-882131b65bb9	untranslated	table	Glamour			Data/Tables/Spells2.txt	102	1	
maw-c917528dedcb	untranslated	table	glass shard			Data/Tables/ObjList.txt	367	1	
maw-950c11cd34f5	untranslated	table	Glomenmail			Data/Tables/Complex item pictures.txt	19	1	
maw-c361b3263ead	untranslated	table	Glorious Cloak			Data/Tables/Complex item pictures.txt	154	1	
maw-a158b94ae0f0	untranslated	table	Goblin (8)			Data/Tables/Class Starting Stats.txt	1	1	
maw-54ce2e6fbc84	untranslated	table	Goblin - Archer			Data/Tables/Race Skills.txt	1	1	
maw-9533ac94057e	untranslated	table	Goblin - Cleric			Data/Tables/Race Skills.txt	1	1	
maw-194731c6fadf	untranslated	table	Goblin - Dark Elf			Data/Tables/Race Skills.txt	1	1	
maw-29ff54a1d942	untranslated	table	Goblin - Death Knight			Data/Tables/Race Skills.txt	1	1	
maw-04dfa5c024e5	untranslated	table	Goblin - Dragon			Data/Tables/Race Skills.txt	1	1	
maw-aba49a4dcd6d	untranslated	table	Goblin - Druid			Data/Tables/Race Skills.txt	1	1	
maw-aeea2cde8034	untranslated	table	Goblin - Knight			Data/Tables/Race Skills.txt	1	1	
maw-352f1d02f5eb	untranslated	table	Goblin - Minotaur			Data/Tables/Race Skills.txt	1	1	
maw-c1823c7b2964	untranslated	table	Goblin - Monk			Data/Tables/Race Skills.txt	1	1	
maw-45378f5be51d	untranslated	table	Goblin - Necromancer			Data/Tables/Race Skills.txt	1	1	
maw-415b875f3956	untranslated	table	Goblin - Paladin			Data/Tables/Race Skills.txt	1	1	
maw-2f0a4d929e89	untranslated	table	Goblin - Peasant			Data/Tables/Race Skills.txt	1	1	
maw-81a3bda678d1	untranslated	table	Goblin - Ranger			Data/Tables/Race Skills.txt	1	1	
maw-5bc63381d347	untranslated	table	Goblin - Seraphim			Data/Tables/Race Skills.txt	1	1	
maw-32476c1bf3b6	untranslated	table	Goblin - Shaman			Data/Tables/Race Skills.txt	1	1	
maw-407b3ad7f053	untranslated	table	Goblin - Sorcerer			Data/Tables/Race Skills.txt	1	1	
maw-b40dc6929cf3	untranslated	table	Goblin - Thief			Data/Tables/Race Skills.txt	1	1	
maw-66e31bb9b589	untranslated	table	Goblin - Troll			Data/Tables/Race Skills.txt	1	1	
maw-fa8e784f5e12	untranslated	table	Goblin - Vampire			Data/Tables/Race Skills.txt	1	1	
maw-a3169544a566	untranslated	table	Goblin(8)			Data/Tables/Race Skills.txt	1	2	
maw-8da8d6dd5ab4	untranslated	table	Gold Dragon			Data/Tables/Character portraits.txt	76	1	
maw-90e7229c71c9	untranslated	table	Golden Chain Mail			Data/Tables/Complex item pictures.txt	31	1	
maw-21e895f4cde7	untranslated	table	Golden Plate Armor			Data/Tables/Complex item pictures.txt	52	1	
maw-111c54267013	untranslated	table	Golem parts			Data/Tables/ObjList.txt	271	7	
maw-5fb20390344b	untranslated	table	Good half of amulet			Data/Tables/ObjList.txt	290	1	
maw-c298633c91d1	untranslated	table	Governor's Armor			Data/Tables/Complex item pictures.txt	35	1	
maw-7076d82df888	untranslated	table	Gray Potion			Data/Tables/ObjList.txt	61	2	
maw-81fd0a629344	untranslated	table	Great Druid			Data/Tables/Class Extra.txt	15	1	
maw-8fe2d90e4fa8	untranslated	table	Great Wyrm			Data/Tables/Class Extra.txt	13	1	
maw-ff5b38af4a6f	untranslated	table	GreatDruid			Data/Tables/Class HP SP.txt	15	5	
maw-1ccfef84f4f0	untranslated	table	Greater Element			Data/Tables/Potion settings.txt	37	1	
maw-574dc47e7c7e	untranslated	table	GreatWyrm			Data/Tables/Class HP SP.txt	13	3	
maw-0dc9b81e7212	untranslated	table	Green Apple			Data/Tables/ObjList.txt	126	1	
maw-07e9b82b81c1	untranslated	table	Green Potion			Data/Tables/ObjList.txt	64	2	
maw-856a71ef8e00	untranslated	table	GreenBall			Data/Tables/ObjList.txt	577	1	
maw-1ef117e1917a	untranslated	table	Ground Wyvern Horn			Data/Tables/ObjList.txt	123	1	
maw-5ef7db31448f	untranslated	table	Guardian Helm			Data/Tables/Complex item pictures.txt	88	1	
maw-c858040fb8bc	untranslated	table	Halberd			Data/Tables/ObjList.txt	12	3	
maw-ab7b8ea47ead	untranslated	table	Hammer			Data/Tables/ObjList.txt	17	2	
maw-ac8e322df6a7	untranslated	table	Hammerhands			Data/Tables/Spells2.txt	75	1	
maw-efb07758faa8	untranslated	table	Harden Item			Data/Tables/Potion settings.txt	18	1	
maw-bcb4d26dbb7a	untranslated	table	Hardened Leather Boots			Data/Tables/Complex item pictures.txt	122	1	
maw-b0c6dcfe8d4a	untranslated	table	Hardened Leather Vest			Data/Tables/Complex item pictures.txt	4	1	
maw-b8946e2f5a0b	untranslated	table	Hareck's Leather			Data/Tables/Complex item pictures.txt	37	1	
maw-6d299711ee9b	untranslated	table	HarmX			Data/Tables/ObjList.txt	566	1	
maw-98c9fd0b99ea	untranslated	table	Harpy Feather			Data/Tables/ObjList.txt	199	1	
maw-27b44b7bcfbd	untranslated	table	Haste			Data/Tables/Potion settings.txt	10	2	
maw-220cd5b8b704	untranslated	table	Heart of Air			Data/Tables/ObjList.txt	94	1	
maw-f76832747513	untranslated	table	Heart of Earth			Data/Tables/ObjList.txt	95	1	
maw-4f6c0e513bad	untranslated	table	Heart of Fire			Data/Tables/ObjList.txt	92	1	
maw-088aa6579f98	untranslated	table	Heart of the Wood			Data/Tables/ObjList.txt	300	1	
maw-d40e7c42589f	untranslated	table	Heart of Water			Data/Tables/ObjList.txt	93	1	
maw-b8f66f223e8c	untranslated	table	Heartwood of Jadame			Data/Tables/ObjList.txt	119	1	
maw-3f608b4935ea	untranslated	table	Height			Data/Tables/ObjList.txt	1	1	
maw-b7bc2bbe0781	untranslated	table	Helm X			Data/Tables/Character portraits.txt	1	1	
maw-95620de1d004	untranslated	table	Helm Y			Data/Tables/Character portraits.txt	1	1	
maw-6e0462c55e58	untranslated	table	Helms			Data/Tables/Complex item pictures.txt	58	1	
maw-697ea8278663	untranslated	table	Herald's Boots			Data/Tables/Complex item pictures.txt	126	1	
maw-3e06620b9e05	untranslated	table	Hermes			Data/Tables/Complex item pictures.txt	141	1	
maw-be9dfe2ffb88	untranslated	table	Hermes' Sandals			Data/Tables/Complex item pictures.txt	133	1	
maw-85d6990d592a	untranslated	table	Hero's Belt			Data/Tables/Complex item pictures.txt	113	1	
maw-69f6fddc3b56	untranslated	table	Heroism			Data/Tables/Potion settings.txt	11	2	
maw-922b4441411b	untranslated	table	Hexbane			Data/Tables/Potion settings.txt	8	1	
maw-fa708e98c9b4	untranslated	table	High Priest			Data/Tables/Class Extra.txt	52	4	
maw-67b6a9948e96	untranslated	table	High Priest / Master Wizard			Data/Tables/Class Starting Skills.txt	1	2	
maw-2d4bf91e4215	untranslated	table	Horned Helm			Data/Tables/Complex item pictures.txt	70	1	
maw-e78a21f95c96	untranslated	table	horned helm			Data/Tables/ObjList.txt	284	1	
maw-c1551dde47e5	untranslated	table	horse shoe			Data/Tables/ObjList.txt	373	1	
maw-8fdafe17d3c9	untranslated	table	Horseshoe			Data/Tables/ObjList.txt	127	2	
maw-6c1a23c179f5	untranslated	table	Hour of Power			Data/Tables/Spells2.txt	88	1	
maw-513dca271d5f	untranslated	table	Hourglass of Time			Data/Tables/Potion settings.txt	94	1	
maw-111fe99c2abc	untranslated	table	HPBase			Data/Tables/Class HP SP.txt	1	1	
maw-38f50bbe93cd	untranslated	table	HPFactor			Data/Tables/Class HP SP.txt	1	1	
maw-4e4573ba6dcc	untranslated	table	Human (0)			Data/Tables/Class Starting Stats.txt	1	1	
maw-d3ad5355e819	untranslated	table	Human - Archer			Data/Tables/Race Skills.txt	1	1	
maw-5ef0cb4c3a7f	untranslated	table	Human - Cleric			Data/Tables/Race Skills.txt	1	1	
maw-6ec07b874f6b	untranslated	table	Human - Dark Elf			Data/Tables/Race Skills.txt	1	1	
maw-c3447221da87	untranslated	table	Human - Death Knight			Data/Tables/Race Skills.txt	1	1	
maw-aea80891d14c	untranslated	table	Human - Dragon			Data/Tables/Race Skills.txt	1	1	
maw-f5cffdfa5b7d	untranslated	table	Human - Druid			Data/Tables/Race Skills.txt	1	1	
maw-6c64e72c83ce	untranslated	table	Human - Knight			Data/Tables/Race Skills.txt	1	1	
maw-2dd1143df60f	untranslated	table	Human - Minotaur			Data/Tables/Race Skills.txt	1	1	
maw-deb0cec08eeb	untranslated	table	Human - Monk			Data/Tables/Race Skills.txt	1	1	
maw-0e7579300de0	untranslated	table	Human - Necromancer			Data/Tables/Race Skills.txt	1	1	
maw-c18daf8e7c7c	untranslated	table	Human - Paladin			Data/Tables/Race Skills.txt	1	1	
maw-12aeb43df764	untranslated	table	Human - Peasant			Data/Tables/Race Skills.txt	1	1	
maw-9ce21d30cfe2	untranslated	table	Human - Ranger			Data/Tables/Race Skills.txt	1	1	
maw-ae45cc1647bd	untranslated	table	Human - Seraphim			Data/Tables/Race Skills.txt	1	1	
maw-5913844671b9	untranslated	table	Human - Shaman			Data/Tables/Race Skills.txt	1	1	
maw-7fb711b9d955	untranslated	table	Human - Sorcerer			Data/Tables/Race Skills.txt	1	1	
maw-8f445bc67933	untranslated	table	Human - Thief			Data/Tables/Race Skills.txt	1	1	
maw-f27a797ccef2	untranslated	table	Human - Troll			Data/Tables/Race Skills.txt	1	1	
maw-123723f7c7c8	untranslated	table	Human - Vampire			Data/Tables/Race Skills.txt	1	1	
maw-6e9ff0610820	untranslated	table	Human(0)			Data/Tables/Race Skills.txt	1	2	
maw-147847d73ee8	untranslated	table	Hunter			Data/Tables/Class Extra.txt	33	6	
maw-fdd4d9bfbf43	untranslated	table	Huntsman's Cloak			Data/Tables/Complex item pictures.txt	151	1	
maw-507428414600	untranslated	table	Ice Blast			Data/Tables/ObjList.txt	469	2	
maw-ecd7625b7a76	untranslated	table	Ice Bolt			Data/Tables/ObjList.txt	465	2	
maw-ecad5b81f4db	untranslated	table	IdentifyItem			Data/Tables/Class Skills.txt	26	6	
maw-0a1e127f1d35	untranslated	table	IdentifyMonster			Data/Tables/Class Skills.txt	36	6	
maw-ef8b40871f31	untranslated	table	Idol of the Snake			Data/Tables/ObjList.txt	105	1	
maw-1e267b8d02d1	untranslated	table	Immolation			Data/Tables/ObjList.txt	448	2	
maw-6914889b6d69	untranslated	table	Imperial Leather			Data/Tables/Complex item pictures.txt	44	1	
maw-f871fb53aaa5	untranslated	table	Implosion			Data/Tables/ObjList.txt	459	2	
maw-0f22bb09dc64	untranslated	table	ImplosionX			Data/Tables/ObjList.txt	558	1	
maw-4c721b017e62	untranslated	table	Incinerate			Data/Tables/ObjList.txt	453	2	
maw-87c48b85740f	untranslated	table	IncinerateX			Data/Tables/ObjList.txt	555	1	
maw-ee64fda90a08	untranslated	table	Index by type			Data/Tables/House rules.txt	1	1	
maw-6a69f7a5a045	untranslated	table	Inferno			Data/Tables/ObjList.txt	451	3	
maw-48863af16c40	untranslated	table	Infused rod			Data/Tables/ObjList.txt	416	1	
maw-fd4e81918202	untranslated	table	Initiate			Data/Tables/Class Extra.txt	25	6	
maw-d0a3087dab0a	untranslated	table	InsectX			Data/Tables/ObjList.txt	562	1	
maw-c69a39d7b0e6	untranslated	table	InterceptAction			Data/Tables/ObjList.txt	1	1	
maw-d516e78e2c27	untranslated	table	Invisibility			Data/Tables/Spells2.txt	21	1	
maw-15f5c1257732	untranslated	table	Iolite			Data/Tables/ObjList.txt	145	1	
maw-73dc7b42df7c	untranslated	table	Iron-laced ore			Data/Tables/ObjList.txt	133	1	
maw-acb87e94d21e	untranslated	table	Item id			Data/Tables/Complex item pictures.txt	2	1	
maw-469b91ef5b01	untranslated	table	Item Id			Data/Tables/Potion settings.txt	1	1	
maw-7167b5705072	untranslated	table	Items1			Data/Tables/House rules.txt	1	2	
maw-c530b521dbfe	untranslated	table	Items2			Data/Tables/House rules.txt	1	2	
maw-cb75dc39e552	untranslated	table	Items3			Data/Tables/House rules.txt	1	2	
maw-78763e5d0fe1	untranslated	table	Items4			Data/Tables/House rules.txt	1	2	
maw-923a0f2a8aea	untranslated	table	Jar with Magic Dust			Data/Tables/ObjList.txt	260	1	
maw-0cf6175f9dfd	untranslated	table	jewelled egg			Data/Tables/ObjList.txt	392	1	
maw-dc2f7da3d0ba	untranslated	table	Kergar-laced ore			Data/Tables/ObjList.txt	136	1	
maw-2352a22b9f35	untranslated	table	Knight			Data/Tables/Class Extra.txt	18	6	
maw-41beb70fa02b	untranslated	table	Knight's Boots			Data/Tables/Complex item pictures.txt	130	1	
maw-93e720cf540e	untranslated	table	Lantern			Data/Tables/ObjList.txt	280	1	
maw-40d03969839f	untranslated	table	large pile of coins			Data/Tables/ObjList.txt	87	1	
maw-2cfae7b21596	untranslated	table	Large Shield			Data/Tables/ObjList.txt	25	2	
maw-306572ebb3a1	untranslated	table	large shield			Data/Tables/ObjList.txt	327	1	
maw-fd897ac649b7	untranslated	table	Laser			Data/Tables/ObjList.txt	430	1	
maw-7a36a4f0497a	untranslated	table	Last Stage Cuirass			Data/Tables/Complex item pictures.txt	21	1	
maw-1016fcb2b4ff	untranslated	table	Learning			Data/Tables/Class Skills.txt	40	6	
maw-6b0c0b7d6913	untranslated	table	Leather			Data/Tables/Class Skills.txt	11	6	
maw-aea7c7679998	untranslated	table	Leather Armor			Data/Tables/Complex item pictures.txt	40	3	
maw-9621e79d357d	untranslated	table	leather armor			Data/Tables/ObjList.txt	324	1	
maw-e27dc095a96c	untranslated	table	Leather Belt			Data/Tables/Complex item pictures.txt	101	3	
maw-d1937cc4c440	untranslated	table	Leather Boots			Data/Tables/Complex item pictures.txt	127	2	
maw-f65afe0ae9e9	untranslated	table	Leather Cloak			Data/Tables/Complex item pictures.txt	150	2	
maw-3940021106ca	untranslated	table	Leather Jerkin			Data/Tables/Complex item pictures.txt	3	1	
maw-7795fd8b0996	untranslated	table	leather pouch			Data/Tables/ObjList.txt	351	1	
maw-e6e3d4c2e0a7	untranslated	table	Lesser Element			Data/Tables/Potion settings.txt	25	1	
maw-1044953c1fb0	untranslated	table	Levitate			Data/Tables/Spells2.txt	114	1	
maw-fb688c20ef0b	untranslated	table	Lich Dragon			Data/Tables/Character portraits.txt	69	1	
maw-1cc1e7d3531c	untranslated	table	Lich dwarf female			Data/Tables/Character portraits.txt	68	1	
maw-e559b2346209	untranslated	table	Lich dwarf male			Data/Tables/Character portraits.txt	67	1	
maw-ae007db9235d	untranslated	table	Lich female			Data/Tables/Character portraits.txt	29	1	
maw-c70cf1950c1b	untranslated	table	Lich Jar			Data/Tables/ObjList.txt	103	2	
maw-f8348a84d135	untranslated	table	Lich Jar Case			Data/Tables/ObjList.txt	289	1	
maw-d45935037d5c	untranslated	table	Lich King			Data/Tables/Class Extra.txt	60	4	
maw-3b145c4853bc	untranslated	table	Lich male			Data/Tables/Character portraits.txt	28	1	
maw-5618f8268acd	untranslated	table	Lich Troll 1			Data/Tables/Character portraits.txt	77	2	
maw-a48e63c6945d	untranslated	table	LifeDrain			Data/Tables/ObjList.txt	532	1	
maw-9de36af84929	untranslated	table	Lifedrain			Data/Tables/Spells2.txt	113	1	
maw-0b558f48eaf6	untranslated	table	LifeTime			Data/Tables/ObjList.txt	1	1	
maw-b1d6989ac409	untranslated	table	LifetimeInSFT			Data/Tables/ObjList.txt	1	1	
maw-a36ef8aba229	untranslated	table	Light			Data/Tables/Class Skills.txt	21	7	
maw-a6cd2d9adb34	untranslated	table	Light Bolt			Data/Tables/ObjList.txt	505	2	
maw-5006a40e7a66	untranslated	table	LightBall			Data/Tables/ObjList.txt	582	1	
maw-be2d99460d89	untranslated	table	Lightning Bolt			Data/Tables/ObjList.txt	457	2	
maw-949a78da8d23	untranslated	table	LightSplat			Data/Tables/ObjList.txt	552	1	
maw-67014001ad5d	untranslated	table	living heart			Data/Tables/ObjList.txt	393	1	
maw-211d1495e08d	untranslated	table	Lizardman Helm			Data/Tables/Complex item pictures.txt	60	1	
maw-2ec6dadebf3b	untranslated	table	Lloyd's Beacon			Data/Tables/Spells2.txt	35	1	
maw-594b7279f529	untranslated	table	LMin-			Data/Tables/Character portraits.txt	71	1	
maw-0cf2bf327398	untranslated	table	LMinbod			Data/Tables/Character portraits.txt	71	1	
maw-aaa379a74152	untranslated	table	LMinLhd			Data/Tables/Character portraits.txt	71	1	
maw-cea52c92147e	untranslated	table	LMinlho			Data/Tables/Character portraits.txt	71	1	
maw-691c6ca9f255	untranslated	table	LMinlhu			Data/Tables/Character portraits.txt	71	2	
maw-8904ac8755ea	untranslated	table	LMinrhb			Data/Tables/Character portraits.txt	71	1	
maw-dce6bad1b561	untranslated	table	LMinrhd			Data/Tables/Character portraits.txt	71	1	
maw-e4c70988ed3f	untranslated	table	LMinrhu			Data/Tables/Character portraits.txt	71	1	
maw-852714818460	untranslated	table	lock picks			Data/Tables/ObjList.txt	378	1	
maw-e277a80367e0	untranslated	table	Log of Eldenbrie			Data/Tables/ObjList.txt	130	1	
maw-d763ca59a289	untranslated	table	Long bow			Data/Tables/ObjList.txt	14	2	
maw-238468fc04a3	untranslated	table	long bow			Data/Tables/ObjList.txt	316	1	
maw-652244e42ab0	untranslated	table	Long Dagger			Data/Tables/ObjList.txt	8	2	
maw-8572c204e77b	untranslated	table	long dagger			Data/Tables/ObjList.txt	310	1	
maw-6bef8b8d3fcc	untranslated	table	long sword			Data/Tables/ObjList.txt	305	1	
maw-ff207b07edcb	untranslated	table	Lost Book of Kehl			Data/Tables/ObjList.txt	97	1	
maw-2ba628c43b59	untranslated	table	Lucidity			Data/Tables/Potion settings.txt	9	1	
maw-f5cd0fc451c0	untranslated	table	Lucius			Data/Tables/Complex item pictures.txt	140	1	
maw-d7cfa2eb9684	untranslated	table	Lucky Hat			Data/Tables/Complex item pictures.txt	69	1	
maw-b4e84acbca07	untranslated	table	M/0/0			Data/Tables/Race Skills.txt	23	6	
maw-563f7bb7092f	untranslated	table	magic lamp			Data/Tables/ObjList.txt	395	1	
maw-3d252d0c2cdd	untranslated	table	Magic Potion			Data/Tables/Potion settings.txt	5	1	
maw-db417ea5087c	untranslated	table	Magic Protection			Data/Tables/Potion settings.txt	19	1	
maw-68aadbddcce5	untranslated	table	Magic shops Special			Data/Tables/House rules.txt	193	1	
maw-929ce2ef5d68	untranslated	table	Magic shops Standart			Data/Tables/House rules.txt	156	1	
maw-7e69187e9c8b	untranslated	table	Majestic Chain Mail			Data/Tables/Complex item pictures.txt	49	1	
maw-073b6b479c50	untranslated	table	Marabou			Data/Tables/Class Extra.txt	63	4	
maw-9335a7f5438b	untranslated	table	Mass Distortion			Data/Tables/ObjList.txt	484	2	
maw-183343b2a863	untranslated	table	Mass Fear			Data/Tables/ObjList.txt	495	2	
maw-45e4cdc7dcbb	untranslated	table	Master Archer			Data/Tables/Class Extra.txt	4	1	
maw-8650729faa57	untranslated	table	Master of Elements			Data/Tables/Class Extra.txt	66	4	
maw-2cc3f1e26e51	untranslated	table	Master Wizard			Data/Tables/Class Extra.txt	53	4	
maw-2c2934cdcf11	untranslated	table	MasterArcher			Data/Tables/Class HP SP.txt	4	3	
maw-db0caece5a39	untranslated	table	Max level			Data/Tables/House rules.txt	343	1	
maw-3bf7a05074e7	untranslated	table	Meditation			Data/Tables/Class Skills.txt	30	7	
maw-86d631407a23	untranslated	table	medium pile of coins			Data/Tables/ObjList.txt	86	1	
maw-1d3d4384a4a3	untranslated	table	Memory Crystal			Data/Tables/ObjList.txt	413	2	
maw-cccadd7f1b0c	untranslated	table	Mercenary Belt			Data/Tables/Complex item pictures.txt	115	1	
maw-0ed527aeba16	untranslated	table	Merchant			Data/Tables/Class Skills.txt	27	6	
maw-1748047cf8a5	untranslated	table	Merchantman's Hat			Data/Tables/Complex item pictures.txt	66	1	
maw-606cb109e24d	untranslated	table	Mercury			Data/Tables/ObjList.txt	54	2	
maw-3df1a8a24cd0	untranslated	table	Meteor			Data/Tables/ObjList.txt	571	1	
maw-457b8de5392b	untranslated	table	Meteor Fragment			Data/Tables/ObjList.txt	45	1	
maw-7c1b286531d7	untranslated	table	Meteor Shower			Data/Tables/ObjList.txt	449	2	
maw-fae042670edb	untranslated	table	Meteorite fragment			Data/Tables/ObjList.txt	198	1	
maw-9c9181c3c12e	untranslated	table	Mind Blast			Data/Tables/ObjList.txt	489	2	
maw-cd5b082e07c5	untranslated	table	Mind's Eye			Data/Tables/Complex item pictures.txt	84	1	
maw-7a97cea8d0b2	untranslated	table	MindBlast			Data/Tables/ObjList.txt	550	1	
maw-25ea2b23d54b	untranslated	table	Minotaur			Data/Tables/Class Extra.txt	22	6	
maw-18014609f2fb	untranslated	table	Minotaur (3)			Data/Tables/Class Starting Stats.txt	1	1	
maw-6a71da6dd5b1	untranslated	table	Minotaur - Archer			Data/Tables/Race Skills.txt	1	1	
maw-da7086750401	untranslated	table	Minotaur - Cleric			Data/Tables/Race Skills.txt	1	1	
maw-978c89d15320	untranslated	table	Minotaur - Dark Elf			Data/Tables/Race Skills.txt	1	1	
maw-e5c38b6efefb	untranslated	table	Minotaur - Death Knight			Data/Tables/Race Skills.txt	1	1	
maw-566fdd61222d	untranslated	table	Minotaur - Dragon			Data/Tables/Race Skills.txt	1	1	
maw-39b44c917a80	untranslated	table	Minotaur - Druid			Data/Tables/Race Skills.txt	1	1	
maw-dc9566313027	untranslated	table	Minotaur - Knight			Data/Tables/Race Skills.txt	1	1	
maw-5a7606378c14	untranslated	table	Minotaur - Minotaur			Data/Tables/Race Skills.txt	1	1	
maw-dce882e4d0cd	untranslated	table	Minotaur - Monk			Data/Tables/Race Skills.txt	1	1	
maw-5cc481fa473e	untranslated	table	Minotaur - Necromancer			Data/Tables/Race Skills.txt	1	1	
maw-f01cf70fd3a6	untranslated	table	Minotaur - Paladin			Data/Tables/Race Skills.txt	1	1	
maw-7610c62e6046	untranslated	table	Minotaur - Peasant			Data/Tables/Race Skills.txt	1	1	
maw-6250f0974718	untranslated	table	Minotaur - Ranger			Data/Tables/Race Skills.txt	1	1	
maw-e39c80835980	untranslated	table	Minotaur - Seraphim			Data/Tables/Race Skills.txt	1	1	
maw-072bb10e8e80	untranslated	table	Minotaur - Shaman			Data/Tables/Race Skills.txt	1	1	
maw-ddabe0092919	untranslated	table	Minotaur - Sorcerer			Data/Tables/Race Skills.txt	1	1	
maw-1a301cf182d8	untranslated	table	Minotaur - Thief			Data/Tables/Race Skills.txt	1	1	
maw-ebbfa83985b6	untranslated	table	Minotaur - Troll			Data/Tables/Race Skills.txt	1	1	
maw-380b5a1d1887	untranslated	table	Minotaur - Vampire			Data/Tables/Race Skills.txt	1	1	
maw-6f52253045f6	untranslated	table	Minotaur Chainmail			Data/Tables/Complex item pictures.txt	10	1	
maw-9e35a2ab6d63	untranslated	table	Minotaur Lich			Data/Tables/Character portraits.txt	71	1	
maw-1d6e6d53b1c0	untranslated	table	Minotaur Lord			Data/Tables/Class Extra.txt	23	1	
maw-1fe48c8d7b60	untranslated	table	Minotaur Plate			Data/Tables/Complex item pictures.txt	15	1	
maw-b84834332949	untranslated	table	Minotaur zombie (conditional portrait)			Data/Tables/Character portraits.txt	72	1	
maw-28db338c2823	untranslated	table	Minotaur(3)			Data/Tables/Race Skills.txt	1	2	
maw-facea6a082cb	untranslated	table	MinotaurLord			Data/Tables/Class HP SP.txt	23	3	
maw-90642af05b6d	untranslated	table	Mistform			Data/Tables/Spells2.txt	116	1	
maw-062bd4c9564c	untranslated	table	MM6 girl 1			Data/Tables/Character portraits.txt	40	1	
maw-ec17694ee2a8	untranslated	table	MM6 girl 2			Data/Tables/Character portraits.txt	42	1	
maw-d0d6f9d10ebe	untranslated	table	MM6 girl 3			Data/Tables/Character portraits.txt	44	1	
maw-560d044c830d	untranslated	table	MM6 girl 4			Data/Tables/Character portraits.txt	46	1	
maw-a396e10e9158	untranslated	table	MM6 man 1			Data/Tables/Character portraits.txt	39	1	
maw-6a019f87776f	untranslated	table	MM6 man 2			Data/Tables/Character portraits.txt	41	1	
maw-e0392cfaef5d	untranslated	table	MM6 man 3			Data/Tables/Character portraits.txt	43	1	
maw-ae7bd60c8255	untranslated	table	MM6 man 4			Data/Tables/Character portraits.txt	45	1	
maw-71c6b9b159d5	untranslated	table	MM6 man 5			Data/Tables/Character portraits.txt	47	1	
maw-04694554aa08	untranslated	table	MM6 man 6			Data/Tables/Character portraits.txt	48	1	
maw-c249817f663f	untranslated	table	MM6 man 7			Data/Tables/Character portraits.txt	49	1	
maw-da963665b5bb	untranslated	table	MM6 man 8			Data/Tables/Character portraits.txt	50	1	
maw-9b44df1a52d0	untranslated	table	MM7 Fgob 1			Data/Tables/Character portraits.txt	58	1	
maw-5eda689f09b9	untranslated	table	MM7 Fgob 2			Data/Tables/Character portraits.txt	60	1	
maw-19646b58f0bf	untranslated	table	MM7 girl 1			Data/Tables/Character portraits.txt	52	1	
maw-b6f2c54c2309	untranslated	table	MM7 girl 3			Data/Tables/Character portraits.txt	54	1	
maw-631f759b4978	untranslated	table	MM7 girl 4			Data/Tables/Character portraits.txt	56	1	
maw-689636287300	untranslated	table	MM7 man 1			Data/Tables/Character portraits.txt	51	1	
maw-e4e863324059	untranslated	table	MM7 man 2			Data/Tables/Character portraits.txt	53	1	
maw-0fb115615240	untranslated	table	MM7 man 4			Data/Tables/Character portraits.txt	55	1	
maw-a8e5dbcce12d	untranslated	table	MM7 Mgob 1			Data/Tables/Character portraits.txt	57	1	
maw-9d3283879c8d	untranslated	table	MM7 Mgob 2			Data/Tables/Character portraits.txt	59	1	
maw-5855e6bb34da	untranslated	table	Mogred Helm			Data/Tables/Complex item pictures.txt	74	1	
maw-dbfcb27025af	untranslated	table	Moon Cloak			Data/Tables/Complex item pictures.txt	158	1	
maw-70706c2a0f3d	untranslated	table	Moon Temple Cloak			Data/Tables/Complex item pictures.txt	145	1	
maw-2aac3a605135	untranslated	table	Moonstone			Data/Tables/ObjList.txt	47	4	
maw-b4e93eccc1f4	untranslated	table	Mushrooms			Data/Tables/ObjList.txt	39	2	
maw-a17731e31161	untranslated	table	Musical Instrument 1			Data/Tables/ObjList.txt	264	1	
maw-2953a5092f97	untranslated	table	Musical Instrument 2			Data/Tables/ObjList.txt	265	1	
maw-f4a125a22a3a	untranslated	table	Musical Instrument 3			Data/Tables/ObjList.txt	266	1	
maw-96975b485023	untranslated	table	Mystery Cube			Data/Tables/ObjList.txt	366	1	
maw-de475fc3b344	untranslated	table	Naga Hide			Data/Tables/ObjList.txt	107	1	
maw-86a6cd1d6598	untranslated	table	Necromancer			Data/Tables/Class Extra.txt	46	6	
maw-0a427c3dcc10	untranslated	table	Necromancer Cloak			Data/Tables/Complex item pictures.txt	147	1	
maw-1eb005c025c9	untranslated	table	Nightshade Brazier			Data/Tables/ObjList.txt	90	1	
maw-7eb0443b6298	untranslated	table	Ninja			Data/Tables/Class Extra.txt	27	4	
maw-8975bef5c936	untranslated	table	Noble Chain Mail			Data/Tables/Complex item pictures.txt	47	1	
maw-fb1a3bf396dd	untranslated	table	Noble Crown			Data/Tables/Complex item pictures.txt	79	1	
maw-8c5f7c509792	untranslated	table	Noble Plate Armor			Data/Tables/Complex item pictures.txt	34	1	
maw-a65c11c04892	untranslated	table	NoGravity			Data/Tables/ObjList.txt	1	1	
maw-065dce53becd	untranslated	table	NoPickup			Data/Tables/ObjList.txt	1	1	
maw-99d82d1075b7	untranslated	table	Nosferatu			Data/Tables/Class Extra.txt	43	4	
maw-70440046a3dc	untranslated	table	Notes			Data/Tables/Character portraits.txt	1	3	
maw-dc2008034c5b	untranslated	table	NPCPic			Data/Tables/Character portraits.txt	1	1	
maw-24c869802c3e	untranslated	table	Obsidian			Data/Tables/ObjList.txt	53	2	
maw-dabd37429f72	untranslated	table	Officer's Leather			Data/Tables/Complex item pictures.txt	24	1	
maw-fdec4c2845a6	untranslated	table	Ogre Ear			Data/Tables/ObjList.txt	124	1	
maw-c66170485d11	untranslated	table	Ogre Key			Data/Tables/ObjList.txt	142	1	
maw-e0bdddf4a78e	untranslated	table	Orange and Green Potion			Data/Tables/ObjList.txt	77	2	
maw-01c5a19c7193	untranslated	table	Orange and Purple Potion			Data/Tables/ObjList.txt	75	2	
maw-4f2af8d82801	untranslated	table	Orange Potion			Data/Tables/ObjList.txt	65	2	
maw-ff146ec221fd	untranslated	table	oscillation overthruster			Data/Tables/ObjList.txt	302	1	
maw-60203bfedf5d	untranslated	table	Pain Reflection			Data/Tables/Spells2.txt	97	1	
maw-53f5076f01cc	untranslated	table	Painting 1			Data/Tables/ObjList.txt	253	1	
maw-664c38a0f67c	untranslated	table	Painting 2			Data/Tables/ObjList.txt	254	1	
maw-b7e7ab9ebdbe	untranslated	table	Painting 3			Data/Tables/ObjList.txt	255	1	
maw-1ac85b7c33b9	untranslated	table	Paladin			Data/Tables/Class Extra.txt	28	6	
maw-a6bee811ad8a	untranslated	table	Paladin Boots			Data/Tables/Complex item pictures.txt	131	1	
maw-feaee69debdb	untranslated	table	Paladin's Potion			Data/Tables/Potion settings.txt	33	1	
maw-1c023edf160e	untranslated	table	Paperdoll type			Data/Tables/Character portraits.txt	1	1	
maw-a23514dd7679	untranslated	table	Paralyze			Data/Tables/ObjList.txt	509	3	
maw-9512a8c7e258	untranslated	table	ParticleA			Data/Tables/ObjList.txt	1	1	
maw-1b3866d397d3	untranslated	table	ParticleB			Data/Tables/ObjList.txt	1	1	
maw-ca7315cafa80	untranslated	table	ParticleG			Data/Tables/ObjList.txt	1	1	
maw-4a5c108859e7	untranslated	table	ParticleR			Data/Tables/ObjList.txt	1	1	
maw-c773f3d0a8ef	untranslated	table	Patriarch			Data/Tables/Class Extra.txt	11	4	
maw-445246d67dca	untranslated	table	Peacock Feather Quill			Data/Tables/ObjList.txt	236	1	
maw-1a532c4c969f	untranslated	table	Peasant			Data/Tables/Class Extra.txt	50	6	
maw-a2f9e59d4a72	untranslated	table	Peasant Hat			Data/Tables/Complex item pictures.txt	75	1	
maw-0bee3519dd19	untranslated	table	Pellinore			Data/Tables/Complex item pictures.txt	54	1	
maw-dc8d429452c8	untranslated	table	Pendragon			Data/Tables/Complex item pictures.txt	165	1	
maw-c0ffa17bf712	untranslated	table	Perception			Data/Tables/Class Skills.txt	31	6	
maw-2b2207eec57f	untranslated	table	Phantom Cloak			Data/Tables/Complex item pictures.txt	161	1	
maw-b25910fc7902	untranslated	table	Phial of Gog Blood			Data/Tables/ObjList.txt	42	1	
maw-b555762f0d9d	untranslated	table	Philosopher's Stone			Data/Tables/ObjList.txt	56	2	
maw-d62bcab11121	untranslated	table	Phirna Root			Data/Tables/ObjList.txt	37	2	
maw-84d5ba760955	untranslated	table	Phoenix Feather			Data/Tables/ObjList.txt	46	1	
maw-bd928846b078	untranslated	table	Phylt-laced ore			Data/Tables/ObjList.txt	135	1	
maw-37fd24bca7f0	untranslated	table	Phynaxian Crown			Data/Tables/Complex item pictures.txt	83	1	
maw-74c9a8796c5a	untranslated	table	Phynaxian Helm			Data/Tables/Complex item pictures.txt	73	1	
maw-cbb2a445d647	untranslated	table	Pirate Hat			Data/Tables/ObjList.txt	115	1	
maw-2db331cefa19	untranslated	table	Plate			Data/Tables/Class Skills.txt	13	6	
maw-abb47c641cba	untranslated	table	Plate Armor			Data/Tables/Complex item pictures.txt	32	2	
maw-170be537ca96	untranslated	table	Plate mail			Data/Tables/ObjList.txt	24	2	
maw-cc68a8e7aeb5	untranslated	table	plate mail			Data/Tables/ObjList.txt	326	1	
maw-1ab090d1369b	untranslated	table	Poison Spray			Data/Tables/ObjList.txt	463	2	
maw-0ce87621308b	untranslated	table	PoisonTrap			Data/Tables/ObjList.txt	441	1	
maw-7667f798b798	untranslated	table	Poppy Pod			Data/Tables/ObjList.txt	40	1	
maw-74cb5d6f4fb9	untranslated	table	Poppysnaps			Data/Tables/ObjList.txt	193	1	
maw-58f98629ad14	untranslated	table	Pot Id			Data/Tables/Potion settings.txt	1	1	
maw-a0076962e6fa	untranslated	table	Potion of Doom			Data/Tables/Potion settings.txt	61	1	
maw-99d45e565cbe	untranslated	table	Potion of the Gods			Data/Tables/Potion settings.txt	65	1	
maw-bac2c2d9b565	untranslated	table	Power Boost			Data/Tables/Potion settings.txt	22	1	
maw-bc073e4a102d	untranslated	table	Power Cure			Data/Tables/Spells2.txt	79	1	
maw-a1dd84906f75	untranslated	table	Power Stone			Data/Tables/ObjList.txt	139	2	
maw-67b523d05014	untranslated	table	Preservation			Data/Tables/Spells2.txt	52	1	
maw-b45c5249d5f6	untranslated	table	Priest			Data/Tables/Class Extra.txt	7	6	
maw-e59fd3e8eb26	untranslated	table	Priest of the Dark			Data/Tables/Class Extra.txt	9	1	
maw-22f809783381	untranslated	table	Priest of the Light			Data/Tables/Class Extra.txt	8	1	
maw-90807469a109	untranslated	table	PriestDark			Data/Tables/Class HP SP.txt	9	3	
maw-bac5360f8c82	untranslated	table	PriestLight			Data/Tables/Class HP SP.txt	8	3	
maw-9de8943afe40	untranslated	table	Prismatic Light			Data/Tables/ObjList.txt	511	2	
maw-0f8cc4f34d7f	untranslated	table	Protection			Data/Tables/Potion settings.txt	13	1	
maw-8fe415e8a948	untranslated	table	Protection from Magic			Data/Tables/Potion settings.txt	72	2	
maw-789305974a90	untranslated	table	Psychic Shock			Data/Tables/ObjList.txt	497	2	
maw-0fff4fb3bd4a	untranslated	table	Punch			Data/Tables/ObjList.txt	568	1	
maw-841fd4cd5614	untranslated	table	Pure Accuracy			Data/Tables/Potion settings.txt	51	1	
maw-5a95b1fa8955	untranslated	table	Pure Air Resistance			Data/Tables/Potion settings.txt	67	1	
maw-ce40ac5be788	untranslated	table	Pure Body Resistance			Data/Tables/Potion settings.txt	71	1	
maw-731f0db3c0c4	untranslated	table	Pure Earth Resistance			Data/Tables/Potion settings.txt	69	1	
maw-78c0cc99cb16	untranslated	table	Pure Elemental Resistance			Data/Tables/Potion settings.txt	43	1	
maw-024775de199d	untranslated	table	Pure Endurance			Data/Tables/Potion settings.txt	49	1	
maw-76a337704145	untranslated	table	Pure Fire Resistance			Data/Tables/Potion settings.txt	66	1	
maw-b5fff5a58633	untranslated	table	Pure Intellect			Data/Tables/Potion settings.txt	48	1	
maw-21a4c5a97959	untranslated	table	Pure Luck			Data/Tables/Potion settings.txt	46	1	
maw-f6a195121839	untranslated	table	Pure Might			Data/Tables/Potion settings.txt	52	1	
maw-22a951f0ba83	untranslated	table	Pure Mind Resistance			Data/Tables/Potion settings.txt	70	1	
maw-66f1d4541b67	untranslated	table	Pure Personality			Data/Tables/Potion settings.txt	50	1	
maw-8c1e8a928521	untranslated	table	Pure Power			Data/Tables/Potion settings.txt	34	1	
maw-209cc6aa92d2	untranslated	table	Pure Resilience			Data/Tables/Potion settings.txt	36	1	
maw-b26a3572516f	untranslated	table	Pure Self Resistance			Data/Tables/Potion settings.txt	44	1	
maw-119e71981886	untranslated	table	Pure Speed			Data/Tables/Potion settings.txt	47	1	
maw-6b8134ca9029	untranslated	table	Pure Water Resistance			Data/Tables/Potion settings.txt	68	1	
maw-d78f11b45b8b	untranslated	table	Pure Wisdom			Data/Tables/Potion settings.txt	35	1	
maw-0d512c891022	untranslated	table	Purple and Green Potion			Data/Tables/ObjList.txt	76	2	
maw-434e81897d72	untranslated	table	Purple Potion			Data/Tables/ObjList.txt	63	2	
maw-4145f90df9b0	untranslated	table	Purple Topaz			Data/Tables/Potion settings.txt	77	2	
maw-2bbc22e22a7e	untranslated	table	PurpleBall			Data/Tables/ObjList.txt	578	1	
maw-ff5042b0ef0d	untranslated	table	Puzzle Box			Data/Tables/ObjList.txt	99	1	
maw-a60f2c73604f	untranslated	table	Quality			Data/Tables/House rules.txt	1	2	
maw-fdb850079548	untranslated	table	Quality Steel Chain Mail			Data/Tables/Complex item pictures.txt	28	1	
maw-9515c9e3eb7b	untranslated	table	Quickmind			Data/Tables/Potion settings.txt	14	1	
maw-e5aaeaac2e19	untranslated	table	Radius			Data/Tables/ObjList.txt	1	1	
maw-6291d8758ab0	untranslated	table	Raise Dead			Data/Tables/Spells2.txt	55	1	
maw-6eb9532f383d	untranslated	table	Ranger			Data/Tables/Class Extra.txt	32	6	
maw-eced9499fc51	untranslated	table	Ranger Boots			Data/Tables/Complex item pictures.txt	129	1	
maw-f12d5ad3e250	untranslated	table	Ranger Lord			Data/Tables/Class Extra.txt	35	1	
maw-b386a045637a	untranslated	table	Ranger's Cloak			Data/Tables/Complex item pictures.txt	152	1	
maw-13cd605739a5	untranslated	table	RangerLord			Data/Tables/Class HP SP.txt	35	3	
maw-3a50f2d4dfcb	untranslated	table	rat's tail			Data/Tables/ObjList.txt	414	1	
maw-3c87c4ffcbdc	untranslated	table	Reanimate			Data/Tables/Spells2.txt	91	1	
maw-f7923f8b8bfe	untranslated	table	Recharge Item			Data/Tables/Spells2.txt	30	1	
maw-94bdf9e1eb9d	untranslated	table	Red and Green Potion			Data/Tables/ObjList.txt	68	2	
maw-b663582c0af4	untranslated	table	Red and Orange Potion			Data/Tables/ObjList.txt	66	2	
maw-76a931c47b75	untranslated	table	Red and Purple Potion			Data/Tables/ObjList.txt	67	2	
maw-1eef5fa651bb	untranslated	table	Red Apple			Data/Tables/ObjList.txt	262	1	
maw-fb8dc445395d	untranslated	table	Red Potion			Data/Tables/ObjList.txt	58	2	
maw-e3a7b15a2386	untranslated	table	Regal Crown			Data/Tables/Complex item pictures.txt	80	2	
maw-506eb98f49ae	untranslated	table	Regeneration			Data/Tables/Class Skills.txt	32	8	
maw-4724e0752656	untranslated	table	Regnan Boots			Data/Tables/Complex item pictures.txt	123	1	
maw-1aeed3eeb113	untranslated	table	Regnan Leather			Data/Tables/Complex item pictures.txt	6	2	
maw-c78944916c8c	untranslated	table	Rejuvenation			Data/Tables/Potion settings.txt	53	1	
maw-1f0280885520	untranslated	table	Remains of Korbu			Data/Tables/ObjList.txt	102	1	
maw-23dd98e5cabc	untranslated	table	Remove Curse			Data/Tables/Spells2.txt	51	1	
maw-95fc546fc77f	untranslated	table	Remove Fear			Data/Tables/Spells2.txt	59	1	
maw-5f60b1c2e605	untranslated	table	Repair			Data/Tables/Class Skills.txt	28	6	
maw-fac27299c75f	untranslated	table	Reptilian Egg			Data/Tables/ObjList.txt	279	1	
maw-a17634206fa0	untranslated	table	Required mastery			Data/Tables/Potion settings.txt	1	1	
maw-a1efb569aab7	untranslated	table	Res to win			Data/Tables/House rules.txt	373	1	
maw-47a5d913c7eb	untranslated	table	Res1 at start			Data/Tables/House rules.txt	373	1	
maw-220da43eb4c0	untranslated	table	Res1 per turn			Data/Tables/House rules.txt	373	1	
maw-5cd7b30bce99	untranslated	table	Resilience Boost			Data/Tables/Potion settings.txt	24	1	
maw-736e149662be	untranslated	table	Resplendent Chain Mail			Data/Tables/Complex item pictures.txt	30	1	
maw-a19b05f05155	untranslated	table	Resurrection			Data/Tables/Spells2.txt	57	1	
maw-6a86ab7c7055	untranslated	table	Ring of Keys			Data/Tables/ObjList.txt	104	1	
maw-0b14072214f6	untranslated	table	Rock Blast			Data/Tables/ObjList.txt	479	2	
maw-a1d4b39dc532	untranslated	table	RockBlast			Data/Tables/ObjList.txt	581	1	
maw-5cc7a5d48318	untranslated	table	RockX			Data/Tables/ObjList.txt	563	1	
maw-bb71deb29d6c	untranslated	table	Rogue			Data/Tables/Class Extra.txt	37	6	
maw-13e95fe79f14	untranslated	table	Rose petals			Data/Tables/ObjList.txt	194	1	
maw-bbd5d8bac303	untranslated	table	Royal Chain Mail			Data/Tables/Complex item pictures.txt	48	1	
maw-43543a426f2c	untranslated	table	Royal Leather			Data/Tables/Complex item pictures.txt	26	1	
maw-354b05438334	untranslated	table	Royal Wasp Jelly			Data/Tables/ObjList.txt	110	1	
maw-bb1d1a057ab9	untranslated	table	Rusty Breastplate			Data/Tables/Complex item pictures.txt	13	1	
maw-05704ad61d62	untranslated	table	Rusty Mail Vest			Data/Tables/Complex item pictures.txt	8	1	
maw-52086129a3b5	untranslated	table	Sapphire			Data/Tables/ObjList.txt	151	3	
maw-b8a00ef85a46	untranslated	table	Sarcophagus of Korbu			Data/Tables/ObjList.txt	98	1	
maw-83dfe3a27a79	untranslated	table	Scarf			Data/Tables/ObjList.txt	270	1	
maw-cae16237d06c	untranslated	table	Scholar's Cap			Data/Tables/Complex item pictures.txt	82	1	
maw-090a3c807816	untranslated	table	Scroll			Data/Tables/ObjList.txt	79	2	
maw-d30e4ef1b464	untranslated	table	Sealed Letter			Data/Tables/ObjList.txt	239	8	
maw-72daf36f2c83	untranslated	table	Seashell			Data/Tables/ObjList.txt	267	1	
maw-174592e65778	untranslated	table	Sekhem			Data/Tables/Class Extra.txt	62	4	
maw-b3a12e2fc317	untranslated	table	Self Resistance			Data/Tables/Potion settings.txt	31	1	
maw-fc7945cbebdf	untranslated	table	Seraphim			Data/Tables/Class Extra.txt	55	7	
maw-af15bcdf613b	untranslated	table	Serendine's Preservation			Data/Tables/Complex item pictures.txt	18	1	
maw-c7f73bb54d92	untranslated	table	Settings			Data/Tables/Complex item pictures.txt	1	1	
maw-fbd55b95de07	untranslated	table	Seven League Boots			Data/Tables/Complex item pictures.txt	132	1	
maw-3da12bae1b88	untranslated	table	SFTGroup			Data/Tables/ObjList.txt	1	1	
maw-910be8d582df	untranslated	table	Shadow's Mask			Data/Tables/Complex item pictures.txt	85	1	
maw-6f6596271da8	untranslated	table	Shaman			Data/Tables/Class Extra.txt	61	4	
maw-cf581f65bd6f	untranslated	table	Shared Life			Data/Tables/Spells2.txt	56	1	
maw-08271419319f	untranslated	table	Shield			Data/Tables/Class Skills.txt	10	7	
maw-1b5a3d0e11ae	untranslated	table	Shrap Metal			Data/Tables/ObjList.txt	519	1	
maw-933c5dc733d2	untranslated	table	Shrapmetal			Data/Tables/Spells2.txt	95	1	
maw-f2bf50807835	untranslated	table	Shrinking Ray			Data/Tables/ObjList.txt	517	2	
maw-2623f14d22e7	untranslated	table	Siertal Chainmail			Data/Tables/Complex item pictures.txt	11	1	
maw-cbc235bb856f	untranslated	table	Siertal-laced ore			Data/Tables/ObjList.txt	134	1	
maw-df3a8b0168ca	untranslated	table	Signet Ring			Data/Tables/ObjList.txt	238	1	
maw-f12031245b58	untranslated	table	Silver Belt			Data/Tables/Complex item pictures.txt	110	1	
maw-4e860b8964c9	untranslated	table	Silver Dust of the Sea			Data/Tables/ObjList.txt	122	1	
maw-f96a65971682	untranslated	table	Skill100			Data/Tables/Class Skillz.txt	102	3	
maw-9b5ce0053c85	untranslated	table	Skill101			Data/Tables/Class Skillz.txt	103	3	
maw-d73a4a666af6	untranslated	table	Skill102			Data/Tables/Class Skillz.txt	104	3	
maw-25e76c5d047b	untranslated	table	Skill103			Data/Tables/Class Skillz.txt	105	3	
maw-8c85788c3abd	untranslated	table	Skill104			Data/Tables/Class Skillz.txt	106	3	
maw-987e8e67faeb	untranslated	table	Skill105			Data/Tables/Class Skillz.txt	107	3	
maw-da3cf9528f93	untranslated	table	Skill106			Data/Tables/Class Skillz.txt	108	3	
maw-8ac02d38d284	untranslated	table	Skill107			Data/Tables/Class Skillz.txt	109	3	
maw-bb3313436168	untranslated	table	Skill108			Data/Tables/Class Skillz.txt	110	3	
maw-5c4f6f1a2f0d	untranslated	table	Skill109			Data/Tables/Class Skillz.txt	111	3	
maw-e5b481321386	untranslated	table	Skill110			Data/Tables/Class Skillz.txt	112	3	
maw-e141498272db	untranslated	table	Skill111			Data/Tables/Class Skillz.txt	113	3	
maw-d3c949b0ada3	untranslated	table	Skill112			Data/Tables/Class Skillz.txt	114	3	
maw-717bb121e571	untranslated	table	Skill113			Data/Tables/Class Skillz.txt	115	3	
maw-4b7c47583283	untranslated	table	Skill114			Data/Tables/Class Skillz.txt	116	3	
maw-ed2c82562cf0	untranslated	table	Skill115			Data/Tables/Class Skillz.txt	117	3	
maw-412efa42e0be	untranslated	table	Skill116			Data/Tables/Class Skillz.txt	118	3	
maw-da2354c4f835	untranslated	table	Skill117			Data/Tables/Class Skillz.txt	119	3	
maw-1d03240d5125	untranslated	table	Skill118			Data/Tables/Class Skillz.txt	120	3	
maw-c5587338d1fa	untranslated	table	Skill119			Data/Tables/Class Skillz.txt	121	3	
maw-255a5068bfec	untranslated	table	Skill120			Data/Tables/Class Skillz.txt	122	3	
maw-0c9dc25df250	untranslated	table	Skill121			Data/Tables/Class Skillz.txt	123	3	
maw-b19de9ee0f3d	untranslated	table	Skill122			Data/Tables/Class Skillz.txt	124	3	
maw-0f1d72beb269	untranslated	table	Skill123			Data/Tables/Class Skillz.txt	125	3	
maw-0a5a217d4167	untranslated	table	Skill124			Data/Tables/Class Skillz.txt	126	3	
maw-0dd25109262e	untranslated	table	Skill125			Data/Tables/Class Skillz.txt	127	3	
maw-ec6585a0e04b	untranslated	table	Skill126			Data/Tables/Class Skillz.txt	128	3	
maw-662132b1b0d3	untranslated	table	Skill127			Data/Tables/Class Skillz.txt	129	3	
maw-05eae50c0daa	untranslated	table	Skill39			Data/Tables/Class Skillz.txt	41	3	
maw-4e629a93fb49	untranslated	table	Skill40			Data/Tables/Class Skillz.txt	42	3	
maw-b50f8b9d26d8	untranslated	table	Skill41			Data/Tables/Class Skillz.txt	43	3	
maw-2b06429e6bdf	untranslated	table	Skill42			Data/Tables/Class Skillz.txt	44	3	
maw-5e0945ffd636	untranslated	table	Skill43			Data/Tables/Class Skillz.txt	45	3	
maw-b616d8f5401b	untranslated	table	Skill44			Data/Tables/Class Skillz.txt	46	3	
maw-86590f3ff056	untranslated	table	Skill45			Data/Tables/Class Skillz.txt	47	3	
maw-b66d63df1cc4	untranslated	table	Skill46			Data/Tables/Class Skillz.txt	48	3	
maw-3010311066d2	untranslated	table	Skill47			Data/Tables/Class Skillz.txt	49	3	
maw-31671a79592a	untranslated	table	Skill48			Data/Tables/Class Skillz.txt	50	3	
maw-b5d109dcbc63	untranslated	table	Skill49			Data/Tables/Class Skillz.txt	51	3	
maw-aa85d88f0eb7	untranslated	table	Skill50			Data/Tables/Class Skillz.txt	52	3	
maw-94b3b505cf38	untranslated	table	Skill51			Data/Tables/Class Skillz.txt	53	3	
maw-216d8af9ef51	untranslated	table	Skill52			Data/Tables/Class Skillz.txt	54	3	
maw-2de65ea67087	untranslated	table	Skill53			Data/Tables/Class Skillz.txt	55	3	
maw-875a47890510	untranslated	table	Skill54			Data/Tables/Class Skillz.txt	56	3	
maw-a1962ba79868	untranslated	table	Skill55			Data/Tables/Class Skillz.txt	57	3	
maw-5876a4b61165	untranslated	table	Skill56			Data/Tables/Class Skillz.txt	58	3	
maw-77d76021b652	untranslated	table	Skill57			Data/Tables/Class Skillz.txt	59	3	
maw-70f5229ab1e9	untranslated	table	Skill58			Data/Tables/Class Skillz.txt	60	3	
maw-840896407608	untranslated	table	Skill59			Data/Tables/Class Skillz.txt	61	3	
maw-80dd251b6e4b	untranslated	table	Skill60			Data/Tables/Class Skillz.txt	62	3	
maw-ab4a72f16069	untranslated	table	Skill61			Data/Tables/Class Skillz.txt	63	3	
maw-eb6d27d953ac	untranslated	table	Skill62			Data/Tables/Class Skillz.txt	64	3	
maw-50bc958c9d56	untranslated	table	Skill63			Data/Tables/Class Skillz.txt	65	3	
maw-e06264673c07	untranslated	table	Skill64			Data/Tables/Class Skillz.txt	66	3	
maw-580a6f3c42be	untranslated	table	Skill65			Data/Tables/Class Skillz.txt	67	3	
maw-f8659fb8c006	untranslated	table	Skill66			Data/Tables/Class Skillz.txt	68	3	
maw-cee8e89411c5	untranslated	table	Skill67			Data/Tables/Class Skillz.txt	69	3	
maw-fbe2449b3aab	untranslated	table	Skill68			Data/Tables/Class Skillz.txt	70	3	
maw-78d40fb1cb01	untranslated	table	Skill69			Data/Tables/Class Skillz.txt	71	3	
maw-ec92a466e7a6	untranslated	table	Skill70			Data/Tables/Class Skillz.txt	72	3	
maw-56e8f47d61b2	untranslated	table	Skill71			Data/Tables/Class Skillz.txt	73	3	
maw-9834b6ec71be	untranslated	table	Skill72			Data/Tables/Class Skillz.txt	74	3	
maw-88fab6c2fe46	untranslated	table	Skill73			Data/Tables/Class Skillz.txt	75	3	
maw-5e540aba1ccc	untranslated	table	Skill74			Data/Tables/Class Skillz.txt	76	3	
maw-4b14319707e0	untranslated	table	Skill75			Data/Tables/Class Skillz.txt	77	3	
maw-341be291e70f	untranslated	table	Skill76			Data/Tables/Class Skillz.txt	78	3	
maw-1e07005faaad	untranslated	table	Skill77			Data/Tables/Class Skillz.txt	79	3	
maw-5ad2b042ce9b	untranslated	table	Skill78			Data/Tables/Class Skillz.txt	80	3	
maw-4f123595409c	untranslated	table	Skill79			Data/Tables/Class Skillz.txt	81	3	
maw-1a5b393177e0	untranslated	table	Skill80			Data/Tables/Class Skillz.txt	82	3	
maw-0320bdbeacb1	untranslated	table	Skill81			Data/Tables/Class Skillz.txt	83	3	
maw-421bacf94241	untranslated	table	Skill82			Data/Tables/Class Skillz.txt	84	3	
maw-eb6903e73323	untranslated	table	Skill83			Data/Tables/Class Skillz.txt	85	3	
maw-d378e9ca7b33	untranslated	table	Skill84			Data/Tables/Class Skillz.txt	86	3	
maw-97ec4b684c8f	untranslated	table	Skill85			Data/Tables/Class Skillz.txt	87	3	
maw-631d36da3905	untranslated	table	Skill86			Data/Tables/Class Skillz.txt	88	3	
maw-20254e5c2ef6	untranslated	table	Skill87			Data/Tables/Class Skillz.txt	89	3	
maw-5865624aad26	untranslated	table	Skill88			Data/Tables/Class Skillz.txt	90	3	
maw-5e3b441fe778	untranslated	table	Skill89			Data/Tables/Class Skillz.txt	91	3	
maw-c18bb2144219	untranslated	table	Skill90			Data/Tables/Class Skillz.txt	92	3	
maw-f557e0204d04	untranslated	table	Skill91			Data/Tables/Class Skillz.txt	93	3	
maw-d1981150c8df	untranslated	table	Skill92			Data/Tables/Class Skillz.txt	94	3	
maw-19b4618d7b22	untranslated	table	Skill93			Data/Tables/Class Skillz.txt	95	3	
maw-29a055cf41af	untranslated	table	Skill94			Data/Tables/Class Skillz.txt	96	3	
maw-d46725cf6a29	untranslated	table	Skill95			Data/Tables/Class Skillz.txt	97	3	
maw-f12776d38c5c	untranslated	table	Skill96			Data/Tables/Class Skillz.txt	98	3	
maw-8a9f0aab34e0	untranslated	table	Skill97			Data/Tables/Class Skillz.txt	99	3	
maw-5696ba961b32	untranslated	table	Skill98			Data/Tables/Class Skillz.txt	100	3	
maw-f6155f1a324b	untranslated	table	Skill99			Data/Tables/Class Skillz.txt	101	3	
maw-bdb525090eeb	untranslated	table	Skull			Data/Tables/ObjList.txt	258	1	
maw-fc74a43c9214	untranslated	table	small pile of coins			Data/Tables/ObjList.txt	85	1	
maw-b4bdb302f43a	untranslated	table	Small Shield			Data/Tables/ObjList.txt	26	2	
maw-8d3a9c536f21	untranslated	table	small shield			Data/Tables/ObjList.txt	328	1	
maw-2081d06ecb8f	untranslated	table	Sniper			Data/Tables/Class Extra.txt	5	4	
maw-d638731822ad	untranslated	table	Sorcerer			Data/Tables/Class Extra.txt	44	7	
maw-566651565cf0	untranslated	table	Souldrinker			Data/Tables/ObjList.txt	526	2	
maw-971d4dd1e43e	untranslated	table	Sovereign Belt			Data/Tables/Complex item pictures.txt	118	1	
maw-45bfc012fbf8	untranslated	table	Sparks			Data/Tables/ObjList.txt	455	2	
maw-d958b97b6180	untranslated	table	SparkX			Data/Tables/ObjList.txt	585	1	
maw-221835a1d6ee	untranslated	table	SPBase			Data/Tables/Class HP SP.txt	1	1	
maw-2bcb85de00bf	untranslated	table	Spear			Data/Tables/Class Skills.txt	6	8	
maw-bcf9bdc3fcc9	untranslated	table	Spellbook			Data/Tables/ObjList.txt	80	2	
maw-73d35d2b2d23	untranslated	table	Spellbook shops			Data/Tables/House rules.txt	277	1	
maw-da6ce7c841de	untranslated	table	SPFactor			Data/Tables/Class HP SP.txt	1	1	
maw-fe1e1fc9352b	untranslated	table	Spirit			Data/Tables/Class Skills.txt	18	7	
maw-91749fb7b327	untranslated	table	Spirit Lash			Data/Tables/ObjList.txt	486	2	
maw-76ce312eb031	untranslated	table	Splash			Data/Tables/ObjList.txt	437	1	
maw-dcf0d03a5d20	untranslated	table	Splendid Plate Armor			Data/Tables/Complex item pictures.txt	33	1	
maw-c37fc337107d	untranslated	table	SPStats			Data/Tables/Class HP SP.txt	1	1	
maw-4f2cd90c98b4	untranslated	table	Stables			Data/Tables/House rules.txt	285	1	
maw-a4730a22cf49	untranslated	table	Staff			Data/Tables/Class Skills.txt	2	8	
maw-e074fdbe14b9	untranslated	table	Stalt-laced ore			Data/Tables/ObjList.txt	138	1	
maw-e52171fb233d	untranslated	table	Starburst			Data/Tables/ObjList.txt	461	2	
maw-48e8fcd1cf1c	untranslated	table	StartBurst			Data/Tables/ObjList.txt	573	1	
maw-67dd0342f4dd	untranslated	table	StaticCharge			Data/Tables/ObjList.txt	572	1	
maw-aa7a85b54dc9	untranslated	table	Statuette			Data/Tables/ObjList.txt	249	3	
maw-1b756539b50b	untranslated	table	Stealing			Data/Tables/Class Skills.txt	38	6	
maw-93ec8584ad9d	untranslated	table	Steel Belt			Data/Tables/Complex item pictures.txt	104	1	
maw-648f75a5745e	untranslated	table	Steel Boots			Data/Tables/Complex item pictures.txt	136	1	
maw-51d96bff265d	untranslated	table	Steel Chain Mail			Data/Tables/Complex item pictures.txt	46	1	
maw-1d5deee3127f	untranslated	table	Steel Chainmail			Data/Tables/Complex item pictures.txt	9	1	
maw-36ba08f75f70	untranslated	table	Steel Helm			Data/Tables/Complex item pictures.txt	87	1	
maw-99528524594b	untranslated	table	Steel Plate Armor			Data/Tables/Complex item pictures.txt	51	1	
maw-b455ecf98690	untranslated	table	Steel Plated Boots			Data/Tables/Complex item pictures.txt	128	1	
maw-45d8ebf0554f	untranslated	table	Sterling Boots			Data/Tables/Complex item pictures.txt	138	1	
maw-ac218b516cc6	untranslated	table	Stone Skin			Data/Tables/Potion settings.txt	16	2	
maw-ac5c18bf2c9d	untranslated	table	Stone to Flesh			Data/Tables/Potion settings.txt	21	2	
maw-57b20558ab72	untranslated	table	Strong Belt			Data/Tables/Complex item pictures.txt	109	1	
maw-4794a167e643	untranslated	table	Studded Leather			Data/Tables/Complex item pictures.txt	23	2	
maw-aec2a79d85c4	untranslated	table	Sturdy Belt			Data/Tables/Complex item pictures.txt	102	1	
maw-2d62df25edf8	untranslated	table	Sulfur			Data/Tables/ObjList.txt	49	2	
maw-6e253f9f8590	untranslated	table	Summon Wisp			Data/Tables/Spells2.txt	84	1	
maw-6db89e17783d	untranslated	table	Sun Cloak			Data/Tables/Complex item pictures.txt	157	1	
maw-fc9d7aefa302	untranslated	table	Sunray			Data/Tables/ObjList.txt	513	2	
maw-ac9974d222df	untranslated	table	Sunstone			Data/Tables/Potion settings.txt	79	2	
maw-6c3a2d90b1d2	untranslated	table	Supreme Plate			Data/Tables/Complex item pictures.txt	20	1	
maw-b5ac001e6af3	untranslated	table	Swiftness			Data/Tables/Potion settings.txt	26	1	
maw-4a126f4379ee	untranslated	table	Sword			Data/Tables/Class Skills.txt	3	6	
maw-aeac811b1ea0	untranslated	table	Taledon's Helm			Data/Tables/Complex item pictures.txt	81	1	
maw-9ff16f8a4774	untranslated	table	Tapestry			Data/Tables/ObjList.txt	301	1	
maw-04ef7ee791d6	untranslated	table	Telekinesis			Data/Tables/Spells2.txt	44	1	
maw-61560bda6791	untranslated	table	Telepathy			Data/Tables/ObjList.txt	488	2	
maw-33d5667cd57f	untranslated	table	Temporary			Data/Tables/ObjList.txt	1	1	
maw-60f7bc77f23a	untranslated	table	The Third Eye			Data/Tables/Potion settings.txt	93	1	
maw-8ac2de7b4418	untranslated	table	Thief			Data/Tables/Class Extra.txt	36	6	
maw-440d2dbaba38	untranslated	table	Thigh Bone			Data/Tables/ObjList.txt	259	1	
maw-7e568787d66f	untranslated	table	Thornbark			Data/Tables/ObjList.txt	50	1	
maw-d70fc06c0756	untranslated	table	tiger statuette			Data/Tables/ObjList.txt	360	1	
maw-e03bfda07e4e	untranslated	table	Titan's Belt			Data/Tables/Complex item pictures.txt	112	1	
maw-6302fee61528	untranslated	table	Toadstool			Data/Tables/ObjList.txt	48	2	
maw-d80bed14070b	untranslated	table	Tobersk Brandy			Data/Tables/ObjList.txt	118	1	
maw-038e7d23a417	untranslated	table	Tobersk Fruit			Data/Tables/ObjList.txt	116	1	
maw-65bde0d78d69	untranslated	table	Tobersk Pulp			Data/Tables/ObjList.txt	117	1	
maw-e3ac14d752cf	untranslated	table	Topaz			Data/Tables/ObjList.txt	149	3	
maw-98607d72fd64	untranslated	table	Torch Light			Data/Tables/Spells2.txt	3	1	
maw-fe7536e1b8ce	untranslated	table	Tower at start			Data/Tables/House rules.txt	373	1	
maw-18827ae4eba5	untranslated	table	Tower to win			Data/Tables/House rules.txt	373	1	
maw-aecc8f9ba0ab	untranslated	table	Town Portal			Data/Tables/Spells2.txt	33	1	
maw-a667fae512b6	untranslated	table	Toxic Cloud			Data/Tables/ObjList.txt	515	2	
maw-69eb7539cce2	untranslated	table	ToxicX			Data/Tables/ObjList.txt	559	1	
maw-104340403687	untranslated	table	TrailFire			Data/Tables/ObjList.txt	1	1	
maw-0ceda1bd1852	untranslated	table	TrailLine			Data/Tables/ObjList.txt	1	1	
maw-a2a38a36f95b	untranslated	table	TrailParticles			Data/Tables/ObjList.txt	1	1	
maw-df7caeb45c32	untranslated	table	Training halls			Data/Tables/House rules.txt	343	1	
maw-7126782fedae	untranslated	table	Transcendence			Data/Tables/Potion settings.txt	41	1	
maw-70f4b939cc70	untranslated	table	Traveler's Cloak			Data/Tables/Complex item pictures.txt	144	1	
maw-c72d09058389	untranslated	table	Travelers' Boon			Data/Tables/Spells2.txt	103	1	
maw-d4d3e6155634	untranslated	table	Traveller's Hat			Data/Tables/Complex item pictures.txt	76	1	
maw-323f99b9a56b	untranslated	table	Trident			Data/Tables/ObjList.txt	13	2	
maw-a21d79cdae32	untranslated	table	Troll			Data/Tables/Class Extra.txt	40	6	
maw-e27cacc245be	untranslated	table	Troll (4)			Data/Tables/Class Starting Stats.txt	1	1	
maw-63698c13be6a	untranslated	table	Troll - Archer			Data/Tables/Race Skills.txt	1	1	
maw-f8824aa55a2a	untranslated	table	Troll - Cleric			Data/Tables/Race Skills.txt	1	1	
maw-bc7321680f08	untranslated	table	Troll - Dark Elf			Data/Tables/Race Skills.txt	1	1	
maw-67f858c40e7d	untranslated	table	Troll - Death Knight			Data/Tables/Race Skills.txt	1	1	
maw-c8328e9fc893	untranslated	table	Troll - Dragon			Data/Tables/Race Skills.txt	1	1	
maw-6e7c61fa2fdb	untranslated	table	Troll - Druid			Data/Tables/Race Skills.txt	1	1	
maw-22a685bb81a8	untranslated	table	Troll - Knight			Data/Tables/Race Skills.txt	1	1	
maw-b6d635a22eb9	untranslated	table	Troll - Minotaur			Data/Tables/Race Skills.txt	1	1	
maw-90646fd2672d	untranslated	table	Troll - Monk			Data/Tables/Race Skills.txt	1	1	
maw-0ee996e98704	untranslated	table	Troll - Necromancer			Data/Tables/Race Skills.txt	1	1	
maw-3571f0cb8fbd	untranslated	table	Troll - Paladin			Data/Tables/Race Skills.txt	1	1	
maw-2a31695be2d1	untranslated	table	Troll - Peasant			Data/Tables/Race Skills.txt	1	1	
maw-eff1901728f9	untranslated	table	Troll - Ranger			Data/Tables/Race Skills.txt	1	1	
maw-1317844be0c0	untranslated	table	Troll - Seraphim			Data/Tables/Race Skills.txt	1	1	
maw-5075c26ef70f	untranslated	table	Troll - Shaman			Data/Tables/Race Skills.txt	1	1	
maw-469114286d9e	untranslated	table	Troll - Sorcerer			Data/Tables/Race Skills.txt	1	1	
maw-2ed6ef8b1011	untranslated	table	Troll - Thief			Data/Tables/Race Skills.txt	1	1	
maw-7b15660974be	untranslated	table	Troll - Troll			Data/Tables/Race Skills.txt	1	1	
maw-f35a0a69091c	untranslated	table	Troll - Vampire			Data/Tables/Race Skills.txt	1	1	
maw-d22a5fc2e3ac	untranslated	table	Troll(4)			Data/Tables/Race Skills.txt	1	2	
maw-e0b482869796	untranslated	table	Turn Undead			Data/Tables/Spells2.txt	50	1	
maw-6caad4cda78d	untranslated	table	Twilight			Data/Tables/Complex item pictures.txt	155	2	
maw-a3228bd4fe4f	untranslated	table	Two handed axe			Data/Tables/ObjList.txt	10	2	
maw-2e90b6e246bf	untranslated	table	two-handed axe			Data/Tables/ObjList.txt	312	1	
maw-a6c64e48f446	untranslated	table	two-handed sword			Data/Tables/ObjList.txt	306	1	
maw-13fa7ac5a6cd	untranslated	table	Ultimate Boots			Data/Tables/Complex item pictures.txt	139	1	
maw-9276105c7f4a	untranslated	table	Unarmed			Data/Tables/Class Skills.txt	35	7	
maw-353aa5505a5b	untranslated	table	Undead (6)			Data/Tables/Class Starting Stats.txt	1	1	
maw-7ba70a6e2ba0	untranslated	table	Undead - Archer			Data/Tables/Race Skills.txt	1	1	
maw-0b24d5a76fd7	untranslated	table	Undead - Cleric			Data/Tables/Race Skills.txt	1	1	
maw-11c82277b488	untranslated	table	Undead - Dark Elf			Data/Tables/Race Skills.txt	1	1	
maw-80b23b123d74	untranslated	table	Undead - Death Knight			Data/Tables/Race Skills.txt	1	1	
maw-cfab6f0a3584	untranslated	table	Undead - Dragon			Data/Tables/Race Skills.txt	1	1	
maw-269b1cafcbb8	untranslated	table	Undead - Druid			Data/Tables/Race Skills.txt	1	1	
maw-8202effac850	untranslated	table	Undead - Knight			Data/Tables/Race Skills.txt	1	1	
maw-1c2a8651f961	untranslated	table	Undead - Minotaur			Data/Tables/Race Skills.txt	1	1	
maw-14dea2267f1e	untranslated	table	Undead - Monk			Data/Tables/Race Skills.txt	1	1	
maw-0d2fdf77bc39	untranslated	table	Undead - Necromancer			Data/Tables/Race Skills.txt	1	1	
maw-6fcc0be14b63	untranslated	table	Undead - Paladin			Data/Tables/Race Skills.txt	1	1	
maw-863f0bf8cd8f	untranslated	table	Undead - Peasant			Data/Tables/Race Skills.txt	1	1	
maw-354ed614e6c8	untranslated	table	Undead - Ranger			Data/Tables/Race Skills.txt	1	1	
maw-b5ffad8cda0d	untranslated	table	Undead - Seraphim			Data/Tables/Race Skills.txt	1	1	
maw-d1a157e38b1d	untranslated	table	Undead - Shaman			Data/Tables/Race Skills.txt	1	1	
maw-3e6748b12a52	untranslated	table	Undead - Sorcerer			Data/Tables/Race Skills.txt	1	1	
maw-6b9196c58d73	untranslated	table	Undead - Thief			Data/Tables/Race Skills.txt	1	1	
maw-aa3862d0763a	untranslated	table	Undead - Troll			Data/Tables/Race Skills.txt	1	1	
maw-a3221c60b4aa	untranslated	table	Undead - Vampire			Data/Tables/Race Skills.txt	1	1	
maw-82269c9743ac	untranslated	table	Undead(6)			Data/Tables/Race Skills.txt	1	2	
maw-0b16ebc9e384	untranslated	table	Unicorn Horn			Data/Tables/ObjList.txt	52	1	
maw-32363366360c	untranslated	table	Untouchable			Data/Tables/ObjList.txt	1	1	
maw-94d64093c71c	untranslated	table	Unused!!!			Data/Tables/Spells2.txt	106	21	
maw-aa9ed02224d1	untranslated	table	Urn of Ashes			Data/Tables/ObjList.txt	89	1	
maw-af46aa8212c0	untranslated	table	Usable			Data/Tables/Potion settings.txt	1	1	
maw-729c85d6be47	untranslated	table	Vampire			Data/Tables/Class Extra.txt	42	6	
maw-7100876fdb28	untranslated	table	Vampire (1)			Data/Tables/Class Starting Stats.txt	1	1	
maw-81efaa491274	untranslated	table	Vampire - Archer			Data/Tables/Race Skills.txt	1	1	
maw-8640d1057bbe	untranslated	table	Vampire - Cleric			Data/Tables/Race Skills.txt	1	1	
maw-77fa39188cc6	untranslated	table	Vampire - Dark Elf			Data/Tables/Race Skills.txt	1	1	
maw-d25d34969ba4	untranslated	table	Vampire - Death Knight			Data/Tables/Race Skills.txt	1	1	
maw-968392063bde	untranslated	table	Vampire - Dragon			Data/Tables/Race Skills.txt	1	1	
maw-8c1595cd5944	untranslated	table	Vampire - Druid			Data/Tables/Race Skills.txt	1	1	
maw-ee14cd89cde1	untranslated	table	Vampire - Knight			Data/Tables/Race Skills.txt	1	1	
maw-5ffc6f21f597	untranslated	table	Vampire - Minotaur			Data/Tables/Race Skills.txt	1	1	
maw-18fafc79ebc6	untranslated	table	Vampire - Monk			Data/Tables/Race Skills.txt	1	1	
maw-aafd2523a456	untranslated	table	Vampire - Necromancer			Data/Tables/Race Skills.txt	1	1	
maw-35a58bf63e82	untranslated	table	Vampire - Paladin			Data/Tables/Race Skills.txt	1	1	
maw-df9e060e33ef	untranslated	table	Vampire - Peasant			Data/Tables/Race Skills.txt	1	1	
maw-44730e95f35e	untranslated	table	Vampire - Ranger			Data/Tables/Race Skills.txt	1	1	
maw-a0b8db6ada6b	untranslated	table	Vampire - Seraphim			Data/Tables/Race Skills.txt	1	1	
maw-76d04f80b3c4	untranslated	table	Vampire - Shaman			Data/Tables/Race Skills.txt	1	1	
maw-649c67dfa763	untranslated	table	Vampire - Sorcerer			Data/Tables/Race Skills.txt	1	1	
maw-85389be924bc	untranslated	table	Vampire - Thief			Data/Tables/Race Skills.txt	1	1	
maw-a5b96d9605c9	untranslated	table	Vampire - Troll			Data/Tables/Race Skills.txt	1	1	
maw-cf14b8b56de4	untranslated	table	Vampire - Vampire			Data/Tables/Race Skills.txt	1	1	
maw-7a3083536fce	untranslated	table	Vampire Charm			Data/Tables/ObjList.txt	534	1	
maw-4109d8aec0cc	untranslated	table	Vampire Cloak			Data/Tables/Complex item pictures.txt	148	1	
maw-13f16ea8a65d	untranslated	table	Vampire's Cape			Data/Tables/Complex item pictures.txt	159	1	
maw-96b831e2d31a	untranslated	table	Vampire(1)			Data/Tables/Race Skills.txt	1	2	
maw-2c80353be105	untranslated	table	VampireAbility			Data/Tables/Class Skills.txt	24	6	
maw-32374dffa367	untranslated	table	Vampiric Weapon			Data/Tables/Spells2.txt	93	1	
maw-853290b9562c	untranslated	table	Vanguard Belt			Data/Tables/Complex item pictures.txt	116	1	
maw-d9c2fc4ab204	untranslated	table	Vial of Devil Ichor			Data/Tables/ObjList.txt	205	1	
maw-7ccaa6dc33cf	untranslated	table	Vial of Grave Earth			Data/Tables/ObjList.txt	100	1	
maw-8c1c8cffdfc0	untranslated	table	Vial of Ooze endoplasm			Data/Tables/ObjList.txt	207	1	
maw-4f274a99dbc9	untranslated	table	Vial of Troll's Blood			Data/Tables/ObjList.txt	195	1	
maw-d190fa8f5c26	untranslated	table	Villain			Data/Tables/Class Extra.txt	31	4	
maw-dc65d29f3233	untranslated	table	Walking Boots			Data/Tables/Complex item pictures.txt	121	1	
maw-c75b0d16c845	untranslated	table	Wall at start			Data/Tables/House rules.txt	373	1	
maw-6b30dc5ddb8f	untranslated	table	war hammer			Data/Tables/ObjList.txt	319	1	
maw-6d44366d89de	untranslated	table	War Troll			Data/Tables/Class Extra.txt	41	1	
maw-063f342393d9	untranslated	table	Warlock			Data/Tables/Class Extra.txt	16	4	
maw-19b65b93d1e7	untranslated	table	Warlord Belt			Data/Tables/Complex item pictures.txt	117	1	
maw-24112a2d949e	untranslated	table	Warrior Mage			Data/Tables/Class Extra.txt	3	1	
maw-00ffcb9a7047	untranslated	table	WarriorMage			Data/Tables/Class HP SP.txt	3	5	
maw-4c8f0979e81f	untranslated	table	WarTroll			Data/Tables/Class HP SP.txt	41	3	
maw-9a109c08574e	untranslated	table	Wasp Stingers			Data/Tables/ObjList.txt	125	1	
maw-f58b1ce02c6a	untranslated	table	Wasp Wing			Data/Tables/ObjList.txt	55	1	
maw-de9b1be49dae	untranslated	table	Water			Data/Tables/Class Skills.txt	16	8	
maw-f1ac1f265fec	untranslated	table	Water Breathing			Data/Tables/Potion settings.txt	17	1	
maw-3240fea8e7a7	untranslated	table	Water Walk			Data/Tables/Spells2.txt	29	1	
maw-08ff8cc125cc	untranslated	table	Wealthy Hat			Data/Tables/ObjList.txt	263	1	
maw-13c6b4eaab69	untranslated	table	Weapon shops Special			Data/Tables/House rules.txt	38	1	
maw-a8877d9bc90b	untranslated	table	Weapon shops Standart			Data/Tables/House rules.txt	2	1	
maw-cef58f064fb5	untranslated	table	Wet Suit			Data/Tables/ObjList.txt	288	1	
maw-447689c89c97	untranslated	table	WetS_			Data/Tables/Character portraits.txt	32	1	
maw-20be328274ca	untranslated	table	Wetsuit			Data/Tables/Character portraits.txt	32	3	
maw-c3742af051fc	untranslated	table	Wheel of Frelandeau			Data/Tables/ObjList.txt	129	1	
maw-c58ace9c2bc7	untranslated	table	white pearl			Data/Tables/ObjList.txt	369	1	
maw-7e811845aca5	untranslated	table	White Potion			Data/Tables/ObjList.txt	60	2	
maw-4a5a68baf599	untranslated	table	Widowsweep Berries			Data/Tables/ObjList.txt	38	2	
maw-37b751f4b522	untranslated	table	Will O' Wisp Heart			Data/Tables/ObjList.txt	83	1	
maw-c5bf5d97d02e	untranslated	table	Wing Buffet			Data/Tables/Spells2.txt	127	1	
maw-3f91372b413a	untranslated	table	Winged Sandals			Data/Tables/Complex item pictures.txt	134	2	
maw-27966a85d012	untranslated	table	Wisdom Boost			Data/Tables/Potion settings.txt	23	1	
maw-dbc2c735efee	untranslated	table	Wisp wrappings			Data/Tables/ObjList.txt	417	1	
maw-127a661b8e2a	untranslated	table	Wizard			Data/Tables/Class Extra.txt	45	4	
maw-9f0cdec0bdb3	untranslated	table	Wizard Cap			Data/Tables/Complex item pictures.txt	93	1	
maw-366d60651bf9	untranslated	table	Wizard Eye			Data/Tables/Spells2.txt	14	1	
maw-b2ab47d177bc	untranslated	table	wolf statuette			Data/Tables/ObjList.txt	362	1	
maw-15c22a081147	untranslated	table	Wolf's Eye			Data/Tables/ObjList.txt	44	1	
maw-8c905847f6e8	untranslated	table	Wooden Helm			Data/Tables/Complex item pictures.txt	86	1	
maw-666f939d36fd	untranslated	table	Wreath Crown			Data/Tables/Complex item pictures.txt	94	1	
maw-bd77b251ebaa	untranslated	table	Wyvern Horn			Data/Tables/ObjList.txt	114	1	
maw-3466da46b205	untranslated	table	Wyvern Leather Belt			Data/Tables/Complex item pictures.txt	103	1	
maw-7e0fb1e0abd3	untranslated	table	Yellow and Green Potion			Data/Tables/ObjList.txt	74	2	
maw-767060bd44cd	untranslated	table	Yellow and Orange Potion			Data/Tables/ObjList.txt	72	2	
maw-d9429e124cfb	untranslated	table	Yellow and Purple Potion			Data/Tables/ObjList.txt	73	2	
maw-4b040fd24579	untranslated	table	Yellow Potion			Data/Tables/ObjList.txt	59	2	
maw-e5a54e6915f5	untranslated	table	Yoruba			Data/Tables/Complex item pictures.txt	36	1	
maw-814889f831ed	untranslated	table	Zircon			Data/Tables/ObjList.txt	144	1	
maw-6cc78ff1902f	untranslated	table	ZMin-			Data/Tables/Character portraits.txt	72	1	
maw-5d3a349ec985	untranslated	table	ZMinbod			Data/Tables/Character portraits.txt	72	1	
maw-25733a989995	untranslated	table	ZMinLhd			Data/Tables/Character portraits.txt	72	1	
maw-11da181aeb9e	untranslated	table	ZMinlho			Data/Tables/Character portraits.txt	72	1	
maw-488b6e212fbd	untranslated	table	ZMinlhu			Data/Tables/Character portraits.txt	72	2	
maw-22d6782cd56e	untranslated	table	ZMinrhb			Data/Tables/Character portraits.txt	72	1	
maw-972489b6cb43	untranslated	table	ZMinrhd			Data/Tables/Character portraits.txt	72	1	
maw-253c32d7e751	untranslated	table	ZMinrhu			Data/Tables/Character portraits.txt	72	1	
maw-5524d48785b4	untranslated	table	Zombie (10)			Data/Tables/Class Starting Stats.txt	1	1	
maw-e8878a85848e	untranslated	table	Zombie - Archer			Data/Tables/Race Skills.txt	1	1	
maw-f2b11eb2eb5f	untranslated	table	Zombie - Cleric			Data/Tables/Race Skills.txt	1	1	
maw-9db8779c2ed2	untranslated	table	Zombie - Dark Elf			Data/Tables/Race Skills.txt	1	1	
maw-4f78df648610	untranslated	table	Zombie - Death Knight			Data/Tables/Race Skills.txt	1	1	
maw-1671433e8758	untranslated	table	Zombie - Dragon			Data/Tables/Race Skills.txt	1	1	
maw-fa126f0076b2	untranslated	table	Zombie - Druid			Data/Tables/Race Skills.txt	1	1	
maw-f66b31a34376	untranslated	table	Zombie - Knight			Data/Tables/Race Skills.txt	1	1	
maw-34b6c6e305e9	untranslated	table	Zombie - Minotaur			Data/Tables/Race Skills.txt	1	1	
maw-33592a4867a7	untranslated	table	Zombie - Monk			Data/Tables/Race Skills.txt	1	1	
maw-415990bae96b	untranslated	table	Zombie - Necromancer			Data/Tables/Race Skills.txt	1	1	
maw-7a343bd616f8	untranslated	table	Zombie - Paladin			Data/Tables/Race Skills.txt	1	1	
maw-7c982217b488	untranslated	table	Zombie - Peasant			Data/Tables/Race Skills.txt	1	1	
maw-1186cceab6e1	untranslated	table	Zombie - Ranger			Data/Tables/Race Skills.txt	1	1	
maw-7a38f9cceb4a	untranslated	table	Zombie - Seraphim			Data/Tables/Race Skills.txt	1	1	
maw-7ffe4874a093	untranslated	table	Zombie - Shaman			Data/Tables/Race Skills.txt	1	1	
maw-da4aba00d075	untranslated	table	Zombie - Sorcerer			Data/Tables/Race Skills.txt	1	1	
maw-2a3491a7aba9	untranslated	table	Zombie - Thief			Data/Tables/Race Skills.txt	1	1	
maw-90ed22906a43	untranslated	table	Zombie - Troll			Data/Tables/Race Skills.txt	1	1	
maw-f20de7947cc4	untranslated	table	Zombie - Vampire			Data/Tables/Race Skills.txt	1	1	
maw-262bebfe470f	untranslated	table	Zombie F (conditional portrait)			Data/Tables/Character portraits.txt	62	1	
maw-6351d3abd7e9	untranslated	table	Zombie M (conditional portrait)			Data/Tables/Character portraits.txt	61	1	
maw-0bdf28638a65	untranslated	table	Zombie Troll 1			Data/Tables/Character portraits.txt	78	1	
maw-addb02e7a811	untranslated	table	Zombie(10)			Data/Tables/Race Skills.txt	1	2	
maw-80dc19c8fa35	untranslated	tooltip	"

Can benefit only if experience gained this way is less than 25% of base experience and level gained are less than 50
Current amount: "		% o	Scripts/General/zzAlchemy.lua	449	1	
maw-c4d4148a3add	untranslated	tooltip	"

Control Spell duration is reduced by monster resistances but increased by Ascension; Recovery time is reduced by Spell Skill. Duration shown is against "			Scripts/General/zzMaw-Spells.lua	2301	1	
maw-da6128e46ead	untranslated	tooltip	"

Expert has 1 hour limit per skill point, Master has 1 day per skill point, Grand has not time limit."			Scripts/General/zzMaw-Spells.lua	713	1	
maw-a666f8a2a848	untranslated	tooltip	"

Health Reserved: "			Scripts/General/zzMaw-Spells.lua	2252	2	
maw-b16cac477df4	untranslated	tooltip	"

Increases Charges by "			Scripts/General/zzAlchemy.lua	745	1	
maw-f82ab8f8a68d	untranslated	tooltip	"

Mana Reserved: "			Scripts/General/zzMaw-Spells.lua	2254	2	
maw-f45cfae365c4	untranslated	tooltip	"

Press alt to show recipe list"			Scripts/General/zzAlchemy.lua	464	1	
maw-e886c82c9925	untranslated	tooltip	"

Recovery time: "			Scripts/General/zzMaw-Spells.lua	2297	4	
maw-182be7411220	untranslated	tooltip	"

This Ability requires "			Scripts/General/zzClasses.lua	2150	1	
maw-09ca3bd88609	untranslated	tooltip	"

You need at least "			Scripts/General/zzMaw-Spells.lua	3446	1	
maw-650dfcafffc2	untranslated	tooltip	"
Levels: "			Scripts/General/zzAlchemy.lua	449	1	
maw-2729c11e8541	untranslated	tooltip	"
The Celestial Orb allows the transfer of celestial essence from one item to another, preserving the divine property while freeing the original item of its blessing.

(right-click on a celestial item to extract its power charging the Celestial orb, then right-click on a non celestial item to transfer its power.)"			Scripts/General/zzAlchemy.lua	737	1	
maw-564868e32581	untranslated	tooltip	 bonus to Meditation skill for 6 hours.			Scripts/General/zzAlchemy.lua	422	1	
maw-25b1dc1d2e83	untranslated	tooltip	 Combo Points to be casted.			Scripts/General/zzClasses.lua	2150	1	
maw-a797649a8169	untranslated	tooltip	" resistance. Control duration against bosses is halved.

Recovery time: "			Scripts/General/zzMaw-Spells.lua	2301	1	
maw-b65147dd3a81	untranslated	tooltip	 skill in 			Scripts/General/zzMaw-Spells.lua	3446	1	
maw-bf2e7de97098	untranslated	tooltip	 Spell Points			Scripts/General/zzAlchemy.lua	419	2	
maw-162ac29e9a70	untranslated	tooltip	 to open the book			Scripts/General/zzMaw-Spells.lua	3446	1	
maw-cf27f2cd748c	untranslated	tooltip	% and making him unable to act for 4 seconds		% a	Scripts/General/zzClasses.lua	1421	1	
maw-af634980b8e7	untranslated	tooltip	% of current weapon damage.		% o	Scripts/General/zzClasses.lua	1376	3	
maw-389c10ec5573	untranslated	tooltip	% of the base weapon damage		% o	Scripts/General/zzClasses.lua	1428	1	
maw-23e4814d86f5	untranslated	tooltip	% of weapon damage		% o	Scripts/General/zzClasses.lua	1443	1	
maw-3e09c757f9d4	untranslated	tooltip	"%s
	070Each spear attack reduces physical resistance, increasing damage by: %s%%
Increased by 50%% with Halberds"		%s %s	Scripts/General/zzMAW-Skills.lua	1407	1	
maw-90cd40051486	untranslated	tooltip	"%s

Bonus Melee/Bow Damage: %s%s"		%s %s %s	Scripts/General/zzMaw-Stats.lua	383	1	
maw-69cf69ba3f57	untranslated	tooltip	"%s

Critical melee and bow strike damage bonus: %s%s"		%s %s %s	Scripts/General/zzMaw-Stats.lua	414	1	
maw-0620d75f6f68	untranslated	tooltip	"%s

Critical strike chance: %s%%"		%s %s	Scripts/General/zzMaw-Stats.lua	449	1	
maw-e98fcbe15ac8	untranslated	tooltip	"%s

Critical strike chance: %s%%(%s%% with dagger)"		%s %s %s	Scripts/General/zzMaw-Stats.lua	452	1	
maw-559446ad8360	untranslated	tooltip	"%s

Dodge chance: %s%%"		%s %s	Scripts/General/zzMaw-Stats.lua	424	1	
maw-d0c8b8eb718d	untranslated	tooltip	"%s

Health bonus from Endurance: %s%s

Flat HP bonus from Endurance: %s"		%s %s %s %s	Scripts/General/zzMaw-Stats.lua	408	1	
maw-bef2836ddf6b	untranslated	tooltip	A deadly spell capable to heal the caster upon hitting the target by an amount equal to double the Life leech enchant. Deals damage equal to 			Scripts/General/zzClasses.lua	1428	1	
maw-0d30277d7411	untranslated	tooltip	"A lethal explosion dealing huge damage to all monsters in the area. Can be used safely also in close combat.
Deals damage equal to "			Scripts/General/zzClasses.lua	1443	1	
maw-33a8b31d1d58	untranslated	tooltip	A poisonous cloud of noxious gases is formed in front of the caster and moves slowly away from your characters.  The cloud does %s points of damage plus 1-%s per point of skill in Dark Magic and lasts until something runs into it.		%s %s	Scripts/General/zzMaw-Spells.lua	2119	1	
maw-d78b4b317e24	untranslated	tooltip	"A special Gem that allows to increase an item Enchant Strength (right-click on an item with a base enchant to use)
Ancient, Primordial and Legendary items have increased Max power.

It is possible to upgrade 3 gems into 1 of upper tier by pressing U in the inventory page.

Max Power: "			Scripts/General/zzAlchemy.lua	716	1	
maw-851b64999a9d	untranslated	tooltip	Acid burst squirts a jet of extremely caustic acid at a single victim.  It always hits and does %s points of damage plus 1-%s per point of skill.		%s %s	Scripts/General/zzMaw-Spells.lua	2100	1	
maw-b121153d77b2	untranslated	tooltip	Acid burst squirts a jet of extremely caustic acid at a single victim.  It always hits and does %s%% of a melee attack damage.		%s	Scripts/General/zzClasses.lua	2139	1	
maw-6c7f0c62397f	untranslated	tooltip	Activating this spell imbues the knight body with blood, leeching life upon attacking at the cost of 6 spell points.			Scripts/General/zzClasses.lua	1406	1	
maw-1ed9aa5e4ee8	untranslated	tooltip	Activating this spell imbues the knight body with dark powers, empairing oppenents powers (damage halved) upon attacking 15 spell points.			Scripts/General/zzClasses.lua	1435	1	
maw-c17aef3fd2cd	untranslated	tooltip	Activating this spell imbues the knight essence with blood, leeching a superior amount of life upon attacking at the cost of 12 spell points.			Scripts/General/zzClasses.lua	1414	1	
maw-a5e7862e2014	untranslated	tooltip	Among the strongest direct damage spells available, Incinerate inflicts massive damage on a single target.  Only the strongest of monsters can expect to survive this spell.  Damage is %s points plus 1-%s per point of skill in Fire Magic.		%s %s	Scripts/General/zzMaw-Spells.lua	2093	1	
maw-1a085f2cee39	untranslated	tooltip	Asphyxiate the target deal damage equal to 			Scripts/General/zzClasses.lua	1421	1	
maw-79e5fe65b538	untranslated	tooltip	Calls stars from the heavens to smite and burn your enemies.  Twenty stars are called, and the damage for each star is %s points plus %s per point of skill in Air Magic. Try not to get caught in the blast! This spell only works outdoors.		%s %s	Scripts/General/zzMaw-Spells.lua	2097	1	
maw-c5ebafbe73a6	untranslated	tooltip	Calls upon the power of heaven to undo the evil magic that extends the lives of the undead, inflicting %s points of damage plus 1-%s per point of skill in Light Magic upon a single, unlucky target.  This spell only works on the undead.		%s %s	Scripts/General/zzMaw-Spells.lua	2116	1	
maw-de573e54df84	untranslated	tooltip	Causes 1-%s points of damage per point of skill, 5 spikes maximum		%s	Scripts/General/zzMaw-Spells.lua	2085	3	
maw-18ba1f5b2c6e	untranslated	tooltip	Causes your party weapons to burn with a magical fire, giving the weapons fire enchant, on top of any other enchants			Scripts/General/zzMaw-Spells.lua	2952	1	
maw-7d45f149038b	untranslated	tooltip	Celestial orb is charged and it's ready to grant celestial powers to any non-Artifact Equipment			Scripts/General/zzAlchemy.lua	739	1	
maw-def4e8ac8c44	untranslated	tooltip	Charges: 			Scripts/General/zzAlchemy.lua	457	1	
maw-54a2be81842c	untranslated	tooltip	"Creator's Hourglass and Eye of the void can be used to unlock new affixes, Pandora's Cube to change the Map and emerald of power to increase the map Level.
Using this map will teleport you to the entrance."			Scripts/General/zzMaw-Maps.lua	2162	1	
maw-38be6c8c98ef	untranslated	tooltip	Damage 1-%s per point of skill		%s	Scripts/General/zzMaw-Spells.lua	2127	2	
maw-55f8ebc805e6	untranslated	tooltip	Description			Scripts/General/zzClasses.lua	1354	3	
maw-6bbad1895edc	untranslated	tooltip	Directly inflicts magical damage upon a single creature.  Harm does %s points of damage plus 1-%s per point of skill in Body Magic.		%s %s	Scripts/General/zzMaw-Spells.lua	2112	1	
maw-4a3a20b808c8	untranslated	tooltip	Dragon Breath empowers the caster to exhale a cloud of toxic vapors that targets a single monster and damage all creatures nearby, doing 1-%s points of damage per point of skill in Dark Magic.		%s	Scripts/General/zzMaw-Spells.lua	2121	1	
maw-782466286030	untranslated	tooltip	Drops a Fire Spike on the ground that waits for a creature to get near it before exploding.  Fire Spikes last until you leave the map or they are triggered.			Scripts/General/zzMaw-Spells.lua	2084	1	
maw-5f2524678554	untranslated	tooltip	Drops a Fire Spike on the ground that waits for a creature to get near it before exploding.  Fire Spikes last until you leave the map or they are triggered. Fire Spike does %s%% of a melee attack damage.		%s	Scripts/General/zzClasses.lua	2136	1	
maw-a83369ab11f7	untranslated	tooltip	Enchants party weapons with the Vampiric ability.  Damage inflicted on monsters will be given to the weapon's wielder as extra hit points, up to his or her normal hit point maximum.			Scripts/General/zzMaw-Spells.lua	3087	1	
maw-fd9802058ff5	untranslated	tooltip	Fires a ball of fire at a single target. When it hits, the ball explodes damaging all those nearby, including your characters if they're too close.  Fireball does %s%% of a melee attack damage.		%s	Scripts/General/zzClasses.lua	2135	1	
maw-569e321288de	untranslated	tooltip	Fires a ball of fire at a single target. When it hits, the ball explodes damaging all those nearby, including your characters if they're too close.  Fireball does 1-%s points of damage per point of skill in Fire Magic.		%s	Scripts/General/zzMaw-Spells.lua	2082	1	
maw-cc4e12bf5bfd	untranslated	tooltip	Fires a ball of ice in the direction the caster is facing.  The ball will shatter when it hits something, launching 7 shards of ice in all directions except the caster's.  The shards will ricochet until they strike a creature or melt.  Each shard does %s points of damage plus 1-%s per point of skill in Water Magic.		%s %s	Scripts/General/zzMaw-Spells.lua	2101	1	
maw-bb3862151eb4	untranslated	tooltip	Fires a blast of hot, jagged metal in front of the caster, striking any creature that gets in the way.  Each piece inflicts 1-%s points of damage per point of skill in Dark Magic.		%s	Scripts/General/zzMaw-Spells.lua	2120	1	
maw-aeb58d1df797	untranslated	tooltip	Fires a bolt of ice at a single target.  The missile does %s + 1-%s points of damage per point of skill in Water Magic.		%s %s	Scripts/General/zzMaw-Spells.lua	2099	1	
maw-630efc832e44	untranslated	tooltip	Fires a bolt of light at a single target that does %s + 1-%s points of damage per point of skill in light magic.  Damage vs. Undead is doubled.		%s %s	Scripts/General/zzMaw-Spells.lua	2115	1	
maw-1e776e9cbd7f	untranslated	tooltip	Fires a bolt of mental force which damages a single target's nervous system.  Mind Blast does %s points of damage plus 1-%s per point of skill in Mind Magic.		%s %s	Scripts/General/zzMaw-Spells.lua	2110	1	
maw-65e8b982519d	untranslated	tooltip	"Fires a rotating, razor-thin metal blade at a single monster.  The blade does %s%% of a melee attack damage.

Blades is the only spell capable to deal Physical damage."		%s	Scripts/General/zzClasses.lua	2141	1	
maw-e5cd75207156	untranslated	tooltip	"Fires a rotating, razor-thin metal blade at a single monster.  The blade does 1-%s points of damage per point of skill in Earth Magic.

Blades is the only spell capable to deal Physical damage."		%s	Scripts/General/zzMaw-Spells.lua	2104	1	
maw-4427a655fa7e	untranslated	tooltip	Flying Fist throws a heavy magical force at a single opponent that does %s points of damage plus 1-%s per point of skill in Body Magic.		%s %s	Scripts/General/zzMaw-Spells.lua	2113	2	
maw-a31c549795f4	untranslated	tooltip	Grants 			Scripts/General/zzAlchemy.lua	422	1	
maw-0cf3c2a8447c	untranslated	tooltip	"Grants the power of flight to your characters!  This spell is very expensive and only works outdoors, but it is very useful.  Fly will drain one spell point every five minutes it is in use (i.e. when you aren't touching the ground).

At higher difficulties, with the exception of few places, attacking monsters will cancel the effect"			Scripts/General/zzMaw-Spells.lua	997	1	
maw-90c0d611d15e	untranslated	tooltip	Heals 			Scripts/General/zzAlchemy.lua	416	2	
maw-7dcf7871f711	untranslated	tooltip	"Heroism increases the damage a character does on a successful attack by 10 + 1 point per point of skill in Spirit Magic. This spell affects the entire party at once.
Lasts for 2 hours plus 1 hour per point of skill"			Scripts/General/zzMaw-Spells.lua	720	1	
maw-30dd1cb6f8b6	untranslated	tooltip	Host have closed the game			Scripts/Modules/Multiplayer/Synchronization/SaveLoadExit.lua	708	1	
maw-59e7b4f19542	untranslated	tooltip	Implosion is a nasty spell that affects a single target by destroying the air around it, causing a sudden inrush from the surrounding air, a thunderclap, and %s points plus 1-%s points of damage per point of skill in Air Magic.		%s %s	Scripts/General/zzMaw-Spells.lua	2096	1	
maw-1d74ca0611e0	untranslated	tooltip	Increases the weight of a single target enormously for an instant, causing internal damage equal to %s%% of a melee attack damage.		%s	Scripts/General/zzClasses.lua	2142	1	
maw-4f74c73b7424	untranslated	tooltip	Increases the weight of a single target enormously for an instant, causing internal damage equal to 15%% of the monster's hit points plus another 0.5%% per point of skill in Earth Magic. The bigger they are, the harder they fall.			Scripts/General/zzMaw-Spells.lua	2108	1	
maw-9b022a378fd2	untranslated	tooltip	Inferno burns all monsters in sight when cast, excluding your characters.  One or two castings can clear out a room of weak or moderately powerful creatures. Each monster takes %s points of damage plus %s per point of skill in Fire Magic.  This spell only works indoors.		%s %s	Scripts/General/zzMaw-Spells.lua	2092	1	
maw-de68a13a192f	untranslated	tooltip	Inflicts %s points of damage plus %s per point of skill in Light Magic on all creatures in sight.  This spell can only be cast indoors.		%s %s	Scripts/General/zzMaw-Spells.lua	2117	1	
maw-01bf2ed139ac	untranslated	tooltip	Launches a burst of fire at a single target.  Damage is %s+1-%s points of damage per point of skill in Fire Magic.   Firebolt is safe, effective and has a low casting cost.		%s %s	Scripts/General/zzMaw-Spells.lua	2081	1	
maw-01a32f6089bb	untranslated	tooltip	Launches a magical stone which bursts in air, sending shards of explosive earth raining to the ground.  The damage is 1-%s per point of skill in Earth Magic for each shard.  This spell can only be used outdoors.		%s	Scripts/General/zzMaw-Spells.lua	2106	1	
maw-d23f39ab8394	untranslated	tooltip	Lifedrain allows the vampire to damage his or her target and simultaneously heal based on the damage done in the Lifedrain.  This ability does 1-%s points of damage per skill.		%s	Scripts/General/zzMaw-Spells.lua	2126	1	
maw-fa8202a1871e	untranslated	tooltip	"Lightning Bolt discharges electricity from the caster's hand to a single target.  It always hits and does %s points plus 1-%s points of damage per point of skill in Air Magic.

The spell then arcs to a second target, hitting it as well."		%s %s	Scripts/General/zzMaw-Spells.lua	2095	1	
maw-6488e3b34379	untranslated	tooltip	"Lightning Bolt discharges electricity from the caster's hand to a single target.  It always hits and does %s%% of a melee attack damage.

The spell then arcs to a second target, hitting it as well."		%s	Scripts/General/zzClasses.lua	2137	1	
maw-14b7e8740fd0	untranslated	tooltip	Mistform allows the vampire to reduce physical damage by 75%.  However, a vampire in Mistform cannot perform any physical attacks.  Vampires in Mistform are able to use spells and abilities and are affected by spells and abilities.			Scripts/General/zzMaw-Spells.lua	751	1	
maw-5ab5c5730937	untranslated	tooltip	"Oracle's Orb is a mysterious and powerful artifact, a large, purple orb with a haunting face suspended within its core. This enigmatic relic is known for storing legendary abilities upon items it enchants.

Adds the following legendary power to an item:"			Scripts/General/zzAlchemy.lua	730	1	
maw-4fd500d1538e	untranslated	tooltip	"Oracle's Orb is a mysterious and powerful artifact, a large, purple orb with a haunting face suspended within its core. This enigmatic relic is known for storing legendary abilities upon items it enchants.

Right click a legendary item to store its power"			Scripts/General/zzAlchemy.lua	728	1	
maw-121a00d89940	untranslated	tooltip	Power: 			Scripts/General/zzAlchemy.lua	615	4	
maw-cc56042a8cdb	untranslated	tooltip	Press alt to show craftable stats			Scripts/General/zzMaw-Items.lua	1819	1	
maw-c9bec7b88407	untranslated	tooltip	Protection from Magic affects the entire party at once, granting immunity to certain spells and monster abilities that cause debilitation conditions.  These are:  Poison, Disease, Stone, Paralyze, and Weak.  Every time this spell saves a character from an effect, it weakens.  The spell can survive 1 attack per point of skill in body magic up to 10 attacks--after that, Protection from Magic is broken.			Scripts/General/zzMaw-Spells.lua	732	1	
maw-997847b4799b	untranslated	tooltip	Releases a magical stone into the world that will explode when it comes into contact with a creature or enough time passes.  The rock will bounce and roll until it finds a resting spot, so be careful not to be caught in the blast.  The explosion causes %s points of damage plus 1-%s points of damage per point of skill in Earth Magic.		%s %s	Scripts/General/zzMaw-Spells.lua	2105	1	
maw-8b2b08919ea9	untranslated	tooltip	"Reserve a flat amount of mana
Invisibility works on the minds of nearby creatures, making them unable to notice the party unless spoken to or attacked.  Any attack you make, regardless of whether or not it hits or misses, will break this spell. This spell can't be cast while hostile monsters are nearby.
This effect remains active until deactivated, attacking or lose consciousness. While active and no monster is in the nearbies, it gets casted automatically."			Scripts/General/zzMaw-Spells.lua	3106	1	
maw-e8e0913b691a	untranslated	tooltip	"Reserve a flat amount of mana
Only useful outdoors, Water Walk lets your characters walk along the surface of water without sinking.
This effect remains active until deactivated or lose consciousness."			Scripts/General/zzMaw-Spells.lua	3118	1	
maw-0462a6e994ec	untranslated	tooltip	"Reserve a flat amount of mana to grants the power of flight to your characters!  Only works outdoors, but it is very useful.  Fly will drain one spell point every five minutes it is in use (i.e. when you aren't touching the ground).
This effect remains active until deactivated or lose consciousness."			Scripts/General/zzMaw-Spells.lua	3112	1	
maw-cee49c469ae6	untranslated	tooltip	"Reserve a flat amount of mana to increase the radius of light surrounding your party in the dark.
This effect remains active until deactivated or lose consciousness."			Scripts/General/zzMaw-Spells.lua	3094	1	
maw-befed424fc87	untranslated	tooltip	"Reserve a flat amount of mana to show the locations of monsters and other points of interest while outdoors in the minimap.
This effect remains active until deactivated or lose consciousness."			Scripts/General/zzMaw-Spells.lua	3100	1	
maw-813436567334	untranslated	tooltip	Reserve a mana percentage to surround your characters with a very hot fire that is only harmful to others.  The spell will deliver %s points of damage plus 1-%s per point of skill to all nearby monsters for as long as they remain in the area of effect.		%s %s	Scripts/General/zzMaw-Spells.lua	2090	1	
maw-4878d6e18955	untranslated	tooltip	"Reserve a percentage of your mana to  tightly binds the soul to the body. This will delay death due to massive hit point loss, but will not stop a character from going unconscious. If a preserved character's hit points are too low when the spell wears off, he or she will die.
This effect remains active until deactivated or lose consciousness."			Scripts/General/zzMaw-Spells.lua	3068	1	
maw-505cd7550356	untranslated	tooltip	"Reserve a percentage of your mana to affect the entire party at once, granting immunity to certain spells and monster abilities that cause debilitation conditions.  These are:  Poison, Disease, Stone, Paralyze, Weak, Death and Eradicated.
This effect remains active until deactivated or lose consciousness."			Scripts/General/zzMaw-Spells.lua	3074	1	
maw-a1a41d1cca4c	untranslated	tooltip	"Reserve a percentage of your mana to enhance all of your party's Resistances by %s.
While the base effects remain consistent, each additional 3 levels in Light Magic will enhance the effects equivalently to only 2 levels.
This effect remains active until deactivated or lose consciousness."		%s	Scripts/General/zzMaw-Spells.lua	3056	1	
maw-21d01d6eb18f	untranslated	tooltip	"Reserve a percentage of your mana to enhance your party's Air Resistance and Speed by %s.
You get an additional 1 point for every 2 caster levels, increased by %s%% per skill level, up to double bonus.
This effect remains active until deactivated or lose consciousness."		%s %s	Scripts/General/zzMaw-Spells.lua	2958	1	
maw-fda869d67a8c	untranslated	tooltip	"Reserve a percentage of your mana to enhance your party's Armor Class by %s.
You get an additional 1 point for every 2 caster levels, increased by %s%% per skill level, up to double bonus.
This effect remains active until deactivated or lose consciousness."		%s %s	Scripts/General/zzMaw-Spells.lua	3006	1	
maw-d0676e801688	untranslated	tooltip	"Reserve a percentage of your mana to enhance your party's Attack and Accuracy.
The enhancement equals a flat %s plus an additional 1 point for every 2 caster levels, increased by %s%% per skill level, up to double bonus.
This effect remains active until deactivated or lose consciousness."		%s %s	Scripts/General/zzMaw-Spells.lua	2988	1	
maw-5ecc6056589d	untranslated	tooltip	"Reserve a percentage of your mana to enhance your party's Body Resistance and Might by %s.
You get an additional 1 point for every 2 caster levels, increased by %s%% per skill level, up to double bonus.
This effect remains active until deactivated or lose consciousness."		%s %s	Scripts/General/zzMaw-Spells.lua	2982	1	
maw-d234a87c9a57	untranslated	tooltip	"Reserve a percentage of your mana to enhance your party's Earth Resistance and Endurance by %s.
You get an additional 1 point for every 2 caster levels, increased by %s%% per skill level, up to double bonus.
This effect remains active until deactivated or lose consciousness."		%s %s	Scripts/General/zzMaw-Spells.lua	2970	1	
maw-9a2a80283738	untranslated	tooltip	"Reserve a percentage of your mana to enhance your party's Fire Resistance and Intellect by %s.
You get an additional 1 point for every 2 caster levels, increased by %s%% per skill level, up to double bonus.
This effect remains active until deactivated or lose consciousness."		%s %s	Scripts/General/zzMaw-Spells.lua	2946	1	
maw-6328d86fd6d4	untranslated	tooltip	"Reserve a percentage of your mana to enhance your party's Mind Resistance and Personality by %s.
You get an additional 1 point for every 2 caster levels, increased by %s%% per skill level, up to double bonus.
This effect remains active until deactivated or lose consciousness."		%s %s	Scripts/General/zzMaw-Spells.lua	2976	1	
maw-ded4a0d15ffb	untranslated	tooltip	"Reserve a percentage of your mana to enhance your party's Water Resistance and Luck by %s.
You get an additional 1 point for every 2 caster levels, increased by %s%% per skill level, up to double bonus.
This effect remains active until deactivated or lose consciousness."		%s %s	Scripts/General/zzMaw-Spells.lua	2964	1	
maw-5481d4c5b8a2	untranslated	tooltip	"Reserve a percentage of your mana to increase critical chance of your party by %s%% plus %s%% per Skill Level, up to double bonus.
This effect remains active until deactivated or lose consciousness."		%s %s	Scripts/General/zzMaw-Spells.lua	3019	1	
maw-956859a3a07d	untranslated	tooltip	"Reserve a percentage of your mana to increase spell damage of your party by %s%% plus %s%% per Skill Level, up to double bonus.
This effect remains active until deactivated or lose consciousness."		%s %s	Scripts/General/zzMaw-Spells.lua	3012	1	
maw-2bd48f6e7947	untranslated	tooltip	"Reserve a percentage of your mana to increase your party health regen.
Regen depends on the health pool, caster level and it's increased by %s%% per skill point, up to double bonus.
This effect remains active until deactivated or lose consciousness."		%s	Scripts/General/zzMaw-Spells.lua	3038	1	
maw-0d875d9d0ba1	untranslated	tooltip	"Reserve a percentage of your mana to increase your party mana regen.
Regen depends on the mana pool, caster level and it's increased by %s%% per skill point, up to double bonus.
This effect remains active until deactivated or lose consciousness."		%s	Scripts/General/zzMaw-Spells.lua	3031	1	
maw-53201cde6899	untranslated	tooltip	"Reserve a percentage of your mana to increase your party melee damage by %s%% plus %s%% per Skill Level, up to double bonus.
This effect remains active until deactivated or lose consciousness."		%s %s	Scripts/General/zzMaw-Spells.lua	3025	1	
maw-fcb4a53d9e62	untranslated	tooltip	"Reserve a percentage of your mana to increase your party Recovery speed by %s%% plus %s%% per Skill Level, up to double bonus.
This effect remains active until deactivated or lose consciousness."		%s %s	Scripts/General/zzMaw-Spells.lua	2994	1	
maw-711b5289c33e	untranslated	tooltip	"Reserve a percentage of your mana to increase your party unarmed damage by %s%% plus %s%% per Skill Level, up to double bonus.
Staves with GM skill and Unarmed is considered as unarmed as well.
This effect remains active until deactivated or lose consciousness."		%s %s	Scripts/General/zzMaw-Spells.lua	3044	1	
maw-027ebcc4cd11	untranslated	tooltip	"Reserve a percentage of your mana to increases all seven stats on all your characters by %s.
While the base effects remain consistent, each additional 3 levels in Light Magic will enhance the effects equivalently to only 2 levels.
This effect remains active until deactivated or lose consciousness."		%s	Scripts/General/zzMaw-Spells.lua	3050	1	
maw-6a0d406bfd95	untranslated	tooltip	"Reserve a percentage of your mana to reduce any incoming magic damage to your party by %s%% plus %s%% per Skill Level, up to double bonus.
This effect remains active until deactivated or lose consciousness."		%s %s	Scripts/General/zzMaw-Spells.lua	3000	1	
maw-276e5ccd9ba9	untranslated	tooltip	"Reserve a percentage of your mana to simultaneously casts Haste, Shield, Stone Skin, and Fate on all your characters.
While the base effects remain consistent, each additional 3 levels in Light Magic will enhance the effects equivalently to only 2 levels.
This effect remains active until deactivated or lose consciousness."			Scripts/General/zzMaw-Spells.lua	3062	1	
maw-643fc1ad80e5	untranslated	tooltip	"Reserve a percentage of your mana.
When a monster hits a character with Pain Reflection active, the monster takes damage equal to what it inflicted on the character."			Scripts/General/zzMaw-Spells.lua	3081	1	
maw-1ba00dbce0f6	untranslated	tooltip	Restores 			Scripts/General/zzAlchemy.lua	419	2	
maw-3c7bacac8039	untranslated	tooltip	"Seraphim is a divine warrior, blessed by the gods with otherworldly powers that set him apart from mortal fighters. His origins are shrouded in mystery, but it is said that he was chosen by the divine to carry out their will on the mortal plane. Some whisper that he was born from the union of a mortal and an angel, while others believe that he was created by the gods themselves. Regardless of his origins, there is no denying the power that Seraphim wields, and his presence on the battlefield is a testament to the will of the divine.

Proficiency in Plate, Sword, Mace, and Shield (can't dual wield)
3 HP and 1 mana points gained per level

Abilities:

Gods Wrath: Attacks deal extra magic damage based on Light skill (2 damage added per point in Light and Mind)

Holy Strikes: Attacking will heal the most injured party member based on Body skill (2 points per point in Body and Spirit)

Divine Protection: self-heals by 25% of your HP when facing lethal attacks, 5 minutes cooldown."		% o	Scripts/General/zzClasses.lua	160	1	
maw-913758904779	untranslated	tooltip	Similar to Mind Blast, Psychic Shock targets a single creature with mind damaging magic--only it has a much greater effect.  Psychic Shock does %s points of damage plus 1-%s per point of skill in Mind Magic.		%s %s	Scripts/General/zzMaw-Spells.lua	2111	1	
maw-0a4e49ab66a5	untranslated	tooltip	Simultaneously casts Protection from Fire, Air, Water, Earth, Mind, and Body, plus Feather Fall and Wizard Eye on all your characters at two times your skill in Light Magic.			Scripts/General/zzMaw-Spells.lua	746	1	
maw-2f8051d794e2	untranslated	tooltip	SkillDescriptionsExpert			Scripts/Structs/extraEditableDescriptions.lua	43	1	
maw-05ed19818b49	untranslated	tooltip	SkillDescriptionsGM			Scripts/Structs/extraEditableDescriptions.lua	41	1	
maw-16455c7296c7	untranslated	tooltip	SkillDescriptionsMaster			Scripts/Structs/extraEditableDescriptions.lua	42	1	
maw-adce8a79d886	untranslated	tooltip	SkillDescriptionsNovice			Scripts/Structs/extraEditableDescriptions.lua	44	1	
maw-04b7ba7373af	untranslated	tooltip	SkillMasteryDescriptions			Scripts/Structs/extraEditableDescriptions.lua	40	1	
maw-7c5a179a26f4	untranslated	tooltip	Slaps a monster with magical force, forcing it to recover from the stun spell before it can do anything else.  Stun also knocks monsters back a little, giving you a chance to get away while the getting is good.  The greater your skill in Earth Magic, the greater the effect of the spell.			Scripts/General/zzMaw-Spells.lua	2102	1	
maw-186004378d79	untranslated	tooltip	Slaps a monster with magical force, forcing it to recover from the stun spell before it can do anything else.  Stun also knocks monsters back a little, giving you a chance to get away while the getting is good.  The greater your skill in Earth Magic, the greater the effect of the spell. Stun does %s%% of a melee attack damage.		%s	Scripts/General/zzClasses.lua	2140	1	
maw-731eb4cfeb01	untranslated	tooltip	Sparks fires small balls of lightning into the world that bounce around until they hit something or dissipate. It is hard to tell where they will go, so this spell is best used in a room crowded with small monsters. Each spark does 1-%s per point of skill in Air Magic.		%s	Scripts/General/zzMaw-Spells.lua	2094	1	
maw-fa2b7b773215	untranslated	tooltip	Sprays poison at monsters directly in front of your characters.  Damage is low, but few monsters have resistance to Water Magic, so it usually works.  Each shot does %s points of damage plus 1-%s per point of skill.		%s %s	Scripts/General/zzMaw-Spells.lua	2098	1	
maw-45c0f62f2d31	untranslated	tooltip	Sprays poison at monsters directly in front of your characters.  Damage is low, but few monsters have resistance to Water Magic, so it usually works.  Each shot does %s%% of a melee attack damage.		%s	Scripts/General/zzClasses.lua	2138	1	
maw-90a3b0639ae9	untranslated	tooltip	Summons a swarm of biting, stinging insects to bedevil a single target.  The swarm does %s points of damage plus 1-%s per point of skill in Earth Magic.		%s %s	Scripts/General/zzMaw-Spells.lua	2103	1	
maw-43c99ac54e2c	untranslated	tooltip	Summons flaming rocks from the sky which fall in a large radius surrounding your chosen target.  Try not to be near the victim when you use this spell.  A single meteor does %s points of damage plus %s per point of skill in Fire Magic.  This spell only works outdoors.		%s %s	Scripts/General/zzMaw-Spells.lua	2091	1	
maw-da362fd07a3c	untranslated	tooltip	Sunray is the second most devastating damage spell in the game. It does %s points of damage plus 1-%s points per point of skill in Light Magic, by concentrating the light of the sun on one unfortunate creature. Indoors it can be cast at any time; outdoors it only works during the day.		%s %s	Scripts/General/zzMaw-Spells.lua	2118	1	
maw-0d03154f8f14	untranslated	tooltip	Temporarily increases all seven stats on all your characters by 1 per skill in Light Magic.  This spell lasts until you rest.			Scripts/General/zzMaw-Spells.lua	740	1	
maw-35e0e8f9fd61	untranslated	tooltip	"The Elementalist is the caster with the highest mana pool, who learns spells not from the book, but from casting spells of the same elemental school. He can't learn Ascension, but his ascension level is directly tied to the sum of the school levels divided by 4. Baseline spell recovery time is 50% higher; however, when he casts Magic, he gains stacks, which increase:

Spell Damage: 10% per stack
Spell Recovery Speed: 5% per stack
Mana Cost: 1 + 7.5% of the total.

After a few seconds without casting, the stacks decay by 50%. Dealing damage with a bow, melee weapon, or from the spellbook will break concentration, instantly resetting all stacks.

Spells are cast randomly but divided into three categories: Single Target, Area of Effect, and Shotgun. Depending on the chosen quick-cast spell, the rotation is adjusted accordingly. For example, setting Fireball as a quick-cast spell will automatically prioritize AoE spells."		% hi % o % p % p	Scripts/General/zzClasses.lua	1521	1	
maw-4623aaef40dd	untranslated	tooltip	"The Shaman is a mystical warrior whose knowledge of magic enhances his martial prowess.
You can check following values by checking magic schools description in skills menu.
 - Each school will provide a unique bonus. There is strength in diversifying as well as specialization
 - Each point in Air will reduce damage a % pr rank reduced by level
 - Each point in Water will reduce damage by a flat number, making water better for weaker enemies, or if your defenses are already strong
 - Each point in spirit will increase healing and spell damage by a %
 - Fire will deal a % of current monster HP as fire damage, partially piercing this resistance. The bosskiller.
 - Each point in Earth will increase melee damage by a flat amount
 - Each point in Body will heal by flat amount
 - Each point in mind will restore a flat amount of mana"		% o % p	Scripts/General/zzClasses.lua	966	1	
maw-47690b30aff6	untranslated	tooltip	This ability is an upgraded version of the normal Dragon breath weapon attack.  It acts much like a fireball, striking its target and exploding out to hit everything near it, except the explosion does much more damage than most fireballs.			Scripts/General/zzClasses.lua	477	2	
maw-b25c51ddac4f	untranslated	tooltip	"This class combines the evil forces with brute power, making it powerful and versatile.
 Learning Frost/Blood/Unholy E/M/GM will unlock automatically new spells. However death knight can't learn spells from books.

Frost:

Increases damage by 1-2-3 (at Novice, Master, Grandmaster levels) and boosts attack speed by 1% for every skill point invested.

Blood:

This skill fortifies their resilience, reducing physical damage taken by 1% per skill point. Additionally, it endows their attacks with a leech effect, converting a portion of the damage dealt into health recovery.

Unholy:

It amplifies damage by 1-2-3 (at Novice, Master, Grandmaster levels) and diminishes magical damage received by 1% for each skill point allocated."		% f % f % p	Scripts/General/zzClasses.lua	1073	1	
maw-1ff214ae0f09	untranslated	tooltip	This frightening ability grants the Dark Elf the power to wield Darkfire, a dangerous combination of the powers of Dark and Fire. Any target stricken by the Darkfire bolt resists with either its Fire or Dark resistance--whichever is lower. Damage is %s points of damage plus 1-%s per point of skill.		%s %s	Scripts/General/zzMaw-Spells.lua	2125	1	
maw-8601b402d801	untranslated	tooltip	This horrible spell sucks the life from all creatures in sight, friend or enemy.  Souldrinker then transfers that life to your party in much the same fashion as Shared Life.  Damage (and healing) is %s + 1-%s per point of skill.		%s %s	Scripts/General/zzMaw-Spells.lua	2123	1	
maw-fd4fc93cc199	untranslated	tooltip	This is the strongest single damage spell available to death knights and deals damage equal to 			Scripts/General/zzClasses.lua	1385	1	
maw-86e05999e779	untranslated	tooltip	This potion has been removed			Scripts/General/zzAlchemy.lua	413	1	
maw-d4415bc2801b	untranslated	tooltip	This spell is exclusive to Death Knights and deals damage equal to 			Scripts/General/zzClasses.lua	1376	1	
maw-d90c20c41d63	untranslated	tooltip	This spell is the town killer. Armageddon inflicts %s points of damage plus %s point of damage for every point of Dark skill your character has to every creature on the map, including all your characters. It can only be cast three times per day and only outdoors.		%s %s	Scripts/General/zzMaw-Spells.lua	2122	1	
maw-b1274cce740a	untranslated	tooltip	This spell weakens the link between a target's body and soul, causing %s + 2-%s points of damage per point of skill in Spirit Magic to all monsters near the caster.		%s %s	Scripts/General/zzMaw-Spells.lua	2109	1	
maw-298d71390c0c	untranslated	tooltip	"Throw an ice bomb that shatters upon hitting something, most effective versus big foes or multiple enemies.
Deals damage equal to "			Scripts/General/zzClasses.lua	1393	1	
maw-83916160e91f	untranslated	tooltip	tooltip			Scripts/General/zzMaw-Items.lua	2256	3	
maw-714cca80cbf4	untranslated	tooltip	"Vampiric Aura: damage done will restore player HP.

"			Scripts/General/zzMaw-Items.lua	4708	1	
maw-3571fcf17456	untranslated	tooltip	Vitality: 			Scripts/General/zzMaw-Items.lua	2762	2	
maw-24277300a2da	untranslated	ui	"

Bolster Level in MM6: "			Scripts/General/zzMaw-Stats.lua	551	2	
maw-da710b5766cb	untranslated	ui	"

Current Health: "			Scripts/General/zzMaw-Monsters.lua	2204	1	
maw-dffb7b290206	untranslated	ui	"

CURRENT MAP HEALING RECOUNT:
Healing Done in current Map:  "			Scripts/General/zzMaw-Stats.lua	711	1	
maw-ffd5f3ba3017	untranslated	ui	"

Damage is reduced by an amount equal to % shown.

Light resistance is equal to the lowest between Mind and Body resistances.
Dark resistance is equal to the lowest between elemental resistances.
Energy resistance is equal to the lowest resistance."		% s	Scripts/General/zzMaw-Stats.lua	743	1	
maw-5470a2089a61	untranslated	ui	"

Experience: "			Scripts/General/zzMaw-Monsters.lua	2204	1	
maw-102d01da1368	untranslated	ui	"

Levels gained in MM6: "			Scripts/General/zzMaw-Stats.lua	551	2	
maw-f0d7637e44ac	untranslated	ui	"

Map percentage, Heal/Regen/Leech/Total:"			Scripts/General/zzMaw-Stats.lua	714	1	
maw-825d4b45d1fb	untranslated	ui	"

Only healing done when monsters are in the nearbies is counted"			Scripts/General/zzMaw-Stats.lua	645	2	
maw-14c5f3eda891	untranslated	ui	"

Total average damage reduction: "			Scripts/General/zzMaw-Stats.lua	513	1	
maw-c5a5ec0e4ce7	untranslated	ui	"

TOTAL HEALING RECOUNT:
Total Healing Done:  "			Scripts/General/zzMaw-Stats.lua	616	1	
maw-18ba3028ddc5	untranslated	ui	"

Total Levels gained: "			Scripts/General/zzMaw-Stats.lua	551	2	
maw-91fba341a797	untranslated	ui	"

Total percentage, Heal/Regen/Leech/Total:"			Scripts/General/zzMaw-Stats.lua	619	1	
maw-72b5003a7225	untranslated	ui	"
Block chance vs same level monsters: "			Scripts/General/zzMaw-Stats.lua	513	1	
maw-d450b8471b22	untranslated	ui	"
Bolster Level in MM7: "			Scripts/General/zzMaw-Stats.lua	551	2	
maw-bef0553fbc78	untranslated	ui	"
Bolster Level in MM8: "			Scripts/General/zzMaw-Stats.lua	551	2	
maw-352bd8322f86	untranslated	ui	"
Current bonus Damage: "			Scripts/General/zzMaw-Items.lua	1766	1	
maw-55b9c8308036	untranslated	ui	"
Current Reduction: "			Scripts/General/zzMaw-Items.lua	1778	1	
maw-119249e67392	untranslated	ui	"
Leech Healing in current Map: "			Scripts/General/zzMaw-Stats.lua	711	1	
maw-611af434a73e	untranslated	ui	"
Levels gained in MM7: "			Scripts/General/zzMaw-Stats.lua	551	2	
maw-c866d5d38a10	untranslated	ui	"
Levels gained in MM8: "			Scripts/General/zzMaw-Stats.lua	551	2	
maw-2d35a4cd25b0	untranslated	ui	"
Regen Healing in current Map: "			Scripts/General/zzMaw-Stats.lua	711	1	
maw-e5823bc1bea5	untranslated	ui	"
Total Leech Healing: "			Scripts/General/zzMaw-Stats.lua	616	1	
maw-6f85da9c7900	untranslated	ui	"
Total Regen Healing: "			Scripts/General/zzMaw-Stats.lua	616	1	
maw-535723c71930	untranslated	ui	" , [""High""] = "			Scripts/General/zzMaw-Monsters.lua	2005	1	
maw-6945c3d240dc	untranslated	ui	" , [""Mid""] = "			Scripts/General/zzMaw-Monsters.lua	2005	1	
maw-56a33f886a5c	translated	ui	 Austerity	 절제		Scripts/General/MenuExtraSettings.lua	238	1	게임 모드
maw-880efb921b0e	translated	ui	 General settings	 일반 설정		Scripts/General/MenuExtraSettings.lua	159	1	추가 설정 화면 제목
maw-b15869c959e3	untranslated	ui	 Randomizer			Scripts/General/zzzzMalekith-Randomizer.lua	395	1	
maw-7b618f6314b4	untranslated	ui	"""] = 
{[""Low""] = "			Scripts/General/zzMaw-Monsters.lua	2005	1	
maw-ef6a39857a0b	untranslated	ui	%%d			Scripts/General/zzMAW-Skills.lua	1796	1	
maw-b34bcfd49892	untranslated	ui	%lu		%lu	Scripts/General/BountyHunt.lua	11	2	
maw-fb7711e92c7f	untranslated	ui	"%s

Bonus healing: %s%s

Spell cost reduction: %s%s

Increase the mana by 2 levels worth of mana per 5 personality"		%s %s %s %s %s	Scripts/General/zzMaw-Stats.lua	401	1	
maw-cef9507fa03a	untranslated	ui	"%s

Bonus magic damage: %s%s

Critical spell strike damage: %s%s"		%s %s %s %s %s	Scripts/General/zzMaw-Stats.lua	390	1	
maw-80043588deba	untranslated	ui	"%s

CURRENT MAP DAMAGE RECOUNT
Melee Damage done in current map: %s"		%s %s	Scripts/General/zzMaw-Stats.lua	670	1	
maw-95f8f220ac97	untranslated	ui	"%s

Hit chance vs same level monster: %s%s"		%s %s %s	Scripts/General/zzMaw-Stats.lua	561	2	
maw-d2800d019ccf	untranslated	ui	"%s

HP bonus from Endurance: %s
HP bonus from Body building: %s
HP bonus from items: %s
Base HP: %s

 HP Regen per second: %s"		%s %s %s %s %s %s	Scripts/General/zzMaw-Stats.lua	463	1	
maw-8c47c7bb76f8	untranslated	ui	"%s

Map percentage, Melee/Ranged/Total:"		%s	Scripts/General/zzMaw-Stats.lua	674	1	
maw-00c3d1164018	untranslated	ui	"%s

Melee Haste:   %s%%
Ranged Haste: %s%%
Spell Haste:   %s%%"		%s %s %s %s	Scripts/General/zzMaw-Stats.lua	439	1	
maw-6d377eadc40b	untranslated	ui	"%s

Physical damage reduction: %s%s"		%s %s %s	Scripts/General/zzMaw-Stats.lua	513	1	
maw-e8813fa549d8	untranslated	ui	"%s

Spell point regen per second: %s"		%s %s	Scripts/General/zzMaw-Stats.lua	498	1	
maw-4e49e505021d	untranslated	ui	"%s

TOTAL DAMAGE RECOUNT
Total Damage done: %s"		%s %s	Scripts/General/zzMaw-Stats.lua	576	1	
maw-fc7f9bde95de	untranslated	ui	"%s

Total percentage, Melee/Ranged/Total:"		%s	Scripts/General/zzMaw-Stats.lua	580	1	
maw-48caeafafbe5	untranslated	ui	"%s
 %s	 %29s	%32s %s	%37s %s	%42s"		%29s %32s %37s %42s %s %s %s %s	Scripts/General/zzMaw-Stats.lua	595	2	
maw-9580d7f60deb	untranslated	ui	"%s
 %s	 %29s	%32s %s	%37s %s	%42s %s	%47s"		%29s %32s %37s %42s %47s %s %s %s %s %s	Scripts/General/zzMaw-Stats.lua	638	2	
maw-5a004da80629	untranslated	ui	"%s
%s"		%s %s	Scripts/General/zzMaw-Stats.lua	523	1	
maw-481765007a9a	untranslated	ui	"%s
Ranged Damage done in current map: %s"		%s %s	Scripts/General/zzMaw-Stats.lua	672	1	
maw-d093cb076c31	untranslated	ui	"%s
Total Ranged Damage done: %s"		%s %s	Scripts/General/zzMaw-Stats.lua	578	1	
maw-66934fbcd7ba	untranslated	ui	446561746820436f756e743a20			Scripts/General/zzMaw-Monsters.lua	2617	1	
maw-959b2aad9b04	untranslated	ui	\f00000			Scripts/Structs/extraEditableDescriptions.lua	59	1	
maw-3cfb15d89074	translated	ui	"Beyond
Madness"	"광기를
넘어"		Scripts/General/MenuExtraSettings.lua	238	1	게임 모드
maw-5e1a584e9bbe	untranslated	ui	BolsterAmount			Scripts/General/MenuExtraSettings.lua	162	2	
maw-8f7f6a656b06	untranslated	ui	BolsterFineTuning			Scripts/General/AdaptiveMonstersStats.lua	434	1	
maw-48647474b89f	untranslated	ui	boolean			Scripts/General/MenuExtraSettings.lua	135	1	
maw-4b7a83f3be55	untranslated	ui	Bounty			Scripts/General/BountyHunt.lua	225	1	
maw-f309b2d045c6	untranslated	ui	"Cold\01200000	070"			Scripts/General/zzMaw-Monsters.lua	2168	1	
maw-277dc4259f09	untranslated	ui	Debuffs:			Scripts/General/zzMaw-Monsters.lua	2228	1	
maw-f4f4473df8cb	untranslated	ui	Disabled			Scripts/General/zzClasses.lua	1789	1	
maw-b3e6719cf85f	translated	ui	Doom	파멸		Scripts/General/MenuExtraSettings.lua	238	3	게임 모드/난이도
maw-00f03137e155	translated	ui	Easy	쉬움		Scripts/General/MenuExtraSettings.lua	308	1	난이도
maw-af131275db13	untranslated	ui	"Elec\01200000	070"			Scripts/General/zzMaw-Monsters.lua	2167	1	
maw-31bb56cf899a	untranslated	ui	"Elementalist offensive spells, when casted randomly, grant elementalist stacks, which increase spell damage, speed and cost.
Press R to enable/disable random rotation.
Currently "			Scripts/General/zzClasses.lua	1791	1	
maw-df174a3f2faa	untranslated	ui	Enabled			Scripts/General/zzClasses.lua	1787	1	
maw-92565cb20676	untranslated	ui	ExitExtraSettingsMenu			Scripts/General/MenuExtraSettings.lua	48	1	
maw-57a2fc6d337a	untranslated	ui	ExSetScr			Scripts/General/MenuExtraSettings.lua	159	1	
maw-dca8036a46ed	untranslated	ui	ExSetScr2			Scripts/General/AdaptiveMonstersStats.lua	434	1	
maw-4e3c4231aecb	untranslated	ui	ExtSetDw			Scripts/General/MenuExtraSettings.lua	209	1	
maw-7ae26932a060	untranslated	ui	ExtSetUp			Scripts/General/MenuExtraSettings.lua	210	2	
maw-32a4ead843a3	untranslated	ui	"Fire\01200000	070"			Scripts/General/zzMaw-Monsters.lua	2165	1	
maw-5370d182f7f5	untranslated	ui	FrameLimit			Scripts/General/MenuExtraSettings.lua	325	1	
maw-71b5b9cfb683	untranslated	ui	freeProgression			Scripts/General/MenuExtraSettings.lua	162	1	
maw-20a89915f18c	translated	ui	Hard	어려움		Scripts/General/MenuExtraSettings.lua	308	1	난이도
maw-ed10fe113de1	translated	ui	Hell	지옥		Scripts/General/MenuExtraSettings.lua	308	2	난이도
maw-0696da5d27aa	untranslated	ui	If you seek to pursuit a new path and reset your skills, you have come to the right place.			Scripts/Global/zzMAWRespec.lua	7	1	
maw-74e5aeffbd58	untranslated	ui	ImprovedPathfinding			Scripts/General/MenuExtraSettings.lua	162	1	
maw-a3076a891f59	untranslated	ui	"Intellect represents a character's ability to reason and understand complex, abstract concepts.
Spell Damage and Spell Critical Damage are based on Intellect."			Scripts/General/zzMaw-Stats.lua	389	1	
maw-158b1f99e07b	untranslated	ui	Level:          			Scripts/General/zzMaw-Monsters.lua	2091	1	
maw-3e7d000abd3c	untranslated	ui	"Magic\01200000	070"			Scripts/General/zzMaw-Monsters.lua	2172	1	
maw-5a70527da19c	untranslated	ui	MAW			Scripts/General/MenuExtraSettings.lua	308	1	
maw-cab34b294f08	untranslated	ui	MAW SETTINGS			Scripts/General/AdaptiveMonstersStats.lua	434	1	
maw-33b934efaa4c	untranslated	ui	MergeExSet			Scripts/General/MenuExtraSettings.lua	216	1	
maw-37342e60033c	untranslated	ui	MergeExtraSettings			Scripts/General/MenuExtraSettings.lua	159	1	
maw-a7b93d2128e8	untranslated	ui	Mode			Scripts/General/MenuExtraSettings.lua	162	2	
maw-5f618a2f7c06	translated	ui	"Night
mare"	악몽		Scripts/General/MenuExtraSettings.lua	308	2	난이도
maw-9ff6d323cc79	translated	ui	Norm.	보통		Scripts/General/MenuExtraSettings.lua	308	1	난이도 축약 표시
maw-af0b5531fd66	untranslated	ui	OpenExtraSettingsMenu			Scripts/General/MenuExtraSettings.lua	226	1	
maw-41dcd0d7840d	untranslated	ui	Personality represents both a character's strength of will and personal charm. Maximum spell points, Mana cost and Healing Power are based on Personality.			Scripts/General/zzMaw-Stats.lua	400	1	
maw-46c13ceaddd4	untranslated	ui	"Poison\01200000	070"			Scripts/General/zzMaw-Monsters.lua	2169	1	
maw-424308c3b136	translated	ui	"Road to
insanity"	"광기로 가는
길"		Scripts/General/MenuExtraSettings.lua	238	1	게임 모드
maw-2ebaecd53665	untranslated	ui	Show players location			Scripts/Modules/Multiplayer/UI/GlobalMap.lua	111	1	
maw-37a99c3360fb	untranslated	ui	ShowWeatherEffects			Scripts/General/MenuExtraSettings.lua	162	1	
maw-ca30c9d5d37a	untranslated	ui	TmblrOff			Scripts/General/MenuExtraSettings.lua	69	3	
maw-eabb173bfed6	untranslated	ui	TmblrOn			Scripts/General/MenuExtraSettings.lua	62	4	
maw-0c4709ec8d42	untranslated	ui	UseMonsterBolster			Scripts/General/MenuExtraSettings.lua	162	1	
maw-07725f68015e	untranslated	ui	Welcome to the arena, warriors! This might be different than you remember. Prepare yourselves, sharpen your skills, and brace for the challenge ahead. Get ready to showcase your strength, strategy, and determination. The battle awaits!			Scripts/Global/zzMaw_Arena.lua	4	1	
maw-e2f9c26b7cd1	untranslated	ui	You need to clear the area COMPLETELY first.			Scripts/General/BountyHunt.lua	190	1	
