source	translation	status	category	patchable_occurrences	reasons	files	sample_context
%s    %s		excluded	class	4	reviewed_preserved_or_moved_display:4	Scripts/General/zzMAW-Skills.lua	"normal=string.format(""%s    %s"",normal,res[1])"
"	            %s%s "		excluded	misc	6	reviewed_preserved_or_moved_display:6	Scripts/General/zzMaw-Stats.lua	"Game.GlobalTxt[87]=StrColor(255, 70, 70,    string.format(resListBackup[1] .. ""\t            %s%s "",resistances2[10],""%"")) .. resistanceText[1] .. ""\n\n\n\n\n\n\n\n\n"""
%6s		excluded	misc	1	reviewed_preserved_or_moved_display:1	Scripts/General/zzMaw-Stats.lua	"resistanceText[i]=StrColor(0,255,0,string.format(""%6s"", resistances[9+i]))"
%s%s%s%s%s		excluded	misc	1	formatted_colored_text:1	Scripts/Modules/Multiplayer/UI/RemotePlayers.lua	"table.insert(lines, (""%s%s%s%s%s""):format(status_color, status, sep, StrColor(250, 250, 250), timestr))"
%s		excluded	skill	7	reviewed_preserved_or_moved_display:7	Scripts/General/zzMAW-Skills.lua; Scripts/General/zzMaw-Monsters.lua	"normal=string.format(""%s\t"" .. tab+30 .. ""%s"",normal,skillResistance[i][1])"
"%s	"		excluded	skill	4	reviewed_preserved_or_moved_display:4	Scripts/General/zzMAW-Skills.lua	"normal=string.format(""%s\t"" .. tab+30 .. ""%s"",normal,skillResistance[i][1])"
N/A		excluded	spell	1	reviewed_preserved_or_moved_display:1	Scripts/Modules/MawCore/Classes.lua	"Game.SpellsTxt[90].Normal=""N/A"""
spell		excluded	spell	1	formatted_colored_text:1	Scripts/Modules/Multiplayer/UI/RemotePlayers.lua	"local range = self.data.touch and StrColor(0, 255, 0, ""touch"") or self.data.cast and StrColor(255, 255, 0, ""spell"") or ""far away"""
"

Subsequent spawn failure reasons:
"		excluded	status	1	reviewed_preserved_or_moved_display:1	Scripts/General/pseudoSpawnpoint.lua	"local errorMessage = ""\nCouldn't spawn monster, spawnpoint data: "" .. dump(t) .. ""\n\nSubsequent spawn failure reasons:\n"" .. table.concat(t2, ""\n"")"
"
Couldn't spawn monster, spawnpoint data: "		excluded	status	1	reviewed_preserved_or_moved_display:1	Scripts/General/pseudoSpawnpoint.lua	"local errorMessage = ""\nCouldn't spawn monster, spawnpoint data: "" .. dump(t) .. ""\n\nSubsequent spawn failure reasons:\n"" .. table.concat(t2, ""\n"")"
BossDebug: impossible d’écrire boss_dump.txt		excluded	status	1	reviewed_preserved_or_moved_display:1	Scripts/General/zzBossSync.lua	"if Game and Game.ShowStatusText then Game.ShowStatusText(""BossDebug: impossible d’écrire boss_dump.txt"") end"
BossDebug: écrit dans boss_dump.txt		excluded	status	1	reviewed_preserved_or_moved_display:1	Scripts/General/zzBossSync.lua	"if Game and Game.ShowStatusText then Game.ShowStatusText(""BossDebug: écrit dans boss_dump.txt"") end"
%lu		excluded	ui	1	status_text_call:1	Scripts/Modules/Multiplayer/Synchronization/Players/Monster.lua	"Game.ShowStatusText(Game.GlobalTxt[467]:replace(""%lu"", tostring(Gold)))"
MAW		excluded	ui	1	reviewed_preserved_or_moved_display:1	Scripts/General/MenuExtraSettings.lua	"MAWBOLSTER={[0]=""Easy"", [50]=""Norm."", [100]=""MAW"", [150]=""Hard"", [200]=""Hell"", [250]=""Night\nmare"", [300]=""Night\nmare"",[600]=""Doom""}"
"

Light Magic quickens the Seraphim's strikes, increasing attack speed.

Its radiance lightens the blade so much that even a two-handed sword can be wielded in one hand, freeing the off hand for a shield.
"	"

빛 마법은 세라핌의 공격을 가속하여 공격 속도를 높입니다.

그 빛은 칼날을 매우 가볍게 만들어 양손검도 한 손으로 사용할 수 있게 하며, 다른 손에는 방패를 들 수 있습니다.
"	translated	class	1	formatted_colored_text:1	Scripts/Modules/MawCore/SkillTooltip.lua	".. StrColor(255,255,30,""\n\nLight Magic quickens the Seraphim's strikes, increasing attack speed.\n\nIts radiance lightens the blade so much that even a two-handed sword can be wielded in one hand, freeing the off hand for a shield.\n""),"
"

Seraph Spirit strengthens the Seraph's resolve, shrugging off light hits and softening heavy blows
"	"

세라프의 영혼은 세라프의 결의를 강화하여 가벼운 공격은 흘려내고 강한 공격의 피해를 줄입니다.
"	translated	class	1	formatted_colored_text:1	Scripts/Modules/MawCore/SkillTooltip.lua	"return MawSchoolDescBase[16] .. ""\n\nSeraph Spirit strengthens the Seraph's resolve, shrugging off light hits and softening heavy blows\n"" .. ""Damage reduction: "" .. StrColor(0,255,0,spiritReduction) .. "" (applied after resistances)\n"""
"

Seraphim damage upon attack increases depending on Mind magic, scaling with might(weapon speed and weapon damage multiplier applies).

"	"

세라핌의 공격 시 피해는 정신 마법에 따라 증가하고 힘에 비례합니다(무기 속도와 무기 피해 배율이 적용됩니다).

"	translated	class	1	formatted_colored_text:1	Scripts/Modules/MawCore/SkillTooltip.lua	"return MawSchoolDescBase[17] .. ""\n\nSeraphim damage upon attack increases depending on Mind magic, scaling with might(weapon speed and weapon damage multiplier applies).\n\n"" .. ""Current damage from Mind: "" .. StrColor(255,0,0,round(mindS*(mindM+1)/2)) .. ""\n"""
"

Seraphim healing upon attack increases depending on Body magic, scaling with personality(weapon speed multiplier applies).

"	"

세라핌의 공격 시 회복량은 육체 마법에 따라 증가하고 인격에 비례합니다(무기 속도 배율이 적용됩니다).

"	translated	class	1	formatted_colored_text:1	Scripts/Modules/MawCore/SkillTooltip.lua	"return MawSchoolDescBase[18] .. ""\n\nSeraphim healing upon attack increases depending on Body magic, scaling with personality(weapon speed multiplier applies).\n\n"" .. ""Current heal from Body: "" .. StrColor(0,255,0,bodyHeal) .. ""\n"""
" (applied after resistances)
"	" (저항 적용 후 계산)
"	translated	class	1	formatted_colored_text:1	Scripts/Modules/MawCore/SkillTooltip.lua	"return MawSchoolDescBase[16] .. ""\n\nSeraph Spirit strengthens the Seraph's resolve, shrugging off light hits and softening heavy blows\n"" .. ""Damage reduction: "" .. StrColor(0,255,0,spiritReduction) .. "" (applied after resistances)\n"""
Attack	근접	translated	class	3	reviewed_preserved_or_moved_display:3	Scripts/General/zzClasses.lua; Scripts/Modules/Multiplayer/Utils.lua	"Game.GlobalTxt[18]=""Attack"""
Attack         +	근접         +	translated	class	1	reviewed_preserved_or_moved_display:1	Scripts/General/zzClasses.lua	"Game.GlobalTxt[18] = ""Attack         +"" .. pl:GetMeleeAttack() .. ""\n                 "" .. shortenNumber(pl:GetMeleeDamageMin(), 4, false) .. ""-"" .. shortenNumber(pl:GetMeleeDamageMax(), 4, false) .. ""\n\n\n\n\n\n\n\n\n\n\n\n\n\n\n\n\n\n\n\n"""
Current damage from Mind: 	정신 마법으로 얻는 현재 피해: 	translated	class	1	formatted_colored_text:1	Scripts/Modules/MawCore/SkillTooltip.lua	"return MawSchoolDescBase[17] .. ""\n\nSeraphim damage upon attack increases depending on Mind magic, scaling with might(weapon speed and weapon damage multiplier applies).\n\n"" .. ""Current damage from Mind: "" .. StrColor(255,0,0,round(mindS*(mindM+1)/2)) .. ""\n"""
Current heal from Body: 	육체 마법으로 얻는 현재 회복량: 	translated	class	1	formatted_colored_text:1	Scripts/Modules/MawCore/SkillTooltip.lua	"return MawSchoolDescBase[18] .. ""\n\nSeraphim healing upon attack increases depending on Body magic, scaling with personality(weapon speed multiplier applies).\n\n"" .. ""Current heal from Body: "" .. StrColor(0,255,0,bodyHeal) .. ""\n"""
Damage	피해량	translated	class	2	reviewed_preserved_or_moved_display:2	Scripts/General/zzClasses.lua	"Game.GlobalTxt[53]=""Damage"""
"Damage














"	"피해














"	translated	class	1	reviewed_preserved_or_moved_display:1	Scripts/General/zzClasses.lua	"Game.GlobalTxt[53] = ""Damage\n\n\n\n\n\n\n\n\n\n\n\n\n\n\n"""
Damage reduction: 	피해 감소: 	translated	class	1	formatted_colored_text:1	Scripts/Modules/MawCore/SkillTooltip.lua	"return MawSchoolDescBase[16] .. ""\n\nSeraph Spirit strengthens the Seraph's resolve, shrugging off light hits and softening heavy blows\n"" .. ""Damage reduction: "" .. StrColor(0,255,0,spiritReduction) .. "" (applied after resistances)\n"""
Elder 	원로 	translated	class	1	reviewed_preserved_or_moved_display:1	Scripts/General/zzClasses.lua	"Game.ClassNames[i]=string.format(""Elder "" .. oldNames[i])"
Increases Armor Class  by 5+(0.5 x Power) for 6 Hours	6시간 동안 방어력이 5 + (0.5 × 위력)만큼 증가합니다.	translated	class	1	reviewed_preserved_or_moved_display:1	Scripts/General/zzAlchemy.lua	"[234] = ""Increases Armor Class  by 5+(0.5 x Power) for 6 Hours"","
Increases your Armor Class for 6 hours.	6시간 동안 방어력이 증가합니다.	translated	class	1	reviewed_preserved_or_moved_display:1	Scripts/General/zzAlchemy.lua	"potionText[234]=""Increases your Armor Class for 6 hours."""
Placeholder name with class and condition	플레이어 이름·직업·상태	translated	class	1	reviewed_preserved_or_moved_display:1	Scripts/Modules/Multiplayer/UI/RemotePlayers.lua	"widget.text_name = PropText(""Placeholder name with class and condition"", XBase, YBase)"
Shoot	원거리	translated	class	2	reviewed_preserved_or_moved_display:2	Scripts/General/zzClasses.lua	"Game.GlobalTxt[203]=""Shoot"""
Shoot         +	원거리         +	translated	class	1	reviewed_preserved_or_moved_display:1	Scripts/General/zzClasses.lua	"Game.GlobalTxt[203]=""Shoot         +"" .. pl:GetRangedAttack() .. ""\n                 "" .. shortenNumber(pl:GetRangedDamageMin(), 4, false) .. ""-"" .. shortenNumber(pl:GetRangedDamageMax(), 4, false) .. ""\n\n\n\n\n\n\n\n\n\n\n\n\n\n\n\n\n\n\n\n"""
Ultimate 	궁극의 	translated	class	1	reviewed_preserved_or_moved_display:1	Scripts/General/zzClasses.lua	"Game.ClassNames[i]=string.format(""Ultimate "" .. oldNames[i])"
"

Artifact Level: "	"

유물 레벨: "	translated	item	1	reviewed_preserved_or_moved_display:1	Scripts/Modules/MawCore/Tooltip.lua	"""\n\nArtifact Level: "" .. round(MawCore.Artifacts.LevelOf(t.Item)))"
"

Bonus AC: "	"

추가 방어력: "	translated	item	1	formatted_colored_text:1	Scripts/Modules/MawCore/SkillTooltip.lua	"txt = txt .. ""\n\nBonus AC: "" .. StrColor(255, 255, 100, itemArmorClassBonus2) .. ""\n"""
"

Celestial Items cannot be upgraded with crafting Gems or Cubes, but scale with player level, up to level 1000."	"

천상 아이템은 제작용 보석이나 큐브로 강화할 수 없지만, 플레이어 레벨에 따라 성장하며 최대 1000레벨까지 적용됩니다."	translated	item	1	reviewed_preserved_or_moved_display:1	Scripts/Modules/MawCore/Tooltip.lua	"txt=StrColor(120, 240, 255,""\n\nCelestial Items cannot be upgraded with crafting Gems or Cubes, but scale with player level, up to level 1000."")"
"

Celestial Items cannot be upgraded with crafting Gems or Cubes, but scale with player level, up to level 600."	"

천상 아이템은 제작용 보석이나 큐브로 강화할 수 없지만, 플레이어 레벨에 따라 성장하며 최대 600레벨까지 적용됩니다."	translated	item	1	reviewed_preserved_or_moved_display:1	Scripts/Modules/MawCore/Tooltip.lua	"txt=StrColor(120, 240, 255,""\n\nCelestial Items cannot be upgraded with crafting Gems or Cubes, but scale with player level, up to level 600."")"
"

Current AC from items: "	"

아이템으로 얻는 현재 방어력: "	translated	item	1	formatted_colored_text:1	Scripts/Modules/MawCore/SkillTooltip.lua	"txt = txt .. ""\n\nCurrent AC from items: "" .. StrColor(255, 255, 100, armorAC) .. ""\n"""
"

Item Bonus Power: "	"

아이템 보너스 위력: "	translated	item	1	reviewed_preserved_or_moved_display:1	Scripts/Modules/MawCore/Tooltip.lua	"local txt=""\n\nItem Bonus Power: "" .. t.Item.MaxCharges .. ""/"" .. GetItemChargesCap(t.Item)"
"

Item Modifier:
Two Handed Weapons: "	"

아이템 보정치:
양손 무기: "	translated	item	1	formatted_colored_text:1	Scripts/Modules/MawCore/Tooltip.lua	".. ""\n\nItem Modifier:\nTwo Handed Weapons: "" .. StrColor(255, 128, 0, tostring(GetGemCap(tier, 1, false)))"
"

Level Required: "	"

요구 레벨: "	translated	item	1	reviewed_preserved_or_moved_display:1	Scripts/Modules/MawCore/Tooltip.lua	"local txt=""\n\nLevel Required: "" .. levelRequired"
"
Attack Speed: "	"
공격 속도: "	translated	item	2	reviewed_preserved_or_moved_display:2	Scripts/Modules/MawCore/Tooltip.lua	"t.Type = t.Type .. ""\nAttack Speed: "" .. getItemRecovery(t.Item, playerLevel)/100"
"
Quality bonus: +"	"
품질 보너스: +"	translated	item	1	formatted_colored_text:1	Scripts/General/zzMaw-Items.lua	"return StrColor(255, 190, 90, ""\nQuality bonus: +"" .. quality .. ""%"")"
 (the most a Primordial item can drop with). Each point of Bonus Power is worth 	 (태고 아이템에 붙을 수 있는 최대치). 보너스 위력 1당 환산 아이템 레벨: 	translated	item	1	reviewed_preserved_or_moved_display:1	Scripts/General/zzAlchemy.lua	"cube.Notes=""The Crafting Cube raises the Item Bonus Power of any equipment by "" .. CRAFTING_CUBE_POWER .. "" ("" .. CRAFTING_CUBE_POWER_WEAPON_ARMOR .. "" on weapons and body armor), up to 1 Bonus Power every "" .. MawCore.ItemLevel.PerPower .. "" levels of the character using it, max "" .. GetPrimordialCharges(math.huge) .. "" (the most a Primordial item can drop with). Each point of Bonus Power is worth "" .. MawCore.ItemLevel.PerPower .. "" item levels.\nUsed on a Dimension Map, it moves the map to an"
 +X	 +X	translated	item	1	reviewed_preserved_or_moved_display:1	Scripts/Modules/MawCore/Tooltip.lua	"txt=baseStatName[bonus] .. "" +X"""
 - Corrupted item #	 - 손상된 아이템 #	translated	item	1	reviewed_preserved_or_moved_display:1	Scripts/General/zzMaw-Item-Sorter.lua	"txt = txt .. ""\n"" .. pl.Name .. "" - Corrupted item #"" .. bag .. "" in bag #"" .. key"
 Armor.	 방어력.	translated	item	1	reviewed_preserved_or_moved_display:1	Scripts/General/zzMaw-Items.lua	"[48] = "" +"" .. math.floor(bonusEffects[48].statModifier[1] * mult) .. "" Endurance and"" .. "" +"" .. math.floor(bonusEffects[48].statModifier[2] * mult).. "" Armor."","
 attacks and +	 공격), +	translated	item	1	reviewed_preserved_or_moved_display:1	Scripts/General/zzMaw-Items.lua	"[46] = ""Adds "" .. enchRangeText(46) .. "" points of Fire damage to "" .. weaponType .. "" attacks and +"" .. math.floor(bonusEffects[46].statModifier * mult).. "" Might."","
 Aura: adds 	 오라: 모든 공격에 	translated	item	1	reviewed_preserved_or_moved_display:1	Scripts/Modules/MawCore/Tooltip.lua	"local txt=string.format(name[m] .. "" Aura: adds "" .. damage .. "" Fire Damage to any attack\n\n"")"
 Body and mind Resistances.	 육체 및 정신 저항.	translated	item	1	reviewed_preserved_or_moved_display:1	Scripts/General/zzMaw-Items.lua	"[79] = "" +"" .. math.floor(bonusEffects[79].statModifier * mult) .. "" Body and mind Resistances."","
 damage.	 피해를 추가합니다.	translated	item	1	reviewed_preserved_or_moved_display:1	Scripts/General/zzMaw-Items.lua	"return ""Adds "" .. enchRangeText(id) .. "" points of "" .. kind .. "" damage."""
 Elemental Resistances.	 원소 저항.	translated	item	1	reviewed_preserved_or_moved_display:1	Scripts/General/zzMaw-Items.lua	"[78] = "" +"" .. math.floor(bonusEffects[78].statModifier * mult) .. "" Elemental Resistances."","
 Endurance and	 인내력 및	translated	item	1	reviewed_preserved_or_moved_display:1	Scripts/General/zzMaw-Items.lua	"[48] = "" +"" .. math.floor(bonusEffects[48].statModifier[1] * mult) .. "" Endurance and"" .. "" +"" .. math.floor(bonusEffects[48].statModifier[2] * mult).. "" Armor."","
 Endurance and Accuracy.	 인내력 및 정확도.	translated	item	1	reviewed_preserved_or_moved_display:1	Scripts/General/zzMaw-Items.lua	"[52] = "" +"" .. math.floor(bonusEffects[52].statModifier * mult) .. "" Endurance and Accuracy."","
 Endurance and Regenerate Hit points over time.	 인내력 및 지속 생명력 재생.	translated	item	1	reviewed_preserved_or_moved_display:1	Scripts/General/zzMaw-Items.lua	"[54] = "" +"" .. math.floor(bonusEffects[54].statModifier * mult) .. "" Endurance and Regenerate Hit points over time."","
" Fire Damage to any attack

"	" 화염 피해 추가

"	translated	item	1	reviewed_preserved_or_moved_display:1	Scripts/Modules/MawCore/Tooltip.lua	"local txt=string.format(name[m] .. "" Aura: adds "" .. damage .. "" Fire Damage to any attack\n\n"")"
 Fire Resistance and Regenerate Hit points over time.	 화염 저항 및 지속 생명력 재생.	translated	item	1	reviewed_preserved_or_moved_display:1	Scripts/General/zzMaw-Items.lua	"[50] = "" +"" .. math.floor(bonusEffects[50].statModifier * mult) .. "" Fire Resistance and Regenerate Hit points over time."","
 Hit points and Regenerate Hit points over time.	 생명력 및 지속 생명력 재생.	translated	item	1	reviewed_preserved_or_moved_display:1	Scripts/General/zzMaw-Items.lua	"[44] = "" +"" .. math.floor(bonusEffects[44].statModifier * mult) .. "" Hit points and Regenerate Hit points over time."","
 in bag #	, 가방 #	translated	item	1	reviewed_preserved_or_moved_display:1	Scripts/General/zzMaw-Item-Sorter.lua	"txt = txt .. ""\n"" .. pl.Name .. "" - Corrupted item #"" .. bag .. "" in bag #"" .. key"
 Intellect and Accuracy.	 지능 및 정확도.	translated	item	1	reviewed_preserved_or_moved_display:1	Scripts/General/zzMaw-Items.lua	"[76] = "" +"" .. math.floor(bonusEffects[76].statModifier * mult) .. "" Intellect and Accuracy."","
 Intellect and Luck.	 지능 및 행운.	translated	item	1	reviewed_preserved_or_moved_display:1	Scripts/General/zzMaw-Items.lua	"[49] = "" +"" .. math.floor(bonusEffects[49].statModifier * mult) .. "" Intellect and Luck."","
 Intellect and Might.	 지능 및 힘.	translated	item	1	reviewed_preserved_or_moved_display:1	Scripts/General/zzMaw-Items.lua	"[75] = "" +"" .. math.floor(bonusEffects[75].statModifier * mult) .. "" Intellect and Might."","
 Intellect and personality.	 지능 및 성격.	translated	item	1	reviewed_preserved_or_moved_display:1	Scripts/General/zzMaw-Items.lua	"[39] = ""Adds "" .. enchRangeText(39) .. "" to spell damage and +"" .. math.floor(bonusEffects[46].statModifier * mult).. "" Intellect and personality."","
 Intellect and Personality.	 지능 및 성격.	translated	item	1	reviewed_preserved_or_moved_display:1	Scripts/General/zzMaw-Items.lua	"[57] = "" +"" .. math.floor(bonusEffects[57].statModifier * mult) .. "" Intellect and Personality."","
" item levels.
Used on a Dimension Map, it moves the map to another dungeon you have already completed, of the same kind (outdoor or indoor).
(right-click on an item or a map to use)"	" 레벨.
차원 지도에 사용하면 같은 유형 (야외 또는 실내)의 다른 완료된 던전으로 지도를 옮깁니다.
(아이템이나 지도를 우클릭하여 사용)"	translated	item	1	reviewed_preserved_or_moved_display:1	Scripts/General/zzAlchemy.lua	"cube.Notes=""The Crafting Cube raises the Item Bonus Power of any equipment by "" .. CRAFTING_CUBE_POWER .. "" ("" .. CRAFTING_CUBE_POWER_WEAPON_ARMOR .. "" on weapons and body armor), up to 1 Bonus Power every "" .. MawCore.ItemLevel.PerPower .. "" levels of the character using it, max "" .. GetPrimordialCharges(math.huge) .. "" (the most a Primordial item can drop with). Each point of Bonus Power is worth "" .. MawCore.ItemLevel.PerPower .. "" item levels.\nUsed on a Dimension Map, it moves the map to an"
 levels of the character using it, max 	 레벨. 최대 보너스 위력: 	translated	item	1	reviewed_preserved_or_moved_display:1	Scripts/General/zzAlchemy.lua	"cube.Notes=""The Crafting Cube raises the Item Bonus Power of any equipment by "" .. CRAFTING_CUBE_POWER .. "" ("" .. CRAFTING_CUBE_POWER_WEAPON_ARMOR .. "" on weapons and body armor), up to 1 Bonus Power every "" .. MawCore.ItemLevel.PerPower .. "" levels of the character using it, max "" .. GetPrimordialCharges(math.huge) .. "" (the most a Primordial item can drop with). Each point of Bonus Power is worth "" .. MawCore.ItemLevel.PerPower .. "" item levels.\nUsed on a Dimension Map, it moves the map to an"
 Luck and Meditation Skill +	 행운 및 명상 기술 +	translated	item	1	reviewed_preserved_or_moved_display:1	Scripts/General/zzMaw-Items.lua	"[55] = "" +"" .. math.floor(bonusEffects[55].statModifier * mult) .. "" Luck and Meditation Skill +"" .. MawCore.Formulas.chargesMeditationSkill(MaxCharges),"
 Might and Endurance.	 힘 및 인내력.	translated	item	1	reviewed_preserved_or_moved_display:1	Scripts/General/zzMaw-Items.lua	"[56] = "" +"" .. math.floor(bonusEffects[56].statModifier * mult) .. "" Might and Endurance."","
 Might and Personality.	 힘 및 성격.	translated	item	1	reviewed_preserved_or_moved_display:1	Scripts/General/zzMaw-Items.lua	"[53] = "" +"" .. math.floor(bonusEffects[53].statModifier * mult) .. "" Might and Personality."","
 Might, Intellect and Personality.	 힘, 지능 및 성격.	translated	item	1	reviewed_preserved_or_moved_display:1	Scripts/General/zzMaw-Items.lua	"[77] = "" +"" .. math.floor(bonusEffects[77].statModifier * mult) .. "" Might, Intellect and Personality."","
 Might.	 힘.	translated	item	1	reviewed_preserved_or_moved_display:1	Scripts/General/zzMaw-Items.lua	"[46] = ""Adds "" .. enchRangeText(46) .. "" points of Fire damage to "" .. weaponType .. "" attacks and +"" .. math.floor(bonusEffects[46].statModifier * mult).. "" Might."","
 on weapons and body armor), up to 1 Bonus Power every 	 (무기와 몸통 방어구). 사용 캐릭터의 다음 레벨 간격마다 보너스 위력을 최대 1씩 높일 수 있습니다: 	translated	item	1	reviewed_preserved_or_moved_display:1	Scripts/General/zzAlchemy.lua	"cube.Notes=""The Crafting Cube raises the Item Bonus Power of any equipment by "" .. CRAFTING_CUBE_POWER .. "" ("" .. CRAFTING_CUBE_POWER_WEAPON_ARMOR .. "" on weapons and body armor), up to 1 Bonus Power every "" .. MawCore.ItemLevel.PerPower .. "" levels of the character using it, max "" .. GetPrimordialCharges(math.huge) .. "" (the most a Primordial item can drop with). Each point of Bonus Power is worth "" .. MawCore.ItemLevel.PerPower .. "" item levels.\nUsed on a Dimension Map, it moves the map to an"
 Personality and Accuracy.	 성격 및 정확도.	translated	item	1	reviewed_preserved_or_moved_display:1	Scripts/General/zzMaw-Items.lua	"[74] = "" +"" .. math.floor(bonusEffects[74].statModifier * mult) .. "" Personality and Accuracy."","
 points of 	점의 	translated	item	1	reviewed_preserved_or_moved_display:1	Scripts/General/zzMaw-Items.lua	"return ""Adds "" .. enchRangeText(id) .. "" points of "" .. kind .. "" damage."""
 points of Fire damage to 	 화염 피해 (	translated	item	1	reviewed_preserved_or_moved_display:1	Scripts/General/zzMaw-Items.lua	"[46] = ""Adds "" .. enchRangeText(46) .. "" points of Fire damage to "" .. weaponType .. "" attacks and +"" .. math.floor(bonusEffects[46].statModifier * mult).. "" Might."","
 Speed and Accuracy.	 속도 및 정확도.	translated	item	1	reviewed_preserved_or_moved_display:1	Scripts/General/zzMaw-Items.lua	"[45] = "" +"" .. math.floor(bonusEffects[45].statModifier * mult) .. "" Speed and Accuracy."","
 Spell points and Meditation Skill +	 주문력 및 명상 기술 +	translated	item	1	reviewed_preserved_or_moved_display:1	Scripts/General/zzMaw-Items.lua	"[47] = "" +"" .. math.floor(bonusEffects[47].statModifier * mult) .. "" Spell points and Meditation Skill +"" .. MawCore.Formulas.chargesMeditationSkill(MaxCharges),"
 Spell points, Speed, Intellect.	 주문력, 속도, 지능.	translated	item	1	reviewed_preserved_or_moved_display:1	Scripts/General/zzMaw-Items.lua	"[51] = "" +"" .. math.floor(bonusEffects[51].statModifier * mult) .. "" Spell points, Speed, Intellect."","
 to all Resistances.	 모든 저항.	translated	item	1	reviewed_preserved_or_moved_display:1	Scripts/General/zzMaw-Items.lua	"[1] =  "" +"" .. math.floor(bonusEffects[1].statModifier * mult) .. "" to all Resistances."","
 to all Seven Statistics.	 7대 능력치 전체.	translated	item	1	reviewed_preserved_or_moved_display:1	Scripts/General/zzMaw-Items.lua	"[2] = "" +"" .. math.floor(bonusEffects[2].statModifier * mult) .. "" to all Seven Statistics."","
 to Endurance, Armor, Hit points.	 인내력, 방어력, 생명력.	translated	item	1	reviewed_preserved_or_moved_display:1	Scripts/General/zzMaw-Items.lua	"[43] = "" +"" .. math.floor(bonusEffects[43].statModifier * mult) .. "" to Endurance, Armor, Hit points."","
 to Seven Stats, HP, SP, Armor, Resistances.	 7대 능력치, 생명력, 주문력, 방어력, 저항.	translated	item	2	reviewed_preserved_or_moved_display:2	Scripts/General/zzMaw-Items.lua	"[42] = "" +"" .. math.floor(bonusEffects[42].statModifier * mult) .. "" to Seven Stats, HP, SP, Armor, Resistances."","
 to spell damage and +	 주문 피해, +	translated	item	1	reviewed_preserved_or_moved_display:1	Scripts/General/zzMaw-Items.lua	"[39] = ""Adds "" .. enchRangeText(39) .. "" to spell damage and +"" .. math.floor(bonusEffects[46].statModifier * mult).. "" Intellect and personality."","
"% above what the item is worth.
The better the item, the less one Cube adds to it: "	"%.
품질이 좋은 아이템일수록 큐브 하나로 얻는 증가량이 적습니다. 일반 및 마법부여 아이템: "	translated	item	1	proven_itemtxt_alias_display:1	Scripts/General/zzAlchemy.lua	"txt[1063].Notes=""Pandora's Cube refines the base damage of a weapon or the base armor of a piece of armor, up to "" .. CUBE_QUALITY_MAX .. ""% above what the item is worth.\nThe better the item, the less one Cube adds to it: "" .. cubeQualityStep[const.Rarity.Common] .. ""% on plain and enchanted items, "" .. cubeQualityStep[const.Rarity.Rare] .. ""% on rare, "" .. cubeQualityStep[const.Rarity.Epic] .. ""% on epic, "" .. cubeQualityStep[const.Rarity.Ancient] .. ""% on ancient, "" .. cubeQualityStep[const.R"
% craft items drop chances 	% 제작 재료 드롭 확률 	translated	item	1	reviewed_preserved_or_moved_display:1	Scripts/Modules/MawCore/Tooltip.lua	"t.Enchantment=t.Enchantment .. StrColor(0, 127, 255,""\n+"" .. round((it.MaxCharges*power+power*20)/8*1.5) .. ""% craft items drop chances ""  .. ""\n+"" .. round((it.MaxCharges*power+power*20)/4) .. ""% item quality "" .. ""%\n+"" .. round((it.MaxCharges*power+power*20)/3) .. ""% monster density"")"
% item quality 	% 아이템 품질 	translated	item	1	reviewed_preserved_or_moved_display:1	Scripts/Modules/MawCore/Tooltip.lua	"t.Enchantment=t.Enchantment .. StrColor(0, 127, 255,""\n+"" .. round((it.MaxCharges*power+power*20)/8*1.5) .. ""% craft items drop chances ""  .. ""\n+"" .. round((it.MaxCharges*power+power*20)/4) .. ""% item quality "" .. ""%\n+"" .. round((it.MaxCharges*power+power*20)/3) .. ""% monster density"")"
% monster density	% 몬스터 밀도	translated	item	1	reviewed_preserved_or_moved_display:1	Scripts/Modules/MawCore/Tooltip.lua	"t.Enchantment=t.Enchantment .. StrColor(0, 127, 255,""\n+"" .. round((it.MaxCharges*power+power*20)/8*1.5) .. ""% craft items drop chances ""  .. ""\n+"" .. round((it.MaxCharges*power+power*20)/4) .. ""% item quality "" .. ""%\n+"" .. round((it.MaxCharges*power+power*20)/3) .. ""% monster density"")"
% on ancient, 	%, 태고 및 전설: 	translated	item	1	proven_itemtxt_alias_display:1	Scripts/General/zzAlchemy.lua	"txt[1063].Notes=""Pandora's Cube refines the base damage of a weapon or the base armor of a piece of armor, up to "" .. CUBE_QUALITY_MAX .. ""% above what the item is worth.\nThe better the item, the less one Cube adds to it: "" .. cubeQualityStep[const.Rarity.Common] .. ""% on plain and enchanted items, "" .. cubeQualityStep[const.Rarity.Rare] .. ""% on rare, "" .. cubeQualityStep[const.Rarity.Epic] .. ""% on epic, "" .. cubeQualityStep[const.Rarity.Ancient] .. ""% on ancient, "" .. cubeQualityStep[const.R"
% on artifacts, 	%, 천상: 	translated	item	1	reviewed_preserved_or_moved_display:1	Scripts/General/zzAlchemy.lua	"txt[1063].Notes=""Pandora's Cube refines the base damage of a weapon or the base armor of a piece of armor, up to "" .. CUBE_QUALITY_MAX .. ""% above what the item is worth.\nThe better the item, the less one Cube adds to it: "" .. cubeQualityStep[const.Rarity.Common] .. ""% on plain and enchanted items, "" .. cubeQualityStep[const.Rarity.Rare] .. ""% on rare, "" .. cubeQualityStep[const.Rarity.Epic] .. ""% on epic, "" .. cubeQualityStep[const.Rarity.Ancient] .. ""% on ancient, "" .. cubeQualityStep[const.R"
"% on celestial.
(right-click on a weapon or armor to use)"	"%.
(무기나 방어구를 우클릭하여 사용)"	translated	item	1	reviewed_preserved_or_moved_display:1	Scripts/General/zzAlchemy.lua	"txt[1063].Notes=""Pandora's Cube refines the base damage of a weapon or the base armor of a piece of armor, up to "" .. CUBE_QUALITY_MAX .. ""% above what the item is worth.\nThe better the item, the less one Cube adds to it: "" .. cubeQualityStep[const.Rarity.Common] .. ""% on plain and enchanted items, "" .. cubeQualityStep[const.Rarity.Rare] .. ""% on rare, "" .. cubeQualityStep[const.Rarity.Epic] .. ""% on epic, "" .. cubeQualityStep[const.Rarity.Ancient] .. ""% on ancient, "" .. cubeQualityStep[const.R"
% on epic, 	%, 고대: 	translated	item	1	proven_itemtxt_alias_display:1	Scripts/General/zzAlchemy.lua	"txt[1063].Notes=""Pandora's Cube refines the base damage of a weapon or the base armor of a piece of armor, up to "" .. CUBE_QUALITY_MAX .. ""% above what the item is worth.\nThe better the item, the less one Cube adds to it: "" .. cubeQualityStep[const.Rarity.Common] .. ""% on plain and enchanted items, "" .. cubeQualityStep[const.Rarity.Rare] .. ""% on rare, "" .. cubeQualityStep[const.Rarity.Epic] .. ""% on epic, "" .. cubeQualityStep[const.Rarity.Ancient] .. ""% on ancient, "" .. cubeQualityStep[const.R"
% on plain and enchanted items, 	%, 희귀: 	translated	item	1	proven_itemtxt_alias_display:1	Scripts/General/zzAlchemy.lua	"txt[1063].Notes=""Pandora's Cube refines the base damage of a weapon or the base armor of a piece of armor, up to "" .. CUBE_QUALITY_MAX .. ""% above what the item is worth.\nThe better the item, the less one Cube adds to it: "" .. cubeQualityStep[const.Rarity.Common] .. ""% on plain and enchanted items, "" .. cubeQualityStep[const.Rarity.Rare] .. ""% on rare, "" .. cubeQualityStep[const.Rarity.Epic] .. ""% on epic, "" .. cubeQualityStep[const.Rarity.Ancient] .. ""% on ancient, "" .. cubeQualityStep[const.R"
% on primordial and legendary, 	%, 유물: 	translated	item	1	reviewed_preserved_or_moved_display:1	Scripts/General/zzAlchemy.lua	"txt[1063].Notes=""Pandora's Cube refines the base damage of a weapon or the base armor of a piece of armor, up to "" .. CUBE_QUALITY_MAX .. ""% above what the item is worth.\nThe better the item, the less one Cube adds to it: "" .. cubeQualityStep[const.Rarity.Common] .. ""% on plain and enchanted items, "" .. cubeQualityStep[const.Rarity.Rare] .. ""% on rare, "" .. cubeQualityStep[const.Rarity.Epic] .. ""% on epic, "" .. cubeQualityStep[const.Rarity.Ancient] .. ""% on ancient, "" .. cubeQualityStep[const.R"
% on rare, 	%, 영웅: 	translated	item	1	proven_itemtxt_alias_display:1	Scripts/General/zzAlchemy.lua	"txt[1063].Notes=""Pandora's Cube refines the base damage of a weapon or the base armor of a piece of armor, up to "" .. CUBE_QUALITY_MAX .. ""% above what the item is worth.\nThe better the item, the less one Cube adds to it: "" .. cubeQualityStep[const.Rarity.Common] .. ""% on plain and enchanted items, "" .. cubeQualityStep[const.Rarity.Rare] .. ""% on rare, "" .. cubeQualityStep[const.Rarity.Epic] .. ""% on epic, "" .. cubeQualityStep[const.Rarity.Ancient] .. ""% on ancient, "" .. cubeQualityStep[const.R"
AC gained from armors is doubled	방어구에서 얻는 방어력이 두 배가 됩니다	translated	item	1	reviewed_preserved_or_moved_display:1	Scripts/General/zzMaw-Items.lua	"[28]=""AC gained from armors is doubled"","
Accuracy	정확도	translated	item	2	reviewed_preserved_or_moved_display:2	Scripts/General/zzMaw-Items.lua	"itemStatName[5] = StrColor(255, 255, 0, ""Accuracy"")"
Adds 	추가 	translated	item	3	reviewed_preserved_or_moved_display:3	Scripts/General/zzMaw-Items.lua	"return ""Adds "" .. enchRangeText(id) .. "" points of "" .. kind .. "" damage."""
Air Magic Skill +	공기 마법 기술 +	translated	item	1	reviewed_preserved_or_moved_display:1	Scripts/General/zzMaw-Items.lua	"[26] = ""Air Magic Skill +"" .. MawCore.Formulas.chargesSchoolSkill(MaxCharges),"
Air Resistance	공기 저항	translated	item	2	reviewed_preserved_or_moved_display:2	Scripts/General/zzMaw-Items.lua	"itemStatName[12] = StrColor(173, 216, 230, ""Air Resistance"")"
Alchemy skill	연금술 기술	translated	item	2	reviewed_preserved_or_moved_display:2	Scripts/General/zzMaw-Items.lua	"itemStatName[17] = StrColor(255,255,153, ""Alchemy skill"")"
Ally	동료	translated	item	2	reviewed_preserved_or_moved_display:2	Scripts/General/zzMaw-Spells.lua; Scripts/General/zzzOnlineVariableSender.lua	"local name = (Multiplayer and Multiplayer.client_name and Multiplayer.client_name(healData.client_id)) or ""Ally"""
Ancient 	고대 	translated	item	1	reviewed_preserved_or_moved_display:1	Scripts/Modules/MawCore/Tooltip.lua	"t.Name=StrColor(255,128,0,""Ancient "" .. t.Name)"
Armor Class	방어력	translated	item	2	reviewed_preserved_or_moved_display:2	Scripts/General/zzMaw-Items.lua	"itemStatName[10] = StrColor(230, 204, 128, ""Armor Class"")"
Armor: +	방어력: +	translated	item	2	reviewed_preserved_or_moved_display:2	Scripts/Modules/MawCore/Tooltip.lua	"t.BasicStat= ""Armor: +"" .. ac .. MawQualityText(t.Item)"
Armsmaster skill	무기 전문가 기술	translated	item	2	reviewed_preserved_or_moved_display:2	Scripts/General/zzMaw-Items.lua	"itemStatName[22] = StrColor(255,255,153, ""Armsmaster skill"")"
Ascended Amber	승천한 호박	translated	item	1	reviewed_preserved_or_moved_display:1	Scripts/General/zzMaw-Items.lua	"local craftingNames={""Lunar Shard"", ""Fire Topaz"", ""Amethyst Chunk"", ""Amber Droplet"", ""Royal Amethyst"", ""Gemcutter's Ruby"", ""Solarstone"", ""Erudite Crystal"", ""Erathian Sapphire"", ""Queen's Diamond"",""Ascended Lunar Shard"", ""Ascended Topaz"", ""Ascended Amethyst"", ""Ascended Amber"", ""Ascended Purple Amethyst"", ""Ascended Ruby"", ""Ascended Solarstone"", ""Ascended Amber Droplet"", ""Ascended Sapphire"", ""Ascended Diamond""}"
Ascended Amethyst	승천한 자수정	translated	item	1	reviewed_preserved_or_moved_display:1	Scripts/General/zzMaw-Items.lua	"local craftingNames={""Lunar Shard"", ""Fire Topaz"", ""Amethyst Chunk"", ""Amber Droplet"", ""Royal Amethyst"", ""Gemcutter's Ruby"", ""Solarstone"", ""Erudite Crystal"", ""Erathian Sapphire"", ""Queen's Diamond"",""Ascended Lunar Shard"", ""Ascended Topaz"", ""Ascended Amethyst"", ""Ascended Amber"", ""Ascended Purple Amethyst"", ""Ascended Ruby"", ""Ascended Solarstone"", ""Ascended Amber Droplet"", ""Ascended Sapphire"", ""Ascended Diamond""}"
Ascended Diamond	승천한 다이아몬드	translated	item	1	reviewed_preserved_or_moved_display:1	Scripts/General/zzMaw-Items.lua	"local craftingNames={""Lunar Shard"", ""Fire Topaz"", ""Amethyst Chunk"", ""Amber Droplet"", ""Royal Amethyst"", ""Gemcutter's Ruby"", ""Solarstone"", ""Erudite Crystal"", ""Erathian Sapphire"", ""Queen's Diamond"",""Ascended Lunar Shard"", ""Ascended Topaz"", ""Ascended Amethyst"", ""Ascended Amber"", ""Ascended Purple Amethyst"", ""Ascended Ruby"", ""Ascended Solarstone"", ""Ascended Amber Droplet"", ""Ascended Sapphire"", ""Ascended Diamond""}"
Ascended Purple Amethyst	승천한 보라 자수정	translated	item	1	reviewed_preserved_or_moved_display:1	Scripts/General/zzMaw-Items.lua	"local craftingNames={""Lunar Shard"", ""Fire Topaz"", ""Amethyst Chunk"", ""Amber Droplet"", ""Royal Amethyst"", ""Gemcutter's Ruby"", ""Solarstone"", ""Erudite Crystal"", ""Erathian Sapphire"", ""Queen's Diamond"",""Ascended Lunar Shard"", ""Ascended Topaz"", ""Ascended Amethyst"", ""Ascended Amber"", ""Ascended Purple Amethyst"", ""Ascended Ruby"", ""Ascended Solarstone"", ""Ascended Amber Droplet"", ""Ascended Sapphire"", ""Ascended Diamond""}"
Ascended Ruby	승천한 루비	translated	item	1	reviewed_preserved_or_moved_display:1	Scripts/General/zzMaw-Items.lua	"local craftingNames={""Lunar Shard"", ""Fire Topaz"", ""Amethyst Chunk"", ""Amber Droplet"", ""Royal Amethyst"", ""Gemcutter's Ruby"", ""Solarstone"", ""Erudite Crystal"", ""Erathian Sapphire"", ""Queen's Diamond"",""Ascended Lunar Shard"", ""Ascended Topaz"", ""Ascended Amethyst"", ""Ascended Amber"", ""Ascended Purple Amethyst"", ""Ascended Ruby"", ""Ascended Solarstone"", ""Ascended Amber Droplet"", ""Ascended Sapphire"", ""Ascended Diamond""}"
Ascended Sapphire	승천한 사파이어	translated	item	1	reviewed_preserved_or_moved_display:1	Scripts/General/zzMaw-Items.lua	"local craftingNames={""Lunar Shard"", ""Fire Topaz"", ""Amethyst Chunk"", ""Amber Droplet"", ""Royal Amethyst"", ""Gemcutter's Ruby"", ""Solarstone"", ""Erudite Crystal"", ""Erathian Sapphire"", ""Queen's Diamond"",""Ascended Lunar Shard"", ""Ascended Topaz"", ""Ascended Amethyst"", ""Ascended Amber"", ""Ascended Purple Amethyst"", ""Ascended Ruby"", ""Ascended Solarstone"", ""Ascended Amber Droplet"", ""Ascended Sapphire"", ""Ascended Diamond""}"
Ascended Topaz	승천한 토파즈	translated	item	1	reviewed_preserved_or_moved_display:1	Scripts/General/zzMaw-Items.lua	"local craftingNames={""Lunar Shard"", ""Fire Topaz"", ""Amethyst Chunk"", ""Amber Droplet"", ""Royal Amethyst"", ""Gemcutter's Ruby"", ""Solarstone"", ""Erudite Crystal"", ""Erathian Sapphire"", ""Queen's Diamond"",""Ascended Lunar Shard"", ""Ascended Topaz"", ""Ascended Amethyst"", ""Ascended Amber"", ""Ascended Purple Amethyst"", ""Ascended Ruby"", ""Ascended Solarstone"", ""Ascended Amber Droplet"", ""Ascended Sapphire"", ""Ascended Diamond""}"
Attack: +	공격: +	translated	item	2	reviewed_preserved_or_moved_display:2	Scripts/Modules/MawCore/Tooltip.lua	"t.BasicStat= ""Attack: +"" .. bonus .. ""  Damage: "" .. lo .. ""-"" .. hi"
Body Magic Skill +	육체 마법 기술 +	translated	item	1	reviewed_preserved_or_moved_display:1	Scripts/General/zzMaw-Items.lua	"[27] = ""Body Magic Skill +"" .. MawCore.Formulas.chargesSchoolSkill(MaxCharges),"
Body Resistance	육체 저항	translated	item	2	reviewed_preserved_or_moved_display:2	Scripts/General/zzMaw-Items.lua	"itemStatName[16] = StrColor(255, 192, 203, ""Body Resistance"")"
Bonus AC: 	추가 방어력: 	translated	item	1	formatted_colored_text:1	Scripts/Modules/MawCore/SkillTooltip.lua	"txt = txt .. ""Bonus AC: "" .. StrColor(255, 255, 100, itemArmorClassBonus1) .. ""\n"""
Bonus Resistances: 	추가 저항: 	translated	item	2	formatted_colored_text:2	Scripts/Modules/MawCore/SkillTooltip.lua	"txt = txt .. ""Bonus Resistances: "" .. StrColor(255, 255, 100, itemResistanceBonus1) .. ""\n"""
"Buffs reserve Hit Points instead of Mana and Hit Point coefficient is used instead.
Enlightenment bonus still apply."	"버프가 마나 대신 생명력을 점유하며 생명력 계수를 대신 사용합니다.
깨달음 보너스는 계속 적용됩니다."	translated	item	1	reviewed_preserved_or_moved_display:1	Scripts/General/zzMaw-Items.lua	"[32]=""Buffs reserve Hit Points instead of Mana and Hit Point coefficient is used instead.\nEnlightenment bonus still apply."","
Celestial 	천상의 	translated	item	1	reviewed_preserved_or_moved_display:1	Scripts/Modules/MawCore/Tooltip.lua	"t.Name=StrColor(120, 240, 255,""Celestial "" .. t.Name)"
Cold	냉기	translated	item	3	reviewed_preserved_or_moved_display:3	Scripts/General/zzMaw-Items.lua	"[4] = enchDmgText(4, ""Cold""),"
Crafting Item	제작 재료	translated	item	2	reviewed_preserved_or_moved_display:2	Scripts/General/zzAlchemy.lua	"Game.ItemsTxt[i].NotIdentifiedName=""Crafting Item"""
Crit chance increased by 10% and crit chance over 100% increases total damage	치명타 확률이 10% 증가하며, 100%를 초과한 치명타 확률은 총 피해를 증가시킵니다	translated	item	1	reviewed_preserved_or_moved_display:1	Scripts/General/zzMaw-Items.lua	"[14]=""Crit chance increased by 10% and crit chance over 100% increases total damage"","
curse	저주	translated	item	1	reviewed_preserved_or_moved_display:1	Scripts/General/zzMaw-Items.lua	"[18] = { [9] = ""disease"", [10] = ""disease"", [11] = ""disease"", [1] = ""curse"" },"
Dark Magic Skill +	어둠 마법 기술 +	translated	item	1	reviewed_preserved_or_moved_display:1	Scripts/General/zzMaw-Items.lua	"[28] = ""Dark Magic Skill +"" .. MawCore.Formulas.chargesSchoolSkill(MaxCharges),"
death	죽음	translated	item	1	reviewed_preserved_or_moved_display:1	Scripts/General/zzMaw-Items.lua	"[25] = { [14] = ""death"", [16] = ""eradication"" },"
Death and Eradication Immunity	죽음 및 소멸 면역	translated	item	1	reviewed_preserved_or_moved_display:1	Scripts/General/zzMaw-Items.lua	"Game.SpcItemsTxt[24].BonusStat=""Death and Eradication Immunity"""
Dimension Map	차원 지도	translated	item	1	reviewed_preserved_or_moved_display:1	Scripts/General/zzMaw-Maps.lua	"Game.ItemsTxt[290].Name=""Dimension Map"""
Disarm skill	함정 해제 기술	translated	item	2	reviewed_preserved_or_moved_display:2	Scripts/General/zzMaw-Items.lua	"itemStatName[19] = StrColor(255,255,153, ""Disarm skill"")"
disease	질병	translated	item	3	reviewed_preserved_or_moved_display:3	Scripts/General/zzMaw-Items.lua	"[18] = { [9] = ""disease"", [10] = ""disease"", [11] = ""disease"", [1] = ""curse"" },"
Disease and Curse Immunity	질병 및 저주 면역	translated	item	1	reviewed_preserved_or_moved_display:1	Scripts/General/zzMaw-Items.lua	"Game.SpcItemsTxt[17].BonusStat=""Disease and Curse Immunity"""
Divine protection (instead of dying you go back to 25% HP, once every 5 minutes)	신성한 보호 (사망하는 대신 생명력 25%로 회복, 5분마다 한 번)	translated	item	1	reviewed_preserved_or_moved_display:1	Scripts/General/zzMaw-Items.lua	"[15]=""Divine protection (instead of dying you go back to 25% HP, once every 5 minutes)"","
Dodge skill	회피 기술	translated	item	2	reviewed_preserved_or_moved_display:2	Scripts/General/zzMaw-Items.lua	"itemStatName[23] = StrColor(255,255,153, ""Dodge skill"")"
Each attack makes the monster take %s%% more damage of any kind, stacking until it dies	공격할 때마다 몬스터가 받는 모든 피해가 %s%% 증가합니다. 몬스터가 죽을 때까지 중첩됩니다	translated	item	1	reviewed_preserved_or_moved_display:1	Scripts/General/zzMaw-Items.lua	"""Each attack makes the monster take %s%% more damage of any kind, stacking until it dies"","
Each attack makes the monster take 1% more damage of any kind, stacking until it dies	공격할 때마다 몬스터가 받는 모든 피해가 1% 증가하며, 죽을 때까지 중첩됩니다	translated	item	1	proven_legendary_item_tooltip:1	Scripts/General/zzMaw-Items.lua	"[29]=""Each attack makes the monster take 1% more damage of any kind, stacking until it dies"","
Earth Magic Skill +	대지 마법 기술 +	translated	item	1	reviewed_preserved_or_moved_display:1	Scripts/General/zzMaw-Items.lua	"[29] = ""Earth Magic Skill +"" .. MawCore.Formulas.chargesSchoolSkill(MaxCharges),"
Earth Resistance	대지 저항	translated	item	2	reviewed_preserved_or_moved_display:2	Scripts/General/zzMaw-Items.lua	"itemStatName[14] = StrColor(153, 76, 0, ""Earth Resistance"")"
Electrical	전기	translated	item	3	reviewed_preserved_or_moved_display:3	Scripts/General/zzMaw-Items.lua	"[7] = enchDmgText(7, ""Electrical""),"
Endless Potion	무한 물약	translated	item	1	reviewed_preserved_or_moved_display:1	Scripts/General/zzAlchemy.lua	"Game.ItemsTxt[1069].Name=""Endless Potion"""
Endurance	인내력	translated	item	2	reviewed_preserved_or_moved_display:2	Scripts/General/zzMaw-Items.lua	"itemStatName[4] = StrColor(0, 255, 0, ""Endurance"")"
eradication	소멸	translated	item	1	reviewed_preserved_or_moved_display:1	Scripts/General/zzMaw-Items.lua	"[25] = { [14] = ""death"", [16] = ""eradication"" },"
Explosive Impact! (half damage)	폭발 충격! (피해 절반)	translated	item	2	reviewed_preserved_or_moved_display:2	Scripts/General/zzMaw-Items.lua	"Game.SpcItemsTxt[2].BonusStat=""Explosive Impact! (half damage)"""
fear	공포	translated	item	1	reviewed_preserved_or_moved_display:1	Scripts/General/zzMaw-Items.lua	"[20] = { [12] = ""paralysis"", [23] = ""fear"" },"
Fire	화염	translated	item	3	reviewed_preserved_or_moved_display:3	Scripts/General/zzMaw-Items.lua	"[10] = enchDmgText(10, ""Fire""),"
Fire Magic Skill +	화염 마법 기술 +	translated	item	1	reviewed_preserved_or_moved_display:1	Scripts/General/zzMaw-Items.lua	"[30] = ""Fire Magic Skill +"" .. MawCore.Formulas.chargesSchoolSkill(MaxCharges),"
Fire Resistance	화염 저항	translated	item	2	reviewed_preserved_or_moved_display:2	Scripts/General/zzMaw-Items.lua	"itemStatName[11] = StrColor(255, 70, 70, ""Fire Resistance"")"
"Grant 1 enchant to an unenchanted item, based on potion Power.
Require at least 20 power to work.
"	"물약 위력에 따라 마법이 부여되지 않은 아이템에 마법부여 효과 1개를 추가합니다.
작동하려면 위력이 최소 20 필요합니다.
"	translated	item	1	reviewed_preserved_or_moved_display:1	Scripts/General/zzAlchemy.lua	"[238] = ""Grant 1 enchant to an unenchanted item, based on potion Power.\nRequire at least 20 power to work.\n"","
Great might	강대한 힘	translated	item	1	reviewed_preserved_or_moved_display:1	Scripts/General/zzMaw-Items.lua	"itemStatName[25] = StrColor(255,255,153, ""Great might"")"
Greater Heal	대치유	translated	item	5	reviewed_preserved_or_moved_display:5	Scripts/General/zzMaw-Items.lua; Scripts/General/zzMaw-Spells.lua	"Game.ItemsTxt[473].Name=""Greater Heal"""
Hit Points	생명력	translated	item	4	reviewed_preserved_or_moved_display:4	Scripts/General/zzMaw-Items.lua; Scripts/General/zzMaw-Stats.lua	"itemStatName[8] = StrColor(0, 255, 0, ""Hit Points"")"
I have already bought an item like that.	이런 아이템은 이미 구매했습니다.	translated	item	1	reviewed_upstream_26cf80b_display:1	Scripts/Modules/MawCore/SpecialItems.lua	"AlreadySold = ""I have already bought an item like that."","
ID Item skill	아이템 감정 기술	translated	item	2	reviewed_preserved_or_moved_display:2	Scripts/General/zzMaw-Items.lua	"itemStatName[20] = StrColor(255,255,153, ""ID Item skill"")"
ID Monster skill	몬스터 감정 기술	translated	item	2	reviewed_preserved_or_moved_display:2	Scripts/General/zzMaw-Items.lua	"itemStatName[21] = StrColor(255,255,153, ""ID Monster skill"")"
Immunity to all status effects from monsters	몬스터가 유발하는 모든 상태 이상에 면역이 됩니다	translated	item	1	reviewed_preserved_or_moved_display:1	Scripts/General/zzMaw-Items.lua	"[13]=""Immunity to all status effects from monsters"","
Increase melee damage by 5% for each enemy in the nearbies	주변의 적 하나마다 근접 피해가 5% 증가합니다	translated	item	1	reviewed_preserved_or_moved_display:1	Scripts/General/zzMaw-Items.lua	"[21]=""Increase melee damage by 5% for each enemy in the nearbies"","
Increase Melee weapon skill by 10	근접 무기 기술이 10 증가합니다	translated	item	1	reviewed_preserved_or_moved_display:1	Scripts/General/zzMaw-Items.lua	"[33]=""Increase Melee weapon skill by 10"","
Increase the effect of resistances base enchants by 50%	저항 기본 마법부여의 효과가 50% 증가합니다	translated	item	1	reviewed_preserved_or_moved_display:1	Scripts/General/zzMaw-Items.lua	"[16]=""Increase the effect of resistances base enchants by 50%"","
Increases Ascension Skill level by 10	승천 기술 레벨이 10 증가합니다	translated	item	1	reviewed_preserved_or_moved_display:1	Scripts/General/zzMaw-Items.lua	"[25]=""Increases Ascension Skill level by 10"","
Increases damage from weapon enchants by 50%	무기 마법부여의 피해가 50% 증가합니다	translated	item	1	proven_legendary_item_tooltip:1	Scripts/General/zzMaw-Items.lua	"[19]=""Increases damage from weapon enchants by 50%"","
"Increases item's roughness, making it more resistant to breaking.
"	"아이템의 내구성을 높여 파손에 더 잘 견디게 합니다.
"	translated	item	1	reviewed_preserved_or_moved_display:1	Scripts/General/zzAlchemy.lua	"[236] = ""Increases item's roughness, making it more resistant to breaking.\n"","
insanity	광기	translated	item	1	reviewed_preserved_or_moved_display:1	Scripts/General/zzMaw-Items.lua	"[19] = { [5] = ""insanity"", [22] = ""spell drain"" },"
Insanity and SP drain Immunity	광기 및 주문력 흡수 면역	translated	item	1	reviewed_preserved_or_moved_display:1	Scripts/General/zzMaw-Items.lua	"Game.SpcItemsTxt[18].BonusStat=""Insanity and SP drain Immunity"""
Intellect	지능	translated	item	2	reviewed_preserved_or_moved_display:2	Scripts/General/zzMaw-Items.lua	"itemStatName[2] = StrColor(255, 128, 0, ""Intellect"")"
Item	아이템	translated	item	1	reviewed_preserved_or_moved_display:1	Scripts/General/zzzMaw_CraftingBag.lua	"local displayName = (itemRecord.Identified and txt.Name) or txt.NotIdentifiedName or txt.Name or ""Item"""
Killing a Monster restores %s%% of Health and %s%% of Mana, counted on the pool left after buffs reserve theirs	몬스터를 처치하면 체력의 %s%%와 마나의 %s%%를 회복합니다. 강화 효과가 마나를 점유한 뒤 남은 수치를 기준으로 계산합니다	translated	item	1	reviewed_preserved_or_moved_display:1	Scripts/General/zzMaw-Items.lua	"""Killing a Monster restores %s%% of Health and %s%% of Mana, counted on the pool left after buffs reserve theirs"","
Killing a Monster Restores 10% of Health and 5% of Mana	몬스터 처치 시 생명력의 10%와 주문력의 5%를 회복합니다	translated	item	1	proven_legendary_item_tooltip:1	Scripts/General/zzMaw-Items.lua	"[24]=""Killing a Monster Restores 10% of Health and 5% of Mana"","
Killing a monster with a single-target attack halves the recovery time	단일 대상 공격으로 몬스터를 처치하면 회복 시간이 절반으로 줄어듭니다	translated	item	1	reviewed_preserved_or_moved_display:1	Scripts/General/zzMaw-Items.lua	"[11]=""Killing a monster with a single-target attack halves the recovery time"","
Leech 10% of magical damage, increases cast speed (does not stack)	마법 피해의 10%만큼 생명력을 흡수하며 시전 속도가 증가합니다 (중첩 불가)	translated	item	1	proven_special_item_bonus_description:1	Scripts/General/zzMaw-Items.lua	"Game.SpcItemsTxt[39].BonusStat=""Leech 10% of magical damage, increases cast speed (does not stack)"""
Leech 10% of magical damage, increases cast speed (does not stack).	마법 피해의 10%를 흡수하고 시전 속도를 높입니다(중첩되지 않음).	translated	item	1	reviewed_preserved_or_moved_display:1	Scripts/General/zzMaw-Items.lua	"[40] = ""Leech 10% of magical damage, increases cast speed (does not stack)."","
Leech 10% of physical and magical damage	물리·마법 피해의 10%만큼 생명력을 흡수합니다	translated	item	1	proven_special_item_bonus_description:1	Scripts/General/zzMaw-Items.lua	"Game.SpcItemsTxt[15].BonusStat=""Leech 10% of physical and magical damage"""
Leech 10% of physical damage, increases attack speed	물리 피해의 10%만큼 생명력을 흡수하며 공격 속도가 증가합니다	translated	item	1	proven_special_item_bonus_description:1	Scripts/General/zzMaw-Items.lua	"Game.SpcItemsTxt[40].BonusStat=""Leech 10% of physical damage, increases attack speed"""
Leech also restores Mana, but its effect is halved	흡수가 마나도 회복하지만 효과는 절반으로 감소합니다	translated	item	1	reviewed_preserved_or_moved_display:1	Scripts/General/zzMaw-Items.lua	"[31]=""Leech also restores Mana, but its effect is halved"","
Leech overhealing heals the most injured party member instead	흡수로 발생한 초과 회복량은 대신 가장 많이 다친 파티원을 회복합니다	translated	item	1	reviewed_preserved_or_moved_display:1	Scripts/General/zzMaw-Items.lua	"[27]=""Leech overhealing heals the most injured party member instead"","
Legendary 	전설의 	translated	item	1	reviewed_preserved_or_moved_display:1	Scripts/Modules/MawCore/Tooltip.lua	"t.Name=StrColor(255,255,30,""Legendary "" .. t.Name)"
Light Magic Skill +	빛 마법 기술 +	translated	item	1	reviewed_preserved_or_moved_display:1	Scripts/General/zzMaw-Items.lua	"[31] = ""Light Magic Skill +"" .. MawCore.Formulas.chargesSchoolSkill(MaxCharges),"
Locate item	아이템 찾기	translated	item	1	reviewed_preserved_or_moved_display:1	Scripts/Global/Quest_SavingGoobers.lua	"Topic	= ""Locate item"","
Longsword	장검	translated	item	1	reviewed_preserved_or_moved_display:1	Scripts/General/zzMaw-Items.lua	"Game.ItemsTxt[804].NotIdentifiedName=""Longsword"""
Luck	운	translated	item	2	reviewed_preserved_or_moved_display:2	Scripts/General/zzMaw-Items.lua	"itemStatName[7] = StrColor(255, 255, 255, ""Luck"")"
Mace	철퇴	translated	item	1	reviewed_preserved_or_moved_display:1	Scripts/General/zzMaw-Items.lua	"Game.ItemsTxt[67].NotIdentifiedName=""Mace"""
Meditation restores 1% more mana for each 1% of your mana reserved by buffs	버프에 할당한 주문력 1%마다 명상의 주문력 회복량이 1% 증가합니다	translated	item	1	proven_legendary_item_tooltip:1	Scripts/General/zzMaw-Items.lua	"[20]=""Meditation restores 1% more mana for each 1% of your mana reserved by buffs"","
Meditation Skill +	명상 기술 +	translated	item	1	reviewed_preserved_or_moved_display:1	Scripts/General/zzMaw-Items.lua	"[38] = ""Meditation Skill +"" .. MawCore.Formulas.chargesMeditationSkill(MaxCharges),"
Might	힘	translated	item	2	reviewed_preserved_or_moved_display:2	Scripts/General/zzMaw-Items.lua	"itemStatName[1] = StrColor(255, 0, 0, ""Might"")"
Might and accuracy enchantments give 40% bonus to intellect and personality. Intellect and personality enchantments give 40% bonus to might and accuracy	힘과 정확도 마법부여는 지력과 인격에 40%의 추가 보너스를 줍니다. 지력과 인격 마법부여는 힘과 정확도에 40%의 추가 보너스를 줍니다	translated	item	1	reviewed_preserved_or_moved_display:1	Scripts/General/zzMaw-Items.lua	"[12]=""Might and accuracy enchantments give 40% bonus to intellect and personality. Intellect and personality enchantments give 40% bonus to might and accuracy"","
Mind Magic Skill +	정신 마법 기술 +	translated	item	1	reviewed_preserved_or_moved_display:1	Scripts/General/zzMaw-Items.lua	"[32] = ""Mind Magic Skill +"" .. MawCore.Formulas.chargesSchoolSkill(MaxCharges),"
Mind Resistance	정신 저항	translated	item	2	reviewed_preserved_or_moved_display:2	Scripts/General/zzMaw-Items.lua	"itemStatName[15] = StrColor(200, 200, 255, ""Mind Resistance"")"
No, no -- you will still need that %24. Come back once the task it is for is done.	안 됩니다. 그 %24은 아직 필요할 겁니다. 관련 일을 마치고 다시 오세요.	translated	item	1	reviewed_upstream_26cf80b_display:1	Scripts/Modules/MawCore/SpecialItems.lua	"QuestItem = ""No, no -- you will still need that %24. Come back once the task it is for is done."","
"Oracle's Orb is a mysterious and powerful artifact, a large, purple orb with a haunting face suspended within its core. This enigmatic relic is known for storing legendary abilities upon items it enchants.

 Adds the following legendary power to an item:"	"오라클의 오브는 중심부에 섬뜩한 얼굴이 떠 있는 크고 보랏빛인 신비롭고 강력한 유물입니다. 이 수수께끼의 유물은 자신이 마법부여한 아이템에 전설 능력을 저장하는 것으로 알려져 있습니다.

다음 전설 능력을 아이템에 부여합니다:"	translated	item	1	reviewed_preserved_or_moved_display:1	Scripts/General/zzAlchemy.lua	"txt[1067].Notes=""Oracle's Orb is a mysterious and powerful artifact, a large, purple orb with a haunting face suspended within its core. This enigmatic relic is known for storing legendary abilities upon items it enchants.\n\n Adds the following legendary power to an item:"""
Overhealing reduces recovery time equal to half overhealing amount	초과 회복량의 절반만큼 회복 시간을 감소시킵니다	translated	item	1	reviewed_preserved_or_moved_display:1	Scripts/General/zzMaw-Items.lua	"[35]=""Overhealing reduces recovery time equal to half overhealing amount"","
Overhealing refunds mana	초과 회복 시 마나를 돌려받습니다	translated	item	1	reviewed_preserved_or_moved_display:1	Scripts/General/zzMaw-Items.lua	"[34]=""Overhealing refunds mana"","
Pandora's Cube refines the base damage of a weapon or the base armor of a piece of armor, up to 	판도라의 큐브는 무기의 기본 피해나 방어구의 기본 방어력을 정련합니다. 아이템 본래 가치 대비 최대 증가율: 	translated	item	1	proven_itemtxt_alias_display:1	Scripts/General/zzAlchemy.lua	"txt[1063].Notes=""Pandora's Cube refines the base damage of a weapon or the base armor of a piece of armor, up to "" .. CUBE_QUALITY_MAX .. ""% above what the item is worth.\nThe better the item, the less one Cube adds to it: "" .. cubeQualityStep[const.Rarity.Common] .. ""% on plain and enchanted items, "" .. cubeQualityStep[const.Rarity.Rare] .. ""% on rare, "" .. cubeQualityStep[const.Rarity.Epic] .. ""% on epic, "" .. cubeQualityStep[const.Rarity.Ancient] .. ""% on ancient, "" .. cubeQualityStep[const.R"
paralysis	마비	translated	item	1	reviewed_preserved_or_moved_display:1	Scripts/General/zzMaw-Items.lua	"[20] = { [12] = ""paralysis"", [23] = ""fear"" },"
Paralysis and fear Immunity	마비 및 공포 면역	translated	item	1	reviewed_preserved_or_moved_display:1	Scripts/General/zzMaw-Items.lua	"Game.SpcItemsTxt[19].BonusStat=""Paralysis and fear Immunity"""
Personality	인격	translated	item	2	reviewed_preserved_or_moved_display:2	Scripts/General/zzMaw-Items.lua	"itemStatName[3] = StrColor(0, 127, 255, ""Personality"")"
poison	독	translated	item	3	reviewed_preserved_or_moved_display:3	Scripts/General/zzMaw-Items.lua	"[21] = { [6] = ""poison"", [7] = ""poison"", [8] = ""poison"", [2] = ""weakness"" },"
Poison and weakness Immunity	독 및 약화 면역	translated	item	1	reviewed_preserved_or_moved_display:1	Scripts/General/zzMaw-Items.lua	"Game.SpcItemsTxt[20].BonusStat=""Poison and weakness Immunity"""
Potion Bottle	물약병	translated	item	1	reviewed_preserved_or_moved_display:1	Scripts/General/zzAlchemy.lua	"Game.ItemsTxt[1069].NotIdentifiedName=""Potion Bottle"""
Potion Deleted in Austerity	절제 모드에서 삭제된 물약	translated	item	3	reviewed_preserved_or_moved_display:3	Scripts/General/zzAlchemy.lua	"Game.ItemsTxt[i].Name=""Potion Deleted in Austerity"""
Potion Deleted in MAW	MAW에서 삭제된 물약	translated	item	1	reviewed_preserved_or_moved_display:1	Scripts/General/zzAlchemy.lua	"Game.ItemsTxt[i].Name=""Potion Deleted in MAW"""
premature ageing	조기 노화	translated	item	1	reviewed_preserved_or_moved_display:1	Scripts/General/zzMaw-Items.lua	"[23] = { [15] = ""stone"", [21] = ""premature ageing"" },"
Primordial 	태고의 	translated	item	1	reviewed_preserved_or_moved_display:1	Scripts/Modules/MawCore/Tooltip.lua	"t.Name=StrColor(255,0,0,""Primordial "" .. t.Name)"
"Recipes:
Add Red: Bless
Add Blue: Regeneration
Add Yellow: Harden Item
Add Orange: Stone to Flesh
Add Purple: Enchant Item"	"조합법:
빨강 추가: 축복
파랑 추가: 재생
노랑 추가: 아이템 강화
주황 추가: 석화 해제
보라 추가: 아이템 마법부여"	translated	item	1	reviewed_preserved_or_moved_display:1	Scripts/General/zzAlchemy.lua	"[227]=""Recipes:\nAdd Red: Bless\nAdd Blue: Regeneration\nAdd Yellow: Harden Item\nAdd Orange: Stone to Flesh\nAdd Purple: Enchant Item"","
"Recipes:
Add Red: Heroism
Add Blue: Meditation
Add Yellow: Water Breathing
Add Orange: Magic Protection
Add Green: Enchant Item"	"조합법:
빨강 추가: 영웅심
파랑 추가: 명상
노랑 추가: 수중 호흡
주황 추가: 마법 보호
초록 추가: 아이템 마법부여"	translated	item	1	reviewed_preserved_or_moved_display:1	Scripts/General/zzAlchemy.lua	"[226]=""Recipes:\nAdd Red: Heroism\nAdd Blue: Meditation\nAdd Yellow: Water Breathing\nAdd Orange: Magic Protection\nAdd Green: Enchant Item"","
Reduce all damage taken by 10%	받는 모든 피해가 10% 감소합니다	translated	item	1	reviewed_preserved_or_moved_display:1	Scripts/General/zzMaw-Items.lua	"[18]=""Reduce all damage taken by 10%"","
Reduces damage by 3% for each enemy in the nearbies	주변의 적 하나마다 받는 피해가 3% 감소합니다	translated	item	1	reviewed_preserved_or_moved_display:1	Scripts/General/zzMaw-Items.lua	"[22]=""Reduces damage by 3% for each enemy in the nearbies"","
Reduces Physical damage taken by 15%	받는 물리 피해 15% 감소	translated	item	1	reviewed_preserved_or_moved_display:1	Scripts/General/zzMaw-Items.lua	"Game.SpcItemsTxt[35].BonusStat=""Reduces Physical damage taken by 15%"""
Regenerates Hit Points and Meditation Skill +	생명력 재생 및 명상 기술 +	translated	item	1	reviewed_preserved_or_moved_display:1	Scripts/General/zzMaw-Items.lua	"[66] = ""Regenerates Hit Points and Meditation Skill +"" .. MawCore.Formulas.chargesMeditationSkill(MaxCharges),"
Repair skill	수리 기술	translated	item	2	reviewed_preserved_or_moved_display:2	Scripts/General/zzMaw-Items.lua	"itemStatName[18] = StrColor(255,255,153, ""Repair skill"")"
sleep	수면	translated	item	1	reviewed_preserved_or_moved_display:1	Scripts/General/zzMaw-Items.lua	"[22] = { [3] = ""sleep"", [13] = ""unconscious"" },"
Sleep and Unconscious Immunity	수면 및 의식불명 면역	translated	item	1	reviewed_preserved_or_moved_display:1	Scripts/General/zzMaw-Items.lua	"Game.SpcItemsTxt[21].BonusStat=""Sleep and Unconscious Immunity"""
Solarstone	태양석	translated	item	1	reviewed_preserved_or_moved_display:1	Scripts/General/zzMaw-Items.lua	"local craftingNames={""Lunar Shard"", ""Fire Topaz"", ""Amethyst Chunk"", ""Amber Droplet"", ""Royal Amethyst"", ""Gemcutter's Ruby"", ""Solarstone"", ""Erudite Crystal"", ""Erathian Sapphire"", ""Queen's Diamond"",""Ascended Lunar Shard"", ""Ascended Topaz"", ""Ascended Amethyst"", ""Ascended Amber"", ""Ascended Purple Amethyst"", ""Ascended Ruby"", ""Ascended Solarstone"", ""Ascended Amber Droplet"", ""Ascended Sapphire"", ""Ascended Diamond""}"
Speed	민첩성	translated	item	2	reviewed_preserved_or_moved_display:2	Scripts/General/zzMaw-Items.lua	"itemStatName[6] = StrColor(127, 0, 255, ""Speed"")"
spell drain	주문력 흡수	translated	item	1	reviewed_preserved_or_moved_display:1	Scripts/General/zzMaw-Items.lua	"[19] = { [5] = ""insanity"", [22] = ""spell drain"" },"
Spell Points	주문력	translated	item	2	reviewed_preserved_or_moved_display:2	Scripts/General/zzMaw-Items.lua	"itemStatName[9] = StrColor(0, 100, 255, ""Spell Points"")"
Spirit Magic Skill +	영혼 마법 기술 +	translated	item	1	reviewed_preserved_or_moved_display:1	Scripts/General/zzMaw-Items.lua	"[33] = ""Spirit Magic Skill +"" .. MawCore.Formulas.chargesSchoolSkill(MaxCharges),"
stone	석화	translated	item	1	reviewed_preserved_or_moved_display:1	Scripts/General/zzMaw-Items.lua	"[23] = { [15] = ""stone"", [21] = ""premature ageing"" },"
Stone and premature ageing Immunity	석화 및 조기 노화 면역	translated	item	1	reviewed_preserved_or_moved_display:1	Scripts/General/zzMaw-Items.lua	"Game.SpcItemsTxt[22].BonusStat=""Stone and premature ageing Immunity"""
Successfully covering an ally restores 3% of your HP	아군 엄호에 성공하면 자신의 생명력을 3% 회복합니다	translated	item	1	reviewed_preserved_or_moved_display:1	Scripts/General/zzMaw-Items.lua	"[23]=""Successfully covering an ally restores 3% of your HP"","
The Crafting Cube raises the Item Bonus Power of any equipment by 	제작 큐브는 장비의 아이템 보너스 위력을 증가시킵니다. 기본 증가량: 	translated	item	1	reviewed_preserved_or_moved_display:1	Scripts/General/zzAlchemy.lua	"cube.Notes=""The Crafting Cube raises the Item Bonus Power of any equipment by "" .. CRAFTING_CUBE_POWER .. "" ("" .. CRAFTING_CUBE_POWER_WEAPON_ARMOR .. "" on weapons and body armor), up to 1 Bonus Power every "" .. MawCore.ItemLevel.PerPower .. "" levels of the character using it, max "" .. GetPrimordialCharges(math.huge) .. "" (the most a Primordial item can drop with). Each point of Bonus Power is worth "" .. MawCore.ItemLevel.PerPower .. "" item levels.\nUsed on a Dimension Map, it moves the map to an"
The Pearl of Memory is a mystical item valued for its power to erase one random enchant from any enchanted item.	기억의 진주는 마법부여된 아이템에서 무작위 마법부여 하나를 지울 수 있는 힘을 지닌 신비한 아이템입니다.	translated	item	1	reviewed_preserved_or_moved_display:1	Scripts/General/zzAlchemy.lua	"txt[1066].Notes=""The Pearl of Memory is a mystical item valued for its power to erase one random enchant from any enchanted item."""
"This Eye allows to add a Special enchant to any equipment that has already 2 base enchants
(right-click on an item with a base enchant to use)"	"이 눈은 기본 마법부여가 이미 2개 있는 장비에 특수 마법부여를 추가할 수 있게 합니다.
(기본 마법부여가 있는 아이템을 우클릭하여 사용)"	translated	item	1	reviewed_preserved_or_moved_display:1	Scripts/General/zzAlchemy.lua	"txt[1061].Notes=""This Eye allows to add a Special enchant to any equipment that has already 2 base enchants\n(right-click on an item with a base enchant to use)"""
"This Hourglass allows to add a second base enchant to any equipment that has 1 base and a special enchant
(right-click on an item with a base enchant to use)"	"이 모래시계는 기본 마법부여 1개와 특수 마법부여가 있는 장비에 두 번째 기본 마법부여를 추가할 수 있게 합니다.
(기본 마법부여가 있는 아이템을 우클릭하여 사용)"	translated	item	1	reviewed_preserved_or_moved_display:1	Scripts/General/zzAlchemy.lua	"txt[1062].Notes=""This Hourglass allows to add a second base enchant to any equipment that has 1 base and a special enchant\n(right-click on an item with a base enchant to use)"""
This items allows to increase the number of charges of Protection, Meditation, Regeneration, Magic Protection, Champion's, Paladin's, Divine Blessing and Divine Resistance potions.	이 아이템은 보호, 명상, 재생, 마법 보호, 챔피언, 팔라딘, 신성한 축복, 신성한 저항 물약의 사용 횟수를 늘릴 수 있게 합니다.	translated	item	1	reviewed_preserved_or_moved_display:1	Scripts/General/zzAlchemy.lua	"Game.ItemsTxt[1069].Notes=""This items allows to increase the number of charges of Protection, Meditation, Regeneration, Magic Protection, Champion's, Paladin's, Divine Blessing and Divine Resistance potions."""
Threshold HP to determine death/eradication depends on SP multiplied by mana shield efficiency instead, if higher	죽음/소멸 판정에 사용하는 생명력 임계값은 더 높은 경우 주문력에 마나 방패 효율을 곱한 값을 대신 사용합니다	translated	item	1	reviewed_preserved_or_moved_display:1	Scripts/General/zzMaw-Items.lua	"[30]=""Threshold HP to determine death/eradication depends on SP multiplied by mana shield efficiency instead, if higher"","
Total corrupted items: 	손상된 아이템 수: 	translated	item	1	reviewed_preserved_or_moved_display:1	Scripts/General/zzMaw-Item-Sorter.lua	"""Total corrupted items: "" .. brokenItems"
Unarmed skill	맨손 전투 기술	translated	item	2	reviewed_preserved_or_moved_display:2	Scripts/General/zzMaw-Items.lua	"itemStatName[24] = StrColor(255,255,153, ""Unarmed skill"")"
unconscious	의식불명	translated	item	1	reviewed_preserved_or_moved_display:1	Scripts/General/zzMaw-Items.lua	"[22] = { [3] = ""sleep"", [13] = ""unconscious"" },"
"WARNING!!!

DURING THE AUTOSAVE, CORRUPTED ITEMS/BAGS HAVE BEEN DETECTED! Either load a previous save, where items/bags are not corrupted, or properly check your bags, and if no item/bag is missing you can keep playing (not recommended). 
Down below a list of corrupted items:

"	"경고!!!

자동 저장 중 손상된 아이템/가방이 감지되었습니다! 아이템이나 가방이 손상되지 않은 이전 저장을 불러오거나 가방을 직접 확인하십시오. 누락된 아이템이나 가방이 없다면 계속 플레이할 수 있지만 권장하지 않습니다.
아래는 손상된 아이템 목록입니다:

"	translated	item	1	reviewed_preserved_or_moved_display:1	Scripts/General/zzMaw-Item-Sorter.lua	"txt=""WARNING!!!\n\nDURING THE AUTOSAVE, CORRUPTED ITEMS/BAGS HAVE BEEN DETECTED! Either load a previous save, where items/bags are not corrupted, or properly check your bags, and if no item/bag is missing you can keep playing (not recommended). \nDown below a list of corrupted items:\n\n"" .. txt"
"WARNING!!!

SAVE HAVE BEEN STOPPED DUE TO CORRUPTED ITEMS/BAGS! Either load a previous save, where items/bags are not corrupted, or properly check your bags, and if no item/bag is missing you can save again (this time no warning will be given). 
Down below a list of corrupted items:

"	"경고!!!

손상된 아이템/가방이 감지되어 저장이 중단되었습니다! 아이템이나 가방이 손상되지 않은 이전 저장을 불러오거나 가방을 직접 확인하십시오. 누락된 아이템이나 가방이 없다면 다시 저장할 수 있습니다(이번에는 경고가 표시되지 않습니다).
아래는 손상된 아이템 목록입니다:

"	translated	item	1	reviewed_preserved_or_moved_display:1	Scripts/General/zzMaw-Item-Sorter.lua	"txt=""WARNING!!!\n\nSAVE HAVE BEEN STOPPED DUE TO CORRUPTED ITEMS/BAGS! Either load a previous save, where items/bags are not corrupted, or properly check your bags, and if no item/bag is missing you can save again (this time no warning will be given). \nDown below a list of corrupted items:\n\n"" .. txt"
Water Magic Skill +	물 마법 기술 +	translated	item	1	reviewed_preserved_or_moved_display:1	Scripts/General/zzMaw-Items.lua	"[34] = ""Water Magic Skill +"" .. MawCore.Formulas.chargesSchoolSkill(MaxCharges),"
Water Resistance	물 저항	translated	item	2	reviewed_preserved_or_moved_display:2	Scripts/General/zzMaw-Items.lua	"itemStatName[13] = StrColor(100, 180, 255, ""Water Resistance"")"
weakness	약화	translated	item	1	reviewed_preserved_or_moved_display:1	Scripts/General/zzMaw-Items.lua	"[21] = { [6] = ""poison"", [7] = ""poison"", [8] = ""poison"", [2] = ""weakness"" },"
"You activated Nightmare Mode, monsters will be much stronger and you can't save nor teleport away from them, however, items found will be much stronger.
Leaving a dungeon before killing most of them will cause monsters to respawn.
Clearing a dungeon will grant you extra rewards.
Respawned monsters give less experience and loot, once True Nightmare is activated there is no way back, are you sure? (yes/no)"	"악몽 모드를 활성화했습니다. 몬스터가 훨씬 강해지고 전투 중 저장하거나 순간이동으로 빠져나갈 수 없지만, 발견하는 아이템도 훨씬 강력해집니다.
던전의 몬스터 대부분을 처치하기 전에 떠나면 몬스터가 다시 생성됩니다.
던전을 클리어하면 추가 보상을 받습니다.
다시 생성된 몬스터는 경험치와 전리품을 적게 주며, 진정한 악몽을 활성화하면 되돌릴 수 없습니다. 정말 진행하시겠습니까? (yes/no 입력)"	translated	item	1	reviewed_preserved_or_moved_display:1	Scripts/General/zzMaw-Monsters.lua	"answer=Question(""You activated Nightmare Mode, monsters will be much stronger and you can't save nor teleport away from them, however, items found will be much stronger.\nLeaving a dungeon before killing most of them will cause monsters to respawn.\nClearing a dungeon will grant you extra rewards.\nRespawned monsters give less experience and loot, once True Nightmare is activated there is no way back, are you sure? (yes/no)"")		if answer==""yes"" or answer==""Yes"" or answer==""YES"" then"
"Your hits deal 2% of current monster HP as physical damage (1% for AoE, multi-hit spells and arrows).
Damage is increased by weapon base attack speed or Ascensions for spells."	"공격이 몬스터의 현재 생명력 2%만큼 물리 피해를 줍니다(광역 공격, 다단히트 주문, 화살은 1%).
피해량은 무기의 기본 공격 속도에 따라 증가하며, 주문은 승천에 따라 증가합니다."	translated	item	1	reviewed_preserved_or_moved_display:1	Scripts/General/zzMaw-Items.lua	"[17]=""Your hits deal 2% of current monster HP as physical damage (1% for AoE, multi-hit spells and arrows).\nDamage is increased by weapon base attack speed or Ascensions for spells."","
Your weapon enchants can deal critical damage	무기 마법부여 효과가 치명타 피해를 줄 수 있습니다	translated	item	1	reviewed_preserved_or_moved_display:1	Scripts/General/zzMaw-Items.lua	"[26]=""Your weapon enchants can deal critical damage"","
Antagarich	안타개릭	translated	map	2	reviewed_preserved_or_moved_display:2	Scripts/Maps/out02.lua; Scripts/Maps/oute3.lua	"evt.hint[1777]=""Antagarich"""
Enroth	엔로스	translated	map	2	reviewed_preserved_or_moved_display:2	Scripts/Maps/7out02.lua; Scripts/Maps/out02.lua	"evt.hint[2666]=""Enroth"""
Goblin King	고블린 왕	translated	map	1	reviewed_preserved_or_moved_display:1	Scripts/Maps/7d29.lua	"Game.PlaceMonTxt[300]=""Goblin King"""
Goblin's Lieutenant	고블린 부관	translated	map	1	proven_game_display_assignment:1	Scripts/Maps/7out02.lua	"Game.PlaceMonTxt[301]=""Goblin's Lieutenant"""
Jadame	제이덤	translated	map	2	reviewed_preserved_or_moved_display:2	Scripts/Maps/7out02.lua; Scripts/Maps/oute3.lua	"evt.hint[1888]=""Jadame"""
Wine Rack	와인 선반	translated	map	1	reviewed_preserved_or_moved_display:1	Scripts/Maps/7d20.lua	"evt.hint[196] = ""Wine Rack"""
"

Physical Leech: %s
Magical Leech: %s"	"

물리 흡수: %s
마법 흡수: %s"	translated	misc	1	reviewed_preserved_or_moved_display:1	Scripts/General/zzMaw-Stats.lua	"return string.format(""\n\nPhysical Leech: %s\nMagical Leech: %s"","
"

Press P to enable/disable
"	"

P 키로 활성화/비활성화
"	translated	misc	1	reviewed_preserved_or_moved_display:1	Scripts/Modules/MawCore/SkillTooltip.lua	".. solo .. ""\n\nPress P to enable/disable\n"""
"

Summary:
"	"

요약:
"	translated	misc	1	reviewed_preserved_or_moved_display:1	Scripts/General/zzMaw-Item-Sorter.lua	"txt = txt .. ""\n\nSummary:\n"" .."
"

There is only you and those who would harm you. With no one else to shield, every guard you raise is your own: a successful Cover turns the blow aside, taking "	"

홀로 여행할 때는 자신을 해치려는 적과 직접 맞서야 합니다. 보호할 동료가 없으므로 엄호는 자신을 지킵니다. 엄호 성공 시 공격을 막아 피해를 "	translated	misc	1	formatted_colored_text:1	Scripts/Modules/MawCore/SkillTooltip.lua	"solo = StrColor(178, 255, 255, ""\n\nThere is only you and those who would harm you. With no one else to shield, every guard you raise is your own: a successful Cover turns the blow aside, taking """
"
Body Armor: "	"
갑옷: "	translated	misc	1	formatted_colored_text:1	Scripts/Modules/MawCore/Tooltip.lua	".. ""\nBody Armor: "" .. StrColor(255, 128, 0, tostring(GetGemCap(tier, 3, false)))"
"
Bonus: "	"
보너스: "	translated	misc	1	formatted_colored_text:1	Scripts/Modules/MawCore/Tooltip.lua	".. ""\nBonus: "" .. StrColor(255, 128, 0, tostring(GEM_STEP)) .. "" ("" .. GEM_STEP_SKILL .. "" on skills)"""
"
Helm-Boots-Gloves-Bow: "	"
투구-장화-장갑-활: "	translated	misc	1	formatted_colored_text:1	Scripts/Modules/MawCore/Tooltip.lua	".. ""\nHelm-Boots-Gloves-Bow: "" .. StrColor(255, 128, 0, tostring(GetGemCap(tier, 5, false)))"
"
Leech done with bow is halved. Magical Leech also includes damage done with weapons enchants."	"
활의 흡수 효과는 절반으로 감소합니다. 마법 흡수에는 무기 마법 부여로 가하는 피해도 포함됩니다."	translated	misc	1	reviewed_preserved_or_moved_display:1	Scripts/General/zzMaw-Stats.lua	".. ""\nLeech done with bow is halved. Magical Leech also includes damage done with weapons enchants."""
"
Max Power: "	"
최대 위력: "	translated	misc	1	formatted_colored_text:1	Scripts/Modules/MawCore/Tooltip.lua	".. ""\nMax Power: "" .. StrColor(255, 128, 0, tostring(maxPower))"
"
Realms: Detached. Time: Detached."	"
영역: 분리됨. 시간: 분리됨."	translated	misc	2	reviewed_preserved_or_moved_display:2	Scripts/Global/Quest_SavingGoobers.lua	"CurMes = ""Targets found. Realms: Attuned. Time: Attuned.\n\n"" .. CurMes .. ""\nRealms: Detached. Time: Detached."""
"
Rings: "	"
반지: "	translated	misc	1	formatted_colored_text:1	Scripts/Modules/MawCore/Tooltip.lua	".. ""\nRings: "" .. StrColor(255, 128, 0, tostring(GetGemCap(tier, 10, false)))"
  Damage: 	  피해: 	translated	misc	2	reviewed_preserved_or_moved_display:2	Scripts/Modules/MawCore/Tooltip.lua	"t.BasicStat= ""Attack: +"" .. bonus .. ""  Damage: "" .. lo .. ""-"" .. hi"
  Mana: 	  마나: 	translated	misc	1	reviewed_preserved_or_moved_display:1	Scripts/General/zzzOnlineVariableSender.lua	"StrColor(50,50,255,""  Mana: ""   .. tostring(Party[0].SP) .. ""/"" .. tostring(round(FSP)))"
 - Corrupted bag #	 - 손상된 가방 #	translated	misc	1	reviewed_preserved_or_moved_display:1	Scripts/General/zzMaw-Item-Sorter.lua	"txt = txt .. ""\n"" .. pl.Name .. "" - Corrupted bag #"" .. key"
" and reduces magical damage taken.
"	" 또한 받는 마법 피해를 줄입니다.
"	translated	misc	1	reviewed_preserved_or_moved_display:1	Scripts/Modules/MawCore/SkillTooltip.lua	".. "" and reduces magical damage taken.\n"""
 damage on hit	 피해를 가합니다	translated	misc	1	reviewed_preserved_or_moved_display:1	Scripts/General/zzzMaw_Artifacts.lua	".. "" damage on hit"""
 damage vs 	배 피해를 가합니다. 대상: 	translated	misc	1	reviewed_preserved_or_moved_display:1	Scripts/General/zzzMaw_Artifacts.lua	"lines[#lines + 1] = ""x"" .. factor .. "" damage vs "" .. table.concat(names, "", "")"
 Direct connect	 직접 연결	translated	misc	1	reviewed_preserved_or_moved_display:1	Scripts/Modules/Multiplayer/UI/Lobby.lua	"local ClienConnTumb = TextTumbler(350, 125, nil, ""Server list"", "" Direct connect"", true,"
 energy per second	 기력/초	translated	misc	4	reviewed_preserved_or_moved_display:4	Scripts/Modules/MawCore/SkillTooltip.lua	"[2]=""You regenerate "" .. Formulas.assassinEnergyPerSec(1) .. "" energy per second"",[3]=""You regenerate "" .. Formulas.assassinEnergyPerSec(2) .. "" energy per second"",[4]=""You regenerate "" .. Formulas.assassinEnergyPerSec(3) .. "" energy per second"",[5]=""You regenerate "" .. Formulas.assassinEnergyPerSec(4) .. "" energy per second""},"
 for 6 hours.	 (6시간 지속).	translated	misc	1	reviewed_preserved_or_moved_display:1	Scripts/General/zzAlchemy.lua	"return ""Increases every one of your Resistances by "" .. round(value) .. "" for 6 hours."""
 HP over time	 체력을 지속적으로 소모합니다	translated	misc	1	reviewed_preserved_or_moved_display:1	Scripts/General/zzzMaw_Artifacts.lua	"lines[#lines + 1] = ""Drains "" .. -drain.HP .. "" HP over time"""
 Map	 지도	translated	misc	1	reviewed_preserved_or_moved_display:1	Scripts/Modules/MawCore/Tooltip.lua	"t.Name=Game.MapStats[it.BonusStrength].Name .. "" Map"""
 power per step to work.	 이상.	translated	misc	1	reviewed_preserved_or_moved_display:1	Scripts/General/zzAlchemy.lua	".. BLACK_POTION_POWER_PER_STEP .. "" power per step to work."""
% Accuracy) for 6 hours.	%) 효과를 6시간 동안 부여합니다.	translated	misc	1	reviewed_preserved_or_moved_display:1	Scripts/General/zzAlchemy.lua	".. ""% Accuracy) for 6 hours."""
% chance to miss attacks	% 확률로 공격이 빗나감	translated	misc	1	reviewed_preserved_or_moved_display:1	Scripts/Modules/MawCore/Tooltip.lua	"[30]=""Players have a "" .. getMapAffixPower(30, power) .. ""% chance to miss attacks"","
% increased HP and damage	% 생명력 및 피해 증가	translated	misc	1	reviewed_preserved_or_moved_display:1	Scripts/Modules/MawCore/Tooltip.lua	"[18]=""Bosses have "" .. getMapAffixPower(18, power) .. ""% increased HP and damage"","
% magic damage taken), Stone Skin and Preservation for 6 hours.	%), 돌 피부, 보존 효과를 6시간 동안 부여합니다.	translated	misc	1	reviewed_preserved_or_moved_display:1	Scripts/General/zzAlchemy.lua	".. ""% magic damage taken), Stone Skin and Preservation for 6 hours."""
% of the physical damage you deal (	%입니다 (활 사용 시 	translated	misc	1	reviewed_preserved_or_moved_display:1	Scripts/Modules/MawCore/SkillTooltip.lua	".. ""Your attacks also leech "" .. blood .. ""% of the physical damage you deal ("""
% off its damage -- and Retaliation answers it all the same.	%만큼 피해를 줄이며, 이때도 반격이 발동합니다.	translated	misc	1	reviewed_preserved_or_moved_display:1	Scripts/Modules/MawCore/SkillTooltip.lua	".. cut .. ""% off its damage -- and Retaliation answers it all the same."")"
"% with a bow). This stacks with a weapon's vampiric enchant.
"	"%의 생명력을 흡수합니다). 무기의 흡혈 마법부여와 중첩됩니다.
"	translated	misc	1	reviewed_preserved_or_moved_display:1	Scripts/Modules/MawCore/SkillTooltip.lua	".. blood/2 .. ""% with a bow). This stacks with a weapon's vampiric enchant.\n"""
%, for 6 hours.	% (6시간 지속).	translated	misc	3	reviewed_preserved_or_moved_display:3	Scripts/General/zzAlchemy.lua	"return ""Increases your Attack, and your Accuracy by "" .. statPct(power) .. ""%, for 6 hours."""
"%s

Current HP Regeneration: %s (%s of your health per second)
Next Level Bonus: %s HP Regen"	"%s

현재 생명력 재생: %s (초당 최대 생명력의 %s)
다음 레벨 보너스: 생명력 재생 %s"	translated	misc	1	formatted_colored_text:1	Scripts/Modules/MawCore/SkillTooltip.lua	"local txt = string.format(""%s\n\nCurrent HP Regeneration: %s (%s of your health per second)\nNext Level Bonus: %s HP Regen"", baseRegStr, StrColor(0, 255, 0, hpRegen), StrColor(0, 255, 0, pct .. ""%""), StrColor(0, 255, 0, ""+"" .. nextBonus))"
%s (speaking with %s)	%s (대화 상대: %s)	translated	misc	1	reviewed_preserved_or_moved_display:1	Scripts/Modules/Multiplayer/UI/House.lua	"local msg = (""%s (speaking with %s)""):format(v.name or ""Player"", Game.NPC[v.talking_to].Name)"
%s borrowed %s food from you!	%s 님이 당신에게서 식량 %s을 빌렸습니다!	translated	misc	1	reviewed_preserved_or_moved_display:1	Scripts/Modules/Multiplayer/Synchronization/RestScreen.lua	"local FoodBorrowed = ""%s borrowed %s food from you!"""
%s is busy speaking with %s	%s 님은 %s 님과 대화 중입니다	translated	misc	1	reviewed_preserved_or_moved_display:1	Scripts/Modules/Multiplayer/Synchronization/Evt.lua	"Game.NPCTopic[dummy_topic] = (""%s is busy speaking with %s""):format(NPC.Name, client and client.name or ""other player"")"
"%s. World: Enroth. Realm: %s. Landmark: %s. Year: %s
Targets' status: in %s.
"	"%s. 세계: 엔로스. 영역: %s. 지점: %s. 연도: %s
대상 상태: %s에 있음.
"	translated	misc	1	reviewed_preserved_or_moved_display:1	Scripts/Global/Quest_SavingGoobers.lua	"local FString	= ""%s. World: Enroth. Realm: %s. Landmark: %s. Year: %s\nTargets' status: in %s.\n"""
%s. World: Enroth. Realm: %s. Landmark: %s. Year: %s.	%s. 세계: 엔로스. 영역: %s. 지점: %s. 연도: %s.	translated	misc	1	reviewed_preserved_or_moved_display:1	Scripts/Global/Quest_SavingGoobers.lua	"local FString	= ""%s. World: Enroth. Realm: %s. Landmark: %s. Year: %s."""
%s: %s grants you %s exp.	%s: %s에게서 경험치 %s을 획득했습니다.	translated	misc	1	reviewed_preserved_or_moved_display:1	Scripts/Modules/Multiplayer/Synchronization/Players/Experience.lua	"local msg = (""%s: %s grants you %s exp.""):format(t[2], t[3], t[1])"
(client save) 	(클라이언트 저장) 	translated	misc	1	reviewed_preserved_or_moved_display:1	Scripts/Modules/Multiplayer/Synchronization/SaveLoadExit.lua	"Name = StrColor(46,237,218, ""(client save) "") .. StrColor(250,250,250) .. PartyData.player_name,"
(current) 	(현재) 	translated	misc	1	reviewed_preserved_or_moved_display:1	Scripts/Modules/Multiplayer/Synchronization/SaveLoadExit.lua	"Name = StrColor(213,70,191, ""(current) "") .. StrColor(250,250,250) .. Party[0].Name,"
(host save) 	(호스트 저장) 	translated	misc	1	reviewed_preserved_or_moved_display:1	Scripts/Modules/Multiplayer/Synchronization/SaveLoadExit.lua	"Name = StrColor(95,235,50, ""(host save) "") .. StrColor(250,250,250) .. last_game.player_name,"
(last choice) 	(마지막 선택) 	translated	misc	1	reviewed_preserved_or_moved_display:1	Scripts/Modules/Multiplayer/Synchronization/SaveLoadExit.lua	"last_choice.Name = StrColor(46,237,218, ""(last choice) "") .. StrColor(250,250,250) .. last_choice.data.player_name"
(Most relevant) 	(가장 관련 높음) 	translated	misc	1	reviewed_preserved_or_moved_display:1	Scripts/Modules/Multiplayer/Synchronization/SaveLoadExit.lua	"choices[1].Name = StrColor(235,235,50, ""(Most relevant) "") .. choices[1].Name"
").
Scales further enhance their toughness and resistance to magical damage, increasing the thoughness by a percentage.

------------------------------------------------------------
          AC%| Res%"	").
비늘은 강인함과 마법 피해 저항을 더욱 높이며, 강인함을 일정 비율로 증가시킵니다.

------------------------------------------------------------
          방어력%| 저항%"	translated	misc	1	reviewed_preserved_or_moved_display:1	Scripts/Modules/MawCore/SkillTooltip.lua	"return ""Dragons scales are hard enough to work as natural armor, gaining naturally 40 + 1 AC per level (up to level "" .. cap .. "").\nScales further enhance their toughness and resistance to magical damage, increasing the thoughness by a percentage.\n\n------------------------------------------------------------\n          AC%| Res%"""
add line	행 추가	translated	misc	1	reviewed_preserved_or_moved_display:1	Scripts/Modules/Multiplayer/UI/ClientsTable.lua	"UIUtils.SimpleText(Multiplayer.UI_SCREEN, ""add line"", baseX + 128, baseY + 75, nil, Condition, new_line)"
"Adds 'of Swiftness' property to a non-magic weapon.
Require 40 power to work.
"	"마법이 부여되지 않은 무기에 '신속의' 속성을 추가합니다.
작동하려면 위력 40이 필요합니다.
"	translated	misc	1	reviewed_preserved_or_moved_display:1	Scripts/General/zzAlchemy.lua	"[244] = ""Adds 'of Swiftness' property to a non-magic weapon.\nRequire 40 power to work.\n"","
"Adds a random tier 2 elemental damage enchant to a weapon
Require 40 power to work.
"	"무기에 무작위 2단계 원소 피해 마법부여를 추가합니다.
작동하려면 위력 40이 필요합니다.
"	translated	misc	1	reviewed_preserved_or_moved_display:1	Scripts/General/zzAlchemy.lua	"[243] = ""Adds a random tier 2 elemental damage enchant to a weapon\nRequire 40 power to work.\n"","
Amber Droplet	호박 방울	translated	misc	2	reviewed_preserved_or_moved_display:2	Scripts/General/zzAlchemy.lua; Scripts/General/zzMaw-Items.lua	"""Amber Droplet"","
Amethyst Chunk	자수정 덩어리	translated	misc	2	reviewed_preserved_or_moved_display:2	Scripts/General/zzAlchemy.lua; Scripts/General/zzMaw-Items.lua	"""Amethyst Chunk"","
Archibald's Mirror	아치발드의 거울	translated	misc	1	reviewed_preserved_or_moved_display:1	Scripts/General/zzAlchemy.lua	"""Archibald's Mirror"","
Ascended Amber Droplet	승천한 호박 방울	translated	misc	2	reviewed_preserved_or_moved_display:2	Scripts/General/zzAlchemy.lua; Scripts/General/zzMaw-Items.lua	"""Ascended Amber Droplet"","
Ascended Amethyst Chunk	승천한 자수정 덩어리	translated	misc	1	reviewed_preserved_or_moved_display:1	Scripts/General/zzAlchemy.lua	"""Ascended Amethyst Chunk"","
Ascended Erathian Sapphire	승천한 에라시아 사파이어	translated	misc	1	reviewed_preserved_or_moved_display:1	Scripts/General/zzAlchemy.lua	"""Ascended Erathian Sapphire"","
Ascended Erudite Crystal	승천한 현자의 수정	translated	misc	1	reviewed_preserved_or_moved_display:1	Scripts/General/zzAlchemy.lua	"""Ascended Erudite Crystal"","
Ascended Fire Topaz	승천한 화염 토파즈	translated	misc	1	reviewed_preserved_or_moved_display:1	Scripts/General/zzAlchemy.lua	"""Ascended Fire Topaz"","
Ascended Gemcutter's Ruby	승천한 보석세공사의 루비	translated	misc	1	reviewed_preserved_or_moved_display:1	Scripts/General/zzAlchemy.lua	"""Ascended Gemcutter's Ruby"","
Ascended Lunar Shard	승천한 달의 파편	translated	misc	2	reviewed_preserved_or_moved_display:2	Scripts/General/zzAlchemy.lua; Scripts/General/zzMaw-Items.lua	"""Ascended Lunar Shard"","
Ascended Queen's Diamond	승천한 여왕의 다이아몬드	translated	misc	1	reviewed_preserved_or_moved_display:1	Scripts/General/zzAlchemy.lua	"""Ascended Queen's Diamond"","
Ascended Royal Amethyst	승천한 왕실 자수정	translated	misc	1	reviewed_preserved_or_moved_display:1	Scripts/General/zzAlchemy.lua	"""Ascended Royal Amethyst"","
Ascended Solarstone	승천한 태양석	translated	misc	2	reviewed_preserved_or_moved_display:2	Scripts/General/zzAlchemy.lua; Scripts/General/zzMaw-Items.lua	"""Ascended Solarstone"","
Attempt %d. Waiting for response...	%d번째 시도. 응답을 기다리는 중...	translated	misc	1	reviewed_preserved_or_moved_display:1	Scripts/Modules/Multiplayer/UI/Lobby.lua	"local ProgressTemplate = ""Attempt %d. Waiting for response..."""
best one already drunk is granted.	차이만큼만 추가됩니다.	translated	misc	1	reviewed_preserved_or_moved_display:1	Scripts/General/zzAlchemy.lua	".. ""best one already drunk is granted."""
Boss density increased by 	보스 밀도 증가: 	translated	misc	1	reviewed_preserved_or_moved_display:1	Scripts/Modules/MawCore/Tooltip.lua	"[16]=""Boss density increased by "" .. getMapAffixPower(16, power) .. ""%"","
Bosses have 	보스: 	translated	misc	1	reviewed_preserved_or_moved_display:1	Scripts/Modules/MawCore/Tooltip.lua	"[18]=""Bosses have "" .. getMapAffixPower(18, power) .. ""% increased HP and damage"","
Buff effects reduced by 	버프 효과 감소: 	translated	misc	1	reviewed_preserved_or_moved_display:1	Scripts/Modules/MawCore/Tooltip.lua	"[33]=""Buff effects reduced by "" .. getMapAffixPower(33, power) .. ""%"","
Buff Rework	버프 개편	translated	misc	1	reviewed_preserved_or_moved_display:1	Scripts/General/zz_Maw-initialize.lua	"createSwitch(180, ""Buff Rework"", ""buffRework"", {""ON"",""OFF""})"
cannot resolve address to ip	주소를 IP로 변환할 수 없습니다	translated	misc	1	reviewed_preserved_or_moved_display:1	Scripts/Modules/Multiplayer/Network/STUN.lua	"return nil, ""cannot resolve address to ip"""
Captain Finch	핀치 대장	translated	misc	1	reviewed_preserved_or_moved_display:1	Scripts/General/zSERIOUSMAW.lua	"name[203]=""Captain Finch"""
Captain Sharp-Tooth	날카로운 이빨 대장	translated	misc	1	reviewed_preserved_or_moved_display:1	Scripts/General/zSERIOUSMAW.lua	"name[201]=""Captain Sharp-Tooth"""
Captain Strong-Scale	단단한 비늘 대장	translated	misc	1	reviewed_preserved_or_moved_display:1	Scripts/General/zSERIOUSMAW.lua	"name[202]=""Captain Strong-Scale"""
Celestial Orb	천상의 구체	translated	misc	1	reviewed_preserved_or_moved_display:1	Scripts/General/zzAlchemy.lua	"""Celestial Orb"","
Chance to Paralyze vs level 	마비 확률 (대상 레벨: 	translated	misc	1	reviewed_preserved_or_moved_display:1	Scripts/Modules/MawCore/SkillTooltip.lua	"txt = txt .. ""Chance to Paralyze vs level "" .. refLvl .. "": "" .. chance .. ""%"""
Chance to Stun vs level 	기절 확률 (대상 레벨: 	translated	misc	1	reviewed_preserved_or_moved_display:1	Scripts/Modules/MawCore/SkillTooltip.lua	"txt = txt .. ""Chance to Stun vs level "" .. refLvl .. "": "" .. chance .. ""%"""
Charge telelocator	텔레로케이터 충전	translated	misc	1	reviewed_preserved_or_moved_display:1	Scripts/Global/Quest_SavingGoobers.lua	"Topic	= ""Charge telelocator"","
Clients:	접속자:	translated	misc	1	reviewed_preserved_or_moved_display:1	Scripts/Modules/Multiplayer/UI/ClientsTable.lua	"UIUtils.SimpleText(Multiplayer.UI_SCREEN, ""Clients:"", baseX, baseY + 75, nil, Condition)"
Connection to 	연결할 서버: 	translated	misc	1	reviewed_preserved_or_moved_display:1	Scripts/Modules/Multiplayer/UI/Lobby.lua	"UIUtils.PopupProgress(""Connection to "" .. entry.Data.Name, """", Caller, 3000, 15000, ""JoiningLobby"")"
Could not read strings, stopped on 	문자열을 읽지 못했습니다. 중단된 필드: 	translated	misc	1	reviewed_preserved_or_moved_display:1	Scripts/Modules/Multiplayer/Network/Lobby/Messages.lua	"return false, ""Could not read strings, stopped on "" .. field"
Crafting Cube	제작 큐브	translated	misc	1	reviewed_preserved_or_moved_display:1	Scripts/General/zzAlchemy.lua	"cube.Name=""Crafting Cube"""
Creator's Hourglass	창조자의 모래시계	translated	misc	1	reviewed_preserved_or_moved_display:1	Scripts/General/zzAlchemy.lua	"""Creator's Hourglass"","
"Cures and prevent Stoned condition for 6 hours.
Require 20 power to work.
"	"석화를 치료하고 6시간 동안 석화를 방지합니다.
작동하려면 위력 20이 필요합니다.
"	translated	misc	1	reviewed_preserved_or_moved_display:1	Scripts/General/zzAlchemy.lua	"[239] = ""Cures and prevent Stoned condition for 6 hours.\nRequire 20 power to work.\n"","
Cures and prevents Curse and Paralysis for 6 hours.	저주와 마비를 치료하고 6시간 동안 방지합니다.	translated	misc	1	reviewed_preserved_or_moved_display:1	Scripts/General/zzAlchemy.lua	"[226] = ""Cures and prevents Curse and Paralysis for 6 hours."","
Cures and prevents Disease and Poison for 6 hours.	질병과 독을 치료하고 6시간 동안 방지합니다.	translated	misc	1	reviewed_preserved_or_moved_display:1	Scripts/General/zzAlchemy.lua	"[225] = ""Cures and prevents Disease and Poison for 6 hours."","
Cures and prevents Fear and Insanity for 6 hours.	공포와 광기를 치료하고 6시간 동안 방지합니다.	translated	misc	1	reviewed_preserved_or_moved_display:1	Scripts/General/zzAlchemy.lua	"[227] = ""Cures and prevents Fear and Insanity for 6 hours."","
Cures and prevents Weakness and inducted Sleep for 6 hours.	약화와 강제 수면을 치료하고 6시간 동안 방지합니다.	translated	misc	1	reviewed_preserved_or_moved_display:1	Scripts/General/zzAlchemy.lua	"[224] = ""Cures and prevents Weakness and inducted Sleep for 6 hours."","
Currently Active Legendary effects:	현재 활성화된 전설 효과:	translated	misc	1	reviewed_preserved_or_moved_display:1	Scripts/General/zzMaw-Stats.lua	"local legTxt=""Currently Active Legendary effects:"""
Damage on Friendly Units	아군 피해	translated	misc	1	reviewed_preserved_or_moved_display:1	Scripts/General/zz_Maw-initialize.lua	"createSwitch(300, ""Damage on Friendly Units"", ""friendlyDamage"", {""ON"",""OFF""})"
Dimensional Maps	차원 지도	translated	misc	1	reviewed_preserved_or_moved_display:1	Scripts/Global/zzMaw_DimensionalMapsQuest.lua	"Texts = {Topic = ""Dimensional Maps""},"
Display players despite distance:	거리와 관계없이 플레이어 표시:	translated	misc	1	reviewed_preserved_or_moved_display:1	Scripts/Modules/Multiplayer/UI/RemotePlayers.lua	"Group:Switch(""Display players despite distance:"", acceptor, ""alwaysDisplay"", function(t)"
Dragons scales are hard enough to work as natural armor, gaining naturally 40 + 1 AC per level (up to level 	용의 비늘은 천연 방어구 역할을 합니다. 기본 방어력은 40이며 레벨당 1이 추가됩니다 (적용 레벨 상한: 	translated	misc	1	reviewed_preserved_or_moved_display:1	Scripts/Modules/MawCore/SkillTooltip.lua	"return ""Dragons scales are hard enough to work as natural armor, gaining naturally 40 + 1 AC per level (up to level "" .. cap .. "").\nScales further enhance their toughness and resistance to magical damage, increasing the thoughness by a percentage.\n\n------------------------------------------------------------\n          AC%| Res%"""
Druid Circlet	드루이드 머리띠	translated	misc	1	reviewed_preserved_or_moved_display:1	Scripts/Global/zzMAW_DruidCircletQuest.lua	"Topic = ""Druid Circlet"","
Emerald of Power	힘의 에메랄드	translated	misc	1	reviewed_preserved_or_moved_display:1	Scripts/General/zzAlchemy.lua	"""Emerald of Power"","
Empty Barrel	빈 통	translated	misc	1	reviewed_preserved_or_moved_display:1	Scripts/General/zzMaw-Maps.lua	"evt.hint[19999] = ""Empty Barrel"""
Endless Arena	끝없는 투기장	translated	misc	1	reviewed_preserved_or_moved_display:1	Scripts/Global/zzMaw_Arena.lua	"Topic = ""Endless Arena"","
Enter server info:	서버 정보 입력:	translated	misc	1	reviewed_preserved_or_moved_display:1	Scripts/Modules/Multiplayer/UI/Lobby.lua	"""Open lobby"", ""Enter server info:"", inputs, ""  Open "", nil,"
Enter server name	서버 이름 입력	translated	misc	1	reviewed_preserved_or_moved_display:1	Scripts/Modules/Multiplayer/UI/Lobby.lua	"{header = ""Name:       "", default = conn.MyHostGlobals.Name, empty = ""Enter server name"", multiline = false, limit = 40},"
Enter the data.	데이터를 입력하세요.	translated	misc	3	reviewed_preserved_or_moved_display:3	Scripts/Global/Quest_SavingGoobers.lua	"Answer = Question(""Enter the data."")"
Erathian Sapphire	에라시아 사파이어	translated	misc	2	reviewed_preserved_or_moved_display:2	Scripts/General/zzAlchemy.lua; Scripts/General/zzMaw-Items.lua	"""Erathian Sapphire"","
Erudite Crystal	현자의 수정	translated	misc	2	reviewed_preserved_or_moved_display:2	Scripts/General/zzAlchemy.lua; Scripts/General/zzMaw-Items.lua	"""Erudite Crystal"","
Eye of Void	공허의 눈	translated	misc	1	reviewed_preserved_or_moved_display:1	Scripts/General/zzAlchemy.lua	"""Eye of Void"","
Find the Druid Circlet of Power in the Druid Circle and bring it to Dantillion in Murmurwoods.	드루이드의 원에서 힘의 드루이드 머리띠를 찾아 머머우드의 단틸리온에게 가져가십시오.	translated	misc	1	reviewed_preserved_or_moved_display:1	Scripts/Global/zzMAW_DruidCircletQuest.lua	"Quest = ""Find the Druid Circlet of Power in the Druid Circle and bring it to Dantillion in Murmurwoods."","
Fire Topaz	화염 토파즈	translated	misc	2	reviewed_preserved_or_moved_display:2	Scripts/General/zzAlchemy.lua; Scripts/General/zzMaw-Items.lua	"""Fire Topaz"","
"Fix caracter age at 20.
Require 50 power to work.
"	"캐릭터의 나이를 20세로 고정합니다.
작동하려면 위력 50이 필요합니다.
"	translated	misc	1	reviewed_preserved_or_moved_display:1	Scripts/General/zzAlchemy.lua	"[260] = ""Fix caracter age at 20.\nRequire 50 power to work.\n"","
"Fix caracter age at 60.
Require 50 power to work.
"	"캐릭터의 나이를 60세로 고정합니다.
작동하려면 위력 50이 필요합니다.
"	translated	misc	1	reviewed_preserved_or_moved_display:1	Scripts/General/zzAlchemy.lua	"[258] = ""Fix caracter age at 60.\nRequire 50 power to work.\n"","
Following you would be foolish	당신을 따라가는 건 어리석은 짓이겠군	translated	misc	1	reviewed_preserved_or_moved_display:1	Scripts/General/NPCFollowers.lua	"Game.NPCTopic[1680]=""Following you would be foolish"""
Gemcutter's Ruby	보석세공사의 루비	translated	misc	2	reviewed_preserved_or_moved_display:2	Scripts/General/zzAlchemy.lua; Scripts/General/zzMaw-Items.lua	"""Gemcutter's Ruby"","
Healing reduced by 	치유량 감소: 	translated	misc	1	reviewed_preserved_or_moved_display:1	Scripts/Modules/MawCore/Tooltip.lua	"[31]=""Healing reduced by "" .. getMapAffixPower(31, power) .. ""%"","
Heals based on the potion's power of hit points.	물약의 위력에 따라 생명력을 회복합니다.	translated	misc	1	reviewed_preserved_or_moved_display:1	Scripts/General/zzAlchemy.lua	"[247] = ""Heals based on the potion's power of hit points."","
Health: 	생명력: 	translated	misc	1	reviewed_preserved_or_moved_display:1	Scripts/General/zzzOnlineVariableSender.lua	"StrColor(0,255,0,  ""Health: "" .. tostring(Party[0].HP) .. ""/"" .. tostring(round(maxHP))) .."
Hide full	가득 찬 서버 숨기기	translated	misc	1	reviewed_preserved_or_moved_display:1	Scripts/Modules/Multiplayer/UI/Lobby.lua	"SimpleText(""Hide full"", 150, HeaderY, Game.Smallnum_fnt,"
Hide other versions	다른 버전 숨기기	translated	misc	1	reviewed_preserved_or_moved_display:1	Scripts/Modules/Multiplayer/UI/Lobby.lua	"SimpleText(""Hide other versions"", 400, HeaderY, Game.Smallnum_fnt,"
Hide passworded	비밀번호 서버 숨기기	translated	misc	1	reviewed_preserved_or_moved_display:1	Scripts/Modules/Multiplayer/UI/Lobby.lua	"SimpleText(""Hide passworded"", 250, HeaderY, Game.Smallnum_fnt,"
Homing Projectiles	유도 투사체	translated	misc	1	reviewed_preserved_or_moved_display:1	Scripts/General/zz_Maw-initialize.lua	"createSwitch(260, ""Homing Projectiles"", ""homingProjectiles"", {""ON"",""OFF""})"
HP: %s / %s pt.	생명력: %s / %s	translated	misc	1	reviewed_preserved_or_moved_display:1	Scripts/Modules/Multiplayer/UI/RemotePlayers.lua	"widget.text_hp = PropText(""HP: %s / %s pt."", XBase, YBase + 28)"
Huge Orc	거대 오크	translated	misc	1	reviewed_preserved_or_moved_display:1	Scripts/General/zSERIOUSMAW.lua	"name[304]=""Huge Orc"""
I have looked beyond the veil and found a place the other side has rewritten. Take this map: it will open %s anew, filled with creatures from another dimension (Map Level %d). Clear it, then return to me.	장막 너머를 살펴보다가 반대편 세계의 영향으로 뒤바뀐 장소를 발견했습니다. 이 지도를 받으십시오. %s의 문을 다시 열면 다른 차원의 생물들이 기다리고 있을 것입니다 (지도 레벨 %d). 그곳을 정리한 뒤 돌아오십시오.	translated	misc	1	reviewed_preserved_or_moved_display:1	Scripts/Global/zzMaw_DimensionalMapsQuest.lua	"local TEXT_GIVE = ""I have looked beyond the veil and found a place the other side has rewritten. Take this map: it will open %s anew, filled with creatures from another dimension (Map Level %d). Clear it, then return to me."""
I want to reset	초기화하겠습니다	translated	misc	1	reviewed_preserved_or_moved_display:1	Scripts/Global/zzMAWRespec.lua	"Topic = ""I want to reset"","
Immune to 	면역: 	translated	misc	1	reviewed_preserved_or_moved_display:1	Scripts/General/zzzMaw_Artifacts.lua	"lines[#lines + 1] = ""Immune to "" .. table.concat(names, "", "")"
Increases all resistances temporarily by 10+ (1 x Power) for 6 hours.	6시간 동안 모든 저항이 10 + (1 × 위력)만큼 증가합니다.	translated	misc	1	reviewed_preserved_or_moved_display:1	Scripts/General/zzAlchemy.lua	"[263] = ""Increases all resistances temporarily by 10+ (1 x Power) for 6 hours."","
Increases all seven of your Statistics by 	일곱 능력치가 모두 증가하는 양: 	translated	misc	1	reviewed_preserved_or_moved_display:1	Scripts/General/zzAlchemy.lua	"return ""Increases all seven of your Statistics by "" .. statPctLight(power)"
Increases all Seven Statistics temporarily by 10+(1 x Power) for 6 hours.	6시간 동안 7대 능력치가 모두 10 + (1 × 위력)만큼 증가합니다.	translated	misc	1	reviewed_preserved_or_moved_display:1	Scripts/General/zzAlchemy.lua	"[257] = ""Increases all Seven Statistics temporarily by 10+(1 x Power) for 6 hours."","
Increases Attack by 5+(0.5 x Power) for 6 Hours	6시간 동안 공격력이 5 + (0.5 × 위력)만큼 증가합니다.	translated	misc	1	reviewed_preserved_or_moved_display:1	Scripts/General/zzAlchemy.lua	"[230] = ""Increases Attack by 5+(0.5 x Power) for 6 Hours"","
Increases every one of your Resistances by 	모든 저항이 증가하는 양: 	translated	misc	1	reviewed_preserved_or_moved_display:1	Scripts/General/zzAlchemy.lua	"return ""Increases every one of your Resistances by "" .. round(value) .. "" for 6 hours."""
"Increases melee damage 0.5-1-1.5-2 (at N-E-M-GM) per Earth Magic Level
"	"대지 마법 기술 레벨당 근접 피해가 0.5-1-1.5-2 증가합니다 (초보-전문가-마스터-그랜드마스터).
"	translated	misc	1	reviewed_preserved_or_moved_display:1	Scripts/Modules/MawCore/SkillTooltip.lua	"[15]={[1]=MawSchoolDescBase[15] .. ASC .. ""Increases melee damage 0.5-1-1.5-2 (at N-E-M-GM) per Earth Magic Level\n""},"
Increases melee damage by 	근접 피해 증가량: 	translated	misc	1	reviewed_preserved_or_moved_display:1	Scripts/Modules/MawCore/SkillTooltip.lua	"return MawSchoolDescBase[16] .. ASC .. ""Increases melee damage by "" .. m5 .. ""%\n"""
Increases Melee damage by 5+(0.5 x Power) for 6 Hours	6시간 동안 근접 피해가 5 + (0.5 × 위력)만큼 증가합니다.	translated	misc	1	reviewed_preserved_or_moved_display:1	Scripts/General/zzAlchemy.lua	"[229] = ""Increases Melee damage by 5+(0.5 x Power) for 6 Hours"","
Increases Speed for 6 Hours	6시간 동안 속도가 증가합니다.	translated	misc	1	reviewed_preserved_or_moved_display:1	Scripts/General/zzAlchemy.lua	"[228] = ""Increases Speed for 6 Hours"","
Increases temporary Fire, Air, Water and Earth resistance. (Dark)	화염, 공기, 물, 대지 저항을 일시적으로 증가시킵니다. (어둠)	translated	misc	1	reviewed_preserved_or_moved_display:1	Scripts/General/zzAlchemy.lua	"[249] = ""Increases temporary Fire, Air, Water and Earth resistance. (Dark)"","
Increases temporary Mind and Body resistance. (Light)	정신 및 육체 저항을 일시적으로 증가시킵니다. (빛)	translated	misc	1	reviewed_preserved_or_moved_display:1	Scripts/General/zzAlchemy.lua	"[250] = ""Increases temporary Mind and Body resistance. (Light)"","
Increases your Attack, and your Accuracy by 	공격과 정확도가 증가하는 양: 	translated	misc	1	reviewed_preserved_or_moved_display:1	Scripts/General/zzAlchemy.lua	"return ""Increases your Attack, and your Accuracy by "" .. statPct(power) .. ""%, for 6 hours."""
Increases your Fire, Air, Water and Earth Resistance, and those stats by 	화염·공기·물·대지 저항과 해당 능력치가 증가하는 양: 	translated	misc	1	reviewed_preserved_or_moved_display:1	Scripts/General/zzAlchemy.lua	"return ""Increases your Fire, Air, Water and Earth Resistance, and those stats by "" .. statPct(power) .. ""%, for 6 hours."""
Increases your Mind and Body Resistance, and those stats by 	정신·육체 저항과 해당 능력치가 증가하는 양: 	translated	misc	1	reviewed_preserved_or_moved_display:1	Scripts/General/zzAlchemy.lua	"return ""Increases your Mind and Body Resistance, and those stats by "" .. statPct(power) .. ""%, for 6 hours."""
It looks like you've never tried the Endless Waves mode before. In this mode, waves of enemies will keep appearing, growing stronger over time. Everytime you clear a level, your progress is saved, and you can start from the latest checkpoint. Prepare yourself for a relentless challenge!	끝없는 파도 모드는 처음인 것 같군요. 이 모드에서는 적의 무리가 계속 나타나며 시간이 갈수록 강해집니다. 레벨을 하나 클리어할 때마다 진행 상황이 저장되고, 가장 최근 체크포인트에서 다시 시작할 수 있습니다. 끝없는 도전에 대비하십시오!	translated	misc	1	reviewed_preserved_or_moved_display:1	Scripts/Global/zzMaw_Arena.lua	"local txt=""It looks like you've never tried the Endless Waves mode before. In this mode, waves of enemies will keep appearing, growing stronger over time. Everytime you clear a level, your progress is saved, and you can start from the latest checkpoint. Prepare yourself for a relentless challenge!"""
Leech reduced by 	흡수량 감소: 	translated	misc	1	reviewed_preserved_or_moved_display:1	Scripts/Modules/MawCore/Tooltip.lua	"[32]=""Leech reduced by "" .. getMapAffixPower(32, power) .. ""%"","
Let's get started!	시작하지!	translated	misc	1	reviewed_preserved_or_moved_display:1	Scripts/Global/zzMaw_Arena.lua	"Ungive = ""Let's get started!"","
Locate person	사람 찾기	translated	misc	1	reviewed_preserved_or_moved_display:1	Scripts/Global/Quest_SavingGoobers.lua	"Topic	= ""Locate person"","
Loot Filter	전리품 필터	translated	misc	1	reviewed_preserved_or_moved_display:1	Scripts/General/zz_Maw-initialize.lua	"createSwitch(340, ""Loot Filter"", ""lootFilter"", {""OFF"",""Common"", ""Uncom."", ""Rare"", ""Epic"",""Ancient"",""Primordial""})"
Lunar Shard	달의 파편	translated	misc	2	reviewed_preserved_or_moved_display:2	Scripts/General/zzAlchemy.lua; Scripts/General/zzMaw-Items.lua	"""Lunar Shard"","
M&M6 Projectiles	M&M6 투사체	translated	misc	1	reviewed_preserved_or_moved_display:1	Scripts/General/zz_Maw-initialize.lua	"createSwitch(220, ""M&M6 Projectiles"", ""restoreProjectiles"", {""ON"",""OFF""})"
"M/R/S:%s/%s/%s






"	"근/원/주:%s/%s/%s






"	translated	misc	1	reviewed_preserved_or_moved_display:1	Scripts/General/zzMaw-Stats.lua	"Game.GlobalTxt[47]=string.format(""M/R/S:%s/%s/%s\n\n\n\n\n\n\n"",StrColor(255,0,0,DPS1),StrColor(200,200,0,DPS2),StrColor(50,50,220,DPS3))"
"M/R:%s/%s






"	"근/원:%s/%s






"	translated	misc	1	reviewed_preserved_or_moved_display:1	Scripts/General/zzMaw-Stats.lua	"Game.GlobalTxt[47]=string.format(""M/R:%s/%s\n\n\n\n\n\n\n"",StrColor(255,0,0,DPS1),StrColor(200,200,0,DPS2))"
Map Level: 	지도 레벨: 	translated	misc	1	reviewed_preserved_or_moved_display:1	Scripts/Modules/MawCore/Tooltip.lua	"t.Enchantment=""Map Level: "" .. it.MaxCharges*10+20+baseLevel"
mismatched installation; MAW settings will be unavailable.	설치 버전이 일치하지 않아 MAW 설정을 사용할 수 없습니다.	translated	misc	1	reviewed_preserved_or_moved_display:1	Scripts/General/zz_Maw-initialize.lua	".. ""mismatched installation; MAW settings will be unavailable."")"
Mountain Man	산사람	translated	misc	1	reviewed_preserved_or_moved_display:1	Scripts/General/zSERIOUSMAW.lua	"name[204]=""Mountain Man"""
Naga Empress	나가 여제	translated	misc	1	reviewed_preserved_or_moved_display:1	Scripts/General/zSERIOUSMAW.lua	"name[205]=""Naga Empress"""
Name:       	이름:       	translated	misc	1	reviewed_preserved_or_moved_display:1	Scripts/Modules/Multiplayer/UI/Lobby.lua	"{header = ""Name:       "", default = conn.MyHostGlobals.Name, empty = ""Enter server name"", multiline = false, limit = 40},"
Negative drain life: 	역방향 생명 흡수: 	translated	misc	1	reviewed_preserved_or_moved_display:1	Scripts/General/zzzMaw_Artifacts.lua	"""Negative drain life: "" .. round(-leech*100) .. ""%"")"
no relay access	중계 서버에 접속할 수 없습니다	translated	misc	1	reviewed_preserved_or_moved_display:1	Scripts/Modules/Multiplayer/Packets.lua	"error_t = {can_join = false, error = ""no relay access""}"
NPC %d	NPC %d	translated	misc	1	reviewed_preserved_or_moved_display:1	Scripts/General/NPCFollowers.lua	"Label = strformat(""NPC %d"", i),"
NPC PANEL	NPC 패널	translated	misc	1	reviewed_preserved_or_moved_display:1	Scripts/General/NPCFollowers.lua	"MF.RegisterExtraKeyBind({DefKey = 0x30, RegValue = ""xkey_npcpanel"", Label = ""NPC PANEL"","
Open lobby	로비 열기	translated	misc	1	reviewed_preserved_or_moved_display:1	Scripts/Modules/Multiplayer/UI/Lobby.lua	"""Open lobby"", ""Enter server info:"", inputs, ""  Open "", nil,"
Orb of Creation	창조의 구체	translated	misc	1	reviewed_preserved_or_moved_display:1	Scripts/General/zzAlchemy.lua	"""Orb of Creation"","
other player	다른 플레이어	translated	misc	1	reviewed_preserved_or_moved_display:1	Scripts/Modules/Multiplayer/Synchronization/Evt.lua	"Game.NPCTopic[dummy_topic] = (""%s is busy speaking with %s""):format(NPC.Name, client and client.name or ""other player"")"
Other players in house:	집 안의 다른 플레이어:	translated	misc	1	reviewed_preserved_or_moved_display:1	Scripts/Modules/Multiplayer/UI/House.lua	"ShowTextRight(""Other players in house:"", baseX + 76, baseY - (count - 1) * lineHeight - 20)"
Pandora's Cube	판도라의 큐브	translated	misc	1	reviewed_preserved_or_moved_display:1	Scripts/General/zzAlchemy.lua	"""Pandora's Cube"","
Party missing %s food to start rest.	휴식을 시작하려면 식량이 %s 더 필요합니다.	translated	misc	1	reviewed_preserved_or_moved_display:1	Scripts/Modules/Multiplayer/Synchronization/RestScreen.lua	"local NotEnoughFoodMsg = ""Party missing %s food to start rest."""
Password:   	비밀번호:   	translated	misc	1	reviewed_preserved_or_moved_display:1	Scripts/Modules/Multiplayer/UI/Lobby.lua	"{header = ""Password:   "", default = conn.MyHostGlobals.Password, empty = ""none"", multiline = false, hidden = true, limit = 40},"
Pearl of Memory	기억의 진주	translated	misc	1	reviewed_preserved_or_moved_display:1	Scripts/General/zzAlchemy.lua	"""Pearl of Memory"","
"Permanently adds 'of Darkness' property to a non-magic weapon.
Require 100 power to work.
"	"마법이 부여되지 않은 무기에 '어둠의' 속성을 영구적으로 추가합니다.
작동하려면 위력 100이 필요합니다.
"	translated	misc	1	reviewed_preserved_or_moved_display:1	Scripts/General/zzAlchemy.lua	"[256] = ""Permanently adds 'of Darkness' property to a non-magic weapon.\nRequire 100 power to work.\n"","
"Permanently adds 20 per 50 potion power to permanent Endurance, Speed and Luck.
Previously gained bonus do not stack.
"	"물약 위력 50마다 지구력, 속도, 행운에 영구적으로 20을 추가합니다.
이전에 얻은 보너스와 중첩되지 않습니다.
"	translated	misc	1	reviewed_preserved_or_moved_display:1	Scripts/General/zzAlchemy.lua	"[254] = ""Permanently adds 20 per 50 potion power to permanent Endurance, Speed and Luck.\nPreviously gained bonus do not stack.\n"","
"Permanently adds 20 per 50 potion power to permanent Intellect and Wisdom.
Previously gained bonus do not stack.
"	"물약 위력 50마다 지성과 인격에 영구적으로 20을 추가합니다.
이전에 얻은 보너스와 중첩되지 않습니다.
"	translated	misc	1	reviewed_preserved_or_moved_display:1	Scripts/General/zzAlchemy.lua	"[253] = ""Permanently adds 20 per 50 potion power to permanent Intellect and Wisdom.\nPreviously gained bonus do not stack.\n"","
"Permanently adds 20 per 50 potion power to permanent Might and Accuracy.
Previously gained bonus do not stack.
"	"물약 위력 50마다 힘과 정확도에 영구적으로 20을 추가합니다.
이전에 얻은 보너스와 중첩되지 않습니다.
"	translated	misc	1	reviewed_preserved_or_moved_display:1	Scripts/General/zzAlchemy.lua	"[252] = ""Permanently adds 20 per 50 potion power to permanent Might and Accuracy.\nPreviously gained bonus do not stack.\n"","
"Permanently adds 30 per 50 potion power to Fire, Air, Water and Earth Resistance, single-use.
Require 50 power per step to work.
Previously gained bonus do not stack.
"	"물약 위력 50마다 화염, 공기, 물, 대지 저항에 영구적으로 30을 추가합니다. 한 번만 사용할 수 있습니다.
단계마다 작동하려면 위력 50이 필요합니다.
이전에 얻은 보너스와 중첩되지 않습니다.
"	translated	misc	1	reviewed_preserved_or_moved_display:1	Scripts/General/zzAlchemy.lua	"[261] = ""Permanently adds 30 per 50 potion power to Fire, Air, Water and Earth Resistance, single-use.\nRequire 50 power per step to work.\nPreviously gained bonus do not stack.\n"","
"Permanently adds 30 per 50 potion power to Mind and Body Resistance, single-use.
Require 50 power per step to work.
Previously gained bonus do not stack.
"	"물약 위력 50마다 정신 및 육체 저항에 영구적으로 30을 추가합니다. 한 번만 사용할 수 있습니다.
단계마다 작동하려면 위력 50이 필요합니다.
이전에 얻은 보너스와 중첩되지 않습니다.
"	translated	misc	1	reviewed_preserved_or_moved_display:1	Scripts/General/zzAlchemy.lua	"[262] = ""Permanently adds 30 per 50 potion power to Mind and Body Resistance, single-use.\nRequire 50 power per step to work.\nPreviously gained bonus do not stack.\n"","
"Permanently adds a random tier 3 elemental damage enchant to a weapon.
Require 50 power to work.
"	"무기에 무작위 3단계 원소 피해 마법부여를 영구적으로 추가합니다.
작동하려면 위력 50이 필요합니다.
"	translated	misc	1	reviewed_preserved_or_moved_display:1	Scripts/General/zzAlchemy.lua	"[255] = ""Permanently adds a random tier 3 elemental damage enchant to a weapon.\nRequire 50 power to work.\n"","
Player	플레이어	translated	misc	1	reviewed_preserved_or_moved_display:1	Scripts/Modules/Multiplayer/UI/House.lua	"local msg = (""%s (speaking with %s)""):format(v.name or ""Player"", Game.NPC[v.talking_to].Name)"
Players armor reduced by 	플레이어 방어력 감소: 	translated	misc	1	reviewed_preserved_or_moved_display:1	Scripts/Modules/MawCore/Tooltip.lua	"[28]=""Players armor reduced by "" .. getMapAffixPower(28, power) .. ""%"","
Players attack speed reduced by 	플레이어 공격 속도 감소: 	translated	misc	1	reviewed_preserved_or_moved_display:1	Scripts/Modules/MawCore/Tooltip.lua	"[26]=""Players attack speed reduced by "" .. getMapAffixPower(26, power) .. ""%"","
Players critical chance reduced by 	플레이어 치명타 확률 감소: 	translated	misc	1	reviewed_preserved_or_moved_display:1	Scripts/Modules/MawCore/Tooltip.lua	"[20]=""Players critical chance reduced by "" .. getMapAffixPower(20, power) .. ""%"","
Players critical damage reduced by 	플레이어 치명타 피해 감소: 	translated	misc	1	reviewed_preserved_or_moved_display:1	Scripts/Modules/MawCore/Tooltip.lua	"[21]=""Players critical damage reduced by "" .. getMapAffixPower(21, power) .. ""%"","
Players have a 	플레이어는 	translated	misc	1	reviewed_preserved_or_moved_display:1	Scripts/Modules/MawCore/Tooltip.lua	"[30]=""Players have a "" .. getMapAffixPower(30, power) .. ""% chance to miss attacks"","
Players HP/SP regen reduced by 	플레이어 생명력/주문력 재생 감소: 	translated	misc	1	reviewed_preserved_or_moved_display:1	Scripts/Modules/MawCore/Tooltip.lua	"[22]=""Players HP/SP regen reduced by "" .. getMapAffixPower(22, power) .. ""%"","
Players magic damage reduced by 	플레이어 마법 피해 감소: 	translated	misc	1	reviewed_preserved_or_moved_display:1	Scripts/Modules/MawCore/Tooltip.lua	"[24]=""Players magic damage reduced by "" .. getMapAffixPower(24, power) .. ""%"","
Players movement speed reduced by 	플레이어 이동 속도 감소: 	translated	misc	1	reviewed_preserved_or_moved_display:1	Scripts/Modules/MawCore/Tooltip.lua	"[25]=""Players movement speed reduced by "" .. getMapAffixPower(25, power) .. ""%"","
Players physical damage reduced by 	플레이어 물리 피해 감소: 	translated	misc	1	reviewed_preserved_or_moved_display:1	Scripts/Modules/MawCore/Tooltip.lua	"[23]=""Players physical damage reduced by "" .. getMapAffixPower(23, power) .. ""%"","
Players resistances reduced by 	플레이어 저항 감소: 	translated	misc	1	reviewed_preserved_or_moved_display:1	Scripts/Modules/MawCore/Tooltip.lua	"[29]=""Players resistances reduced by "" .. getMapAffixPower(29, power) .. ""%"","
Players: %d / %d	플레이어: %d / %d	translated	misc	1	reviewed_preserved_or_moved_display:1	Scripts/Modules/Multiplayer/UI/Lobby.lua	"(""Players: %d / %d""):format(entry.Data.Players, entry.Data.MaxPlayers), ""Version: "" .. entry.Data.Version)"
"Prevents drowning damage for 6 hours.
Require 20 power to work.
"	"6시간 동안 익사 피해를 방지합니다.
작동하려면 위력 20이 필요합니다.
"	translated	misc	1	reviewed_preserved_or_moved_display:1	Scripts/General/zzAlchemy.lua	"[235] = ""Prevents drowning damage for 6 hours.\nRequire 20 power to work.\n"","
Provides Haste+Heroism+Bless.	신속 + 영웅심 + 축복 효과를 부여합니다.	translated	misc	1	reviewed_preserved_or_moved_display:1	Scripts/General/zzAlchemy.lua	"[245] = ""Provides Haste+Heroism+Bless."","
Provides Shield+Stone Skin+Preservation.	방패 + 돌가죽 + 보존 효과를 부여합니다.	translated	misc	1	reviewed_preserved_or_moved_display:1	Scripts/General/zzAlchemy.lua	"[251] = ""Provides Shield+Stone Skin+Preservation."","
Queen's Diamond	여왕의 다이아몬드	translated	misc	2	reviewed_preserved_or_moved_display:2	Scripts/General/zzAlchemy.lua; Scripts/General/zzMaw-Items.lua	"""Queen's Diamond"","
Range: far away	거리: 멀리 있음	translated	misc	1	reviewed_preserved_or_moved_display:1	Scripts/Modules/Multiplayer/UI/RemotePlayers.lua	"widget.text_range = PropText(""Range: far away"", XBase, YBase + 14)"
"Recipes:
Add Orange: Champion's Potion
Add Purple: Power Boost
Add Green: Divine Cure"	"조합법:
주황 추가: 챔피언의 물약
보라 추가: 힘 강화
초록 추가: 신성한 치유"	translated	misc	3	reviewed_preserved_or_moved_display:3	Scripts/General/zzAlchemy.lua	"[228]=""Recipes:\nAdd Orange: Champion's Potion\nAdd Purple: Power Boost\nAdd Green: Divine Cure"","
"Recipes:
Add Orange: Lesser Element
Add Purple: Wisdom Boost
Add Green: Divine Magic"	"조합법:
주황 추가: 하급 원소
보라 추가: 지혜 강화
초록 추가: 신성한 마법"	translated	misc	3	reviewed_preserved_or_moved_display:3	Scripts/General/zzAlchemy.lua	"[231]=""Recipes:\nAdd Orange: Lesser Element\nAdd Purple: Wisdom Boost\nAdd Green: Divine Magic"","
"Recipes:
Add Orange: Self Resistance
Add Purple: Elemental Resistance
Add Green: Paladin's Potion"	"조합법:
주황 추가: 자기 저항
보라 추가: 원소 저항
초록 추가: 성기사의 물약"	translated	misc	3	reviewed_preserved_or_moved_display:3	Scripts/General/zzAlchemy.lua	"[237]=""Recipes:\nAdd Orange: Self Resistance\nAdd Purple: Elemental Resistance\nAdd Green: Paladin's Potion"","
"Recipes:
Add Orange: Swiftness
Add Purple: Resilience Boost
Add Green: Divine Restoration"	"조합법:
주황 추가: 신속
보라 추가: 회복력 강화
초록 추가: 신성한 회복"	translated	misc	3	reviewed_preserved_or_moved_display:3	Scripts/General/zzAlchemy.lua	"[234]=""Recipes:\nAdd Orange: Swiftness\nAdd Purple: Resilience Boost\nAdd Green: Divine Restoration"","
"Recipes:
Add Red: Divine Blessing
Add Blue: Darkness
Add Yellow: Greater Element"	"조합법:
빨강 추가: 신성한 축복
파랑 추가: 어둠
노랑 추가: 상급 원소"	translated	misc	3	reviewed_preserved_or_moved_display:3	Scripts/General/zzAlchemy.lua	"[243]=""Recipes:\nAdd Red: Divine Blessing\nAdd Blue: Darkness\nAdd Yellow: Greater Element"","
"Recipes:
Add Red: Haste
Add Blue: Protection
Add Yellow: Stone Skin
Add Purple: Magic Protection
Add Green: Stone to Flesh"	"조합법:
빨강 추가: 신속
파랑 추가: 보호
노랑 추가: 돌가죽
보라 추가: 마법 보호
초록 추가: 석화 해제"	translated	misc	1	reviewed_preserved_or_moved_display:1	Scripts/General/zzAlchemy.lua	"[225]=""Recipes:\nAdd Red: Haste\nAdd Blue: Protection\nAdd Yellow: Stone Skin\nAdd Purple: Magic Protection\nAdd Green: Stone to Flesh"","
"Recipes:
Add Red: Pure Elemental Resistance
Add Blue: Divine Resistance
Add Yellow: Pure Self Resistance"	"조합법:
빨강 추가: 순수 원소 저항
파랑 추가: 신성 저항
노랑 추가: 순수 자기 저항"	translated	misc	3	reviewed_preserved_or_moved_display:3	Scripts/General/zzAlchemy.lua	"[249]=""Recipes:\nAdd Red: Pure Elemental Resistance\nAdd Blue: Divine Resistance\nAdd Yellow: Pure Self Resistance"","
"Recipes:
Add Red: Pure Power
Add Blue: Pure Wisdom
Add Yellow: Pure Resilience"	"조합법:
빨강 추가: 순수한 힘
파랑 추가: 순수한 지혜
노랑 추가: 순수한 회복력"	translated	misc	3	reviewed_preserved_or_moved_display:3	Scripts/General/zzAlchemy.lua	"[240]=""Recipes:\nAdd Red: Pure Power\nAdd Blue: Pure Wisdom\nAdd Yellow: Pure Resilience"","
"Recipes:
Add Red: Twilight
Add Blue: Dawn
Add Yellow: Trascendance"	"조합법:
빨강 추가: 황혼
파랑 추가: 여명
노랑 추가: 초월"	translated	misc	3	reviewed_preserved_or_moved_display:3	Scripts/General/zzAlchemy.lua	"[246]=""Recipes:\nAdd Red: Twilight\nAdd Blue: Dawn\nAdd Yellow: Trascendance"","
Reduce all damage taken by 	받는 모든 피해 감소량: 	translated	misc	2	reviewed_preserved_or_moved_display:2	Scripts/Modules/MawCore/SkillTooltip.lua	"return MawSchoolDescBase[13] .. ASC .. ""Reduce all damage taken by "" .. airReduction .. ""%\n"""
Regenerates Health for 6 hours.	6시간 동안 생명력을 재생합니다.	translated	misc	1	reviewed_preserved_or_moved_display:1	Scripts/General/zzAlchemy.lua	"[233] = ""Regenerates Health for 6 hours."","
"Removes and prevents all conditions, except Dead and Eradication, for 6 hours.
Require 40 power to work.
"	"죽음과 소멸을 제외한 모든 상태 이상을 제거하고 6시간 동안 방지합니다.
작동하려면 위력 40이 필요합니다.
"	translated	misc	1	reviewed_preserved_or_moved_display:1	Scripts/General/zzAlchemy.lua	"[246] = ""Removes and prevents all conditions, except Dead and Eradication, for 6 hours.\nRequire 40 power to work.\n"","
response timeout	응답 시간 초과	translated	misc	1	reviewed_preserved_or_moved_display:1	Scripts/Modules/Multiplayer/Network/STUN.lua	"return nil, ""response timeout"""
Royal Amethyst	왕실 자수정	translated	misc	2	reviewed_preserved_or_moved_display:2	Scripts/General/zzAlchemy.lua; Scripts/General/zzMaw-Items.lua	"""Royal Amethyst"","
Select remote player 	다른 플레이어 선택 	translated	misc	1	reviewed_preserved_or_moved_display:1	Scripts/Modules/Multiplayer/UI/RemotePlayers.lua	"RemoteTargetKeybinds[i] = Keybinds.Add(""RemotePlayer"" .. n, ""Select remote player "" .. n .. "":"", n, true, {0, const.Screens.SelectTarget}, function()"
Serpent Mother	뱀의 어머니	translated	misc	1	reviewed_preserved_or_moved_display:1	Scripts/General/zSERIOUSMAW.lua	"name[200]=""Serpent Mother"""
Server connection	서버 연결	translated	misc	1	reviewed_preserved_or_moved_display:1	Scripts/Modules/Multiplayer/UI/Lobby.lua	"UIUtils.PopupInput(""Server connection"", ServerDesc, Input, ""Connect"", nil, Accepted)"
server full	서버가 가득 찼습니다	translated	misc	1	reviewed_preserved_or_moved_display:1	Scripts/Modules/Multiplayer/Packets.lua	"error_t = {can_join = false, error = ""server full""}"
Server list	서버 목록	translated	misc	1	reviewed_preserved_or_moved_display:1	Scripts/Modules/Multiplayer/UI/Lobby.lua	"local ClienConnTumb = TextTumbler(350, 125, nil, ""Server list"", "" Direct connect"", true,"
Shared Life: periodically transfers HP from party members with more current HP to the wearer.	생명 공유: 현재 체력이 더 많은 동료의 체력을 주기적으로 착용자에게 전달합니다.	translated	misc	1	reviewed_preserved_or_moved_display:1	Scripts/General/zzzMaw_Artifacts.lua	"lines[#lines + 1] = ""Shared Life: periodically transfers HP from party members with more current HP to the wearer."""
Show full	가득 찬 서버 표시	translated	misc	1	reviewed_preserved_or_moved_display:1	Scripts/Modules/Multiplayer/UI/Lobby.lua	"SimpleText(""Show full"", 150, HeaderY, Game.Smallnum_fnt,"
Show other versions	다른 버전 표시	translated	misc	1	reviewed_preserved_or_moved_display:1	Scripts/Modules/Multiplayer/UI/Lobby.lua	"SimpleText(""Show other versions"", 400, HeaderY, Game.Smallnum_fnt,"
Show passworded	비밀번호 서버 표시	translated	misc	1	reviewed_preserved_or_moved_display:1	Scripts/Modules/Multiplayer/UI/Lobby.lua	"SimpleText(""Show passworded"", 250, HeaderY, Game.Smallnum_fnt,"
Show remote SP:	다른 플레이어의 주문력 표시:	translated	misc	1	reviewed_preserved_or_moved_display:1	Scripts/Modules/Multiplayer/UI/RemotePlayers.lua	"Group:Switch(""Show remote SP:"", acceptor, ""useSP"", function(t)"
Size of binary data is less than minimal necessary: %d / %d	바이너리 데이터가 최소 필요 크기보다 작습니다: %d / %d	translated	misc	1	reviewed_preserved_or_moved_display:1	Scripts/Modules/Multiplayer/Network/Lobby/Messages.lua	"return (""Size of binary data is less than minimal necessary: %d / %d""):format(got, expect)"
SP: %s / %s pt.	주문력: %s / %s	translated	misc	1	reviewed_preserved_or_moved_display:1	Scripts/Modules/Multiplayer/UI/RemotePlayers.lua	"widget.text_sp = PropText(""SP: %s / %s pt."", XBase, YBase + 42)"
Start Level 	도전 레벨 	translated	misc	1	reviewed_preserved_or_moved_display:1	Scripts/Global/zzMaw_Arena.lua	"Topic = ""Start Level ""  .. vars.highestArenaWave+1,"
taking turn...	차례 진행 중...	translated	misc	1	reviewed_preserved_or_moved_display:1	Scripts/Modules/Multiplayer/UI/RemotePlayers.lua	"widget.text_tbphase = PropText(""taking turn..."", XBase, YBase + 56)"
"Targets found. Realms: Attuned. Time: Attuned.

"	"대상을 찾았습니다. 영역: 동조됨. 시간: 동조됨.

"	translated	misc	3	reviewed_preserved_or_moved_display:3	Scripts/Global/Quest_SavingGoobers.lua	"CurMes = ""Targets found. Realms: Attuned. Time: Attuned.\n\n"" .. table.concat(Messages, ""\n"") .. ""\n\nRealms: Detached. Time: Detached."""
Telelocator	텔레로케이터	translated	misc	1	reviewed_preserved_or_moved_display:1	Scripts/Global/Quest_SavingGoobers.lua	"Game.NPC[TeleNPCId].Name = ""Telelocator"""
Temporarily increases by 10+(1 x Power) Endurance, Speed and Luck for 6 hours.	6시간 동안 지구력, 속도, 행운이 10 + (1 × 위력)만큼 증가합니다.	translated	misc	1	reviewed_preserved_or_moved_display:1	Scripts/General/zzAlchemy.lua	"[242] = ""Temporarily increases by 10+(1 x Power) Endurance, Speed and Luck for 6 hours."","
Temporarily increases by 10+(1 x Power) Intellect and Personality for 6 hours.	6시간 동안 지성과 인격이 10 + (1 × 위력)만큼 증가합니다.	translated	misc	1	reviewed_preserved_or_moved_display:1	Scripts/General/zzAlchemy.lua	"[241] = ""Temporarily increases by 10+(1 x Power) Intellect and Personality for 6 hours."","
Temporarily increases by 10+(1 x Power) Might and Accuracy for 6 hours.	6시간 동안 힘과 정확도가 10 + (1 × 위력)만큼 증가합니다.	translated	misc	1	reviewed_preserved_or_moved_display:1	Scripts/General/zzAlchemy.lua	"[240] = ""Temporarily increases by 10+(1 x Power) Might and Accuracy for 6 hours."","
The circlet is in safe hands. The Temple of the Sun will not forget your help.	머리띠는 안전하게 보관하고 있습니다. 태양의 신전은 여러분의 도움을 잊지 않을 것입니다.	translated	misc	1	reviewed_preserved_or_moved_display:1	Scripts/Global/zzMAW_DruidCircletQuest.lua	"After = ""The circlet is in safe hands. The Temple of the Sun will not forget your help."","
The Druid Circlet of Power! How many pilgrims gave their lives just to set eyes on it... The Temple of the Sun will keep it safe. Accept the Temple's gratitude, and this amulet.	힘의 드루이드 머리띠! 이 유물을 한 번 보려고 얼마나 많은 순례자들이 목숨을 잃었는지... 태양의 신전에서 안전하게 보관하겠습니다. 신전의 감사와 함께 이 부적을 받으십시오.	translated	misc	1	reviewed_preserved_or_moved_display:1	Scripts/Global/zzMAW_DruidCircletQuest.lua	"Done = ""The Druid Circlet of Power! How many pilgrims gave their lives just to set eyes on it... The Temple of the Sun will keep it safe. Accept the Temple's gratitude, and this amulet."","
The pilgrims bound for the Druid Circle were seeking more than old stones. It is said the druids of the Ancients left a relic there, the Druid Circlet of Power. The Temple of the Sun wishes to keep it safe before it falls into the wrong hands. The Circle lies to the northeast of here. If you find the circlet, bring it to me, and the Temple will reward you.	드루이드의 원으로 향한 순례자들이 찾던 것은 그저 오래된 돌무더기가 아니었습니다. 고대인의 드루이드들이 그곳에 힘의 드루이드 머리띠라는 유물을 남겼다고 합니다. 태양의 신전에서는 그 유물이 악한 자들의 손에 들어가기 전에 안전하게 보관하려 합니다. 드루이드의 원은 여기서 북동쪽에 있습니다. 머리띠를 찾으면 제게 가져오십시오. 신전에서 보상해 드리겠습니다.	translated	misc	1	reviewed_preserved_or_moved_display:1	Scripts/Global/zzMAW_DruidCircletQuest.lua	"Give = ""The pilgrims bound for the Druid Circle were seeking more than old stones. It is said the druids of the Ancients left a relic there, the Druid Circlet of Power. The Temple of the Sun wishes to keep it safe before it falls into the wrong hands. The Circle lies to the northeast of here. If you find the circlet, bring it to me, and the Temple will reward you."","
The rift I showed you still stands. Clear it, then return to me.	제가 알려드린 균열은 아직 남아 있습니다. 그곳을 정리한 뒤 돌아오십시오.	translated	misc	1	reviewed_preserved_or_moved_display:1	Scripts/Global/zzMaw_DimensionalMapsQuest.lua	"local TEXT_NOT_CLEARED = ""The rift I showed you still stands. Clear it, then return to me."""
The rift in %s is sealed. Accept this reward: %d gold.	%s의 균열이 봉인됐군요. 보상으로 금화 %d개를 받으십시오.	translated	misc	1	reviewed_preserved_or_moved_display:1	Scripts/Global/zzMaw_DimensionalMapsQuest.lua	"local TEXT_REWARD = ""The rift in %s is sealed. Accept this reward: %d gold."""
The rifts between worlds open only for those who have walked far enough. Return to me when one of you has reached level %d.	세계 사이의 균열은 충분히 성장한 이들에게만 열립니다. 일행 중 한 명이 %d레벨에 도달하면 다시 찾아오십시오.	translated	misc	1	reviewed_preserved_or_moved_display:1	Scripts/Global/zzMaw_DimensionalMapsQuest.lua	"local TEXT_TOO_LOW = ""The rifts between worlds open only for those who have walked far enough. Return to me when one of you has reached level %d."""
Timed out	시간 초과	translated	misc	2	reviewed_preserved_or_moved_display:2	Scripts/Modules/Multiplayer/UI/Lobby.lua	"return false, ""Timed out"""
Toggle remote players UI:	다른 플레이어 UI 전환:	translated	misc	1	reviewed_preserved_or_moved_display:1	Scripts/Modules/Multiplayer/UI/RemotePlayers.lua	"Keybinds.Add(""ToggleRemotePlayersUI"", ""Toggle remote players UI:"", ""P"", false, {0, const.Screens.SelectTarget}, function()"
Total corrupted bags: 	손상된 가방 수: 	translated	misc	1	reviewed_preserved_or_moved_display:1	Scripts/General/zzMaw-Item-Sorter.lua	"""Total corrupted bags: "" .. brokenBags .. ""\n"" .."
Uses HP amounts, not percentages. Can revive the wearer from unconsciousness.	체력 비율이 아닌 수치를 기준으로 계산합니다. 의식불명 상태인 착용자를 깨울 수 있습니다.	translated	misc	1	reviewed_preserved_or_moved_display:1	Scripts/General/zzzMaw_Artifacts.lua	"lines[#lines + 1] = ""Uses HP amounts, not percentages. Can revive the wearer from unconsciousness."""
Version: 	버전: 	translated	misc	1	reviewed_preserved_or_moved_display:1	Scripts/Modules/Multiplayer/UI/Lobby.lua	"(""Players: %d / %d""):format(entry.Data.Players, entry.Data.MaxPlayers), ""Version: "" .. entry.Data.Version)"
versions do not match, server version: 	버전이 일치하지 않습니다. 서버 버전: 	translated	misc	1	reviewed_preserved_or_moved_display:1	Scripts/Modules/Multiplayer/Packets.lua	"error_t = {can_join = false, error = ""versions do not match, server version: "" .. Multiplayer.VERSION}"
"Vitality: %s







"	"활력: %s







"	translated	misc	1	reviewed_preserved_or_moved_display:1	Scripts/General/zzMaw-Stats.lua	"Game.GlobalTxt[172]=string.format(""Vitality: %s\n\n\n\n\n\n\n\n"",StrColor(0,255,0,vitality))"
"World: Enroth. Realm: %s. Landmark: %s. Year: %s
Targets' status: %s, type: %s, state: %s.
"	"세계: 엔로스. 영역: %s. 지점: %s. 연도: %s
대상 상태: %s, 유형: %s, 상태: %s.
"	translated	misc	1	reviewed_preserved_or_moved_display:1	Scripts/Global/Quest_SavingGoobers.lua	"local FString	= ""World: Enroth. Realm: %s. Landmark: %s. Year: %s\nTargets' status: %s, type: %s, state: %s.\n"""
You do not have the circlet. The Druid Circle lies to the northeast of here; look for it there.	머리띠가 없으시군요. 드루이드의 원은 여기서 북동쪽에 있으니, 그곳을 찾아보십시오.	translated	misc	1	reviewed_preserved_or_moved_display:1	Scripts/Global/zzMAW_DruidCircletQuest.lua	"Undone = ""You do not have the circlet. The Druid Circle lies to the northeast of here; look for it there."","
You have sealed every rift I could find. There is nothing more I can show you.	제가 찾은 균열을 모두 봉인하셨습니다. 더 알려드릴 곳이 없습니다.	translated	misc	1	reviewed_preserved_or_moved_display:1	Scripts/Global/zzMaw_DimensionalMapsQuest.lua	"local TEXT_ALL_DONE = ""You have sealed every rift I could find. There is nothing more I can show you."""
You regenerate 	재생하는 양: 	translated	misc	4	reviewed_preserved_or_moved_display:4	Scripts/Modules/MawCore/SkillTooltip.lua	"[2]=""You regenerate "" .. Formulas.assassinEnergyPerSec(1) .. "" energy per second"",[3]=""You regenerate "" .. Formulas.assassinEnergyPerSec(2) .. "" energy per second"",[4]=""You regenerate "" .. Formulas.assassinEnergyPerSec(3) .. "" energy per second"",[5]=""You regenerate "" .. Formulas.assassinEnergyPerSec(4) .. "" energy per second""},"
Your attacks also leech 	또한 공격 시 흡수하는 생명력은 가한 물리 피해의 	translated	misc	1	reviewed_preserved_or_moved_display:1	Scripts/Modules/MawCore/SkillTooltip.lua	".. ""Your attacks also leech "" .. blood .. ""% of the physical damage you deal ("""
"
All damage taken: +"	"
받는 모든 피해: +"	translated	monster	1	reviewed_preserved_or_moved_display:1	Scripts/General/zzMaw-Monsters.lua	"activeDebuffs = activeDebuffs .. ""\nAll damage taken: +"" .. round(legendaryStack) .. ""%"""
"
Every monster is measured with the bar of the middle variant of its family: weak variants leech for less, strong ones and bosses for more."	"
몬스터의 체력은 같은 계열의 중간 등급을 기준으로 계산합니다. 약한 변종에게서는 적게, 강한 변종과 우두머리에게서는 많이 흡수합니다."	translated	monster	1	reviewed_preserved_or_moved_display:1	Scripts/General/zzMaw-Stats.lua	".. ""\nEvery monster is measured with the bar of the middle variant of its family: weak variants leech for less, strong ones and bosses for more."""
"
Leech counts health bars, not damage: take away 50% of a monster's health with 10% leech, and you heal 5% of your own."	"
흡수량은 피해 수치가 아닌 체력 비율로 계산합니다. 흡수율 10%로 몬스터 체력의 50%를 깎으면 자신의 체력 5%를 회복합니다."	translated	monster	1	reviewed_preserved_or_moved_display:1	Scripts/General/zzMaw-Stats.lua	".. ""\nLeech counts health bars, not damage: take away 50% of a monster's health with 10% leech, and you heal 5% of your own."""
"
Physical damage taken: +"	"
받는 물리 피해: +"	translated	monster	1	reviewed_preserved_or_moved_display:1	Scripts/General/zzMaw-Monsters.lua	"activeDebuffs = activeDebuffs .. ""\nPhysical damage taken: +"" .. round(spearStack) .. ""%"""
% be an higher tier	% 확률로 더 높은 등급이 됨	translated	monster	1	reviewed_preserved_or_moved_display:1	Scripts/Modules/MawCore/Tooltip.lua	"[17]=""Monsters have "" .. getMapAffixPower(17, power) .. ""% be an higher tier"","
% chance to become a boss	% 확률로 보스가 됨	translated	monster	1	reviewed_preserved_or_moved_display:1	Scripts/Modules/MawCore/Tooltip.lua	"[19]=""Monsters have "" .. getMapAffixPower(19, power) .. ""% chance to become a boss"","
% chance to cast dragon breath	% 확률로 드래곤 브레스 시전	translated	monster	1	reviewed_preserved_or_moved_display:1	Scripts/Modules/MawCore/Tooltip.lua	"[4]=""Monsters have "" .. getMapAffixPower(4, power) .. ""% chance to cast dragon breath"","
% chance to cast fireball	% 확률로 화염구 시전	translated	monster	1	reviewed_preserved_or_moved_display:1	Scripts/Modules/MawCore/Tooltip.lua	"[3]=""Monsters have "" .. getMapAffixPower(3, power) .. ""% chance to cast fireball"","
% chance to deal energy damage	% 확률로 에너지 피해를 줌	translated	monster	1	reviewed_preserved_or_moved_display:1	Scripts/Modules/MawCore/Tooltip.lua	"[14]=""Monsters have "" .. getMapAffixPower(14, power) .. ""% chance to deal energy damage"","
% chance to ignore status resistance	% 확률로 상태 저항 무시	translated	monster	1	reviewed_preserved_or_moved_display:1	Scripts/Modules/MawCore/Tooltip.lua	"[8]=""Monsters have "" .. getMapAffixPower(8, power) .. ""% chance to ignore status resistance"","
% chance to summon a monster upon death	% 확률로 사망 시 몬스터 소환	translated	monster	1	reviewed_preserved_or_moved_display:1	Scripts/Modules/MawCore/Tooltip.lua	"[9]=""Monsters have "" .. getMapAffixPower(9, power) .. ""% chance to summon a monster upon death"","
% critical chance	% 치명타 확률	translated	monster	1	reviewed_preserved_or_moved_display:1	Scripts/Modules/MawCore/Tooltip.lua	"[2]=""Monsters have "" .. getMapAffixPower(2, power) .. ""% critical chance"","
% extra chance to resist control effects	% 추가 제어 효과 저항 확률	translated	monster	1	reviewed_preserved_or_moved_display:1	Scripts/Modules/MawCore/Tooltip.lua	"[13]=""Monsters have "" .. getMapAffixPower(13, power) .. ""% extra chance to resist control effects"","
% increased damage	% 증가한 피해를 줌	translated	monster	1	reviewed_preserved_or_moved_display:1	Scripts/Modules/MawCore/Tooltip.lua	"[1]=""Monsters deal "" .. getMapAffixPower(1, power) .. ""% increased damage"","
% increased HP	% 생명력 증가	translated	monster	1	reviewed_preserved_or_moved_display:1	Scripts/Modules/MawCore/Tooltip.lua	"[15]=""Monsters have "" .. getMapAffixPower(15, power) .. ""% increased HP"","
% increased movement speed	% 이동 속도 증가	translated	monster	1	reviewed_preserved_or_moved_display:1	Scripts/Modules/MawCore/Tooltip.lua	"[11]=""Monsters have "" .. getMapAffixPower(11, power) .. ""% increased movement speed"","
% of magic damage	%의 마법 피해를 반사	translated	monster	1	reviewed_preserved_or_moved_display:1	Scripts/Modules/MawCore/Tooltip.lua	"[6]=""Monsters reflect "" .. getMapAffixPower(6, power) .. ""% of magic damage"","
% of physical damage	%의 물리 피해를 반사	translated	monster	1	reviewed_preserved_or_moved_display:1	Scripts/Modules/MawCore/Tooltip.lua	"[5]=""Monsters reflect "" .. getMapAffixPower(5, power) .. ""% of physical damage"","
% of player hp as damage	%의 플레이어 생명력을 피해로 줌	translated	monster	1	reviewed_preserved_or_moved_display:1	Scripts/Modules/MawCore/Tooltip.lua	"[10]=""Monsters deal "" .. getMapAffixPower(10, power) .. ""% of player hp as damage"","
%HP per second	% 생명력 재생	translated	monster	1	reviewed_preserved_or_moved_display:1	Scripts/Modules/MawCore/Tooltip.lua	"[7]=""Monsters regenerate "" .. getMapAffixPower(7, power) .. ""%HP per second"","
Armor Halved	방어력 절반	translated	monster	1	reviewed_preserved_or_moved_display:1	Scripts/General/zzMaw-Monsters.lua	"[const.MonsterBuff.ArmorHalved] = ""Armor Halved"","
Berserk	광분	translated	monster	1	reviewed_preserved_or_moved_display:1	Scripts/General/zzMaw-Monsters.lua	"[const.MonsterBuff.Berserk] = ""Berserk"","
Cardinal of Baa	바의 추기경	translated	monster	1	reviewed_preserved_or_moved_display:1	Scripts/General/zzMaw-Monsters.lua	"Game.PlaceMonTxt[213]=""Cardinal of Baa"""
Cleric of Baa	바의 성직자	translated	monster	1	reviewed_preserved_or_moved_display:1	Scripts/General/zzMaw-Monsters.lua	"Game.PlaceMonTxt[211]=""Cleric of Baa"""
Curse	저주	translated	monster	1	reviewed_preserved_or_moved_display:1	Scripts/General/zzMaw-Monsters.lua	"[9] = ""Disease 1"", [10] = ""Disease 2"", [11] = ""Disease 3"", [1] = ""Curse"","
Damage Halved	피해량 절반	translated	monster	1	reviewed_preserved_or_moved_display:1	Scripts/General/zzMaw-Monsters.lua	"[const.MonsterBuff.DamageHalved] = ""Damage Halved"","
Death	죽음	translated	monster	1	reviewed_preserved_or_moved_display:1	Scripts/General/zzMaw-Monsters.lua	"[14] = ""Death"", [16] = ""Eradication"","
Disease	질병	translated	monster	3	reviewed_preserved_or_moved_display:3	Scripts/General/zzzMaw_Artifacts.lua	"[const.MonsterBonus.Disease1] = ""Disease"","
Disease 1	질병 1	translated	monster	1	reviewed_preserved_or_moved_display:1	Scripts/General/zzMaw-Monsters.lua	"[9] = ""Disease 1"", [10] = ""Disease 2"", [11] = ""Disease 3"", [1] = ""Curse"","
Disease 2	질병 2	translated	monster	1	reviewed_preserved_or_moved_display:1	Scripts/General/zzMaw-Monsters.lua	"[9] = ""Disease 1"", [10] = ""Disease 2"", [11] = ""Disease 3"", [1] = ""Curse"","
Disease 3	질병 3	translated	monster	1	reviewed_preserved_or_moved_display:1	Scripts/General/zzMaw-Monsters.lua	"[9] = ""Disease 1"", [10] = ""Disease 2"", [11] = ""Disease 3"", [1] = ""Curse"","
Eradication	소멸	translated	monster	1	reviewed_preserved_or_moved_display:1	Scripts/General/zzMaw-Monsters.lua	"[14] = ""Death"", [16] = ""Eradication"","
Fear	공포	translated	monster	2	reviewed_preserved_or_moved_display:2	Scripts/General/zzMaw-Monsters.lua	"[const.MonsterBuff.Fear] = ""Fear"","
High Cardinal	고위 추기경	translated	monster	1	reviewed_preserved_or_moved_display:1	Scripts/General/zzMaw-Monsters.lua	"Game.PlaceMonTxt[214]=""High Cardinal"""
Insane	광기	translated	monster	1	reviewed_preserved_or_moved_display:1	Scripts/General/zzMaw-Monsters.lua	"MAWBOLSTER[600]=""Insane"""
Locate monster	몬스터 찾기	translated	monster	1	reviewed_preserved_or_moved_display:1	Scripts/Global/Quest_SavingGoobers.lua	"Topic	= ""Locate monster"","
Mad.	광란	translated	monster	1	reviewed_preserved_or_moved_display:1	Scripts/General/zzMaw-Monsters.lua	"MAWBOLSTER[600]=""Mad."""
Melee attacks deal an extra 	근접 공격의 추가 피해: 	translated	monster	1	reviewed_preserved_or_moved_display:1	Scripts/Modules/MawCore/SkillTooltip.lua	"return MawSchoolDescBase[12] .. ASC .. ""Melee attacks deal an extra "" .. m1/10 .. ""% of monster Hit points as fire damage."""
Melee Only	근접 공격 전용	translated	monster	1	reviewed_preserved_or_moved_display:1	Scripts/General/zzMaw-Monsters.lua	"[const.MonsterBuff.MeleeOnly] = ""Melee Only"","
monster	몬스터	translated	monster	1	reviewed_preserved_or_moved_display:1	Scripts/General/BountyHunt.lua	"local contents = Yellow(MonName or ""monster"")"
Monsters deal 	몬스터가 	translated	monster	2	reviewed_preserved_or_moved_display:2	Scripts/Modules/MawCore/Tooltip.lua	"[1]=""Monsters deal "" .. getMapAffixPower(1, power) .. ""% increased damage"","
Monsters have 	몬스터: 	translated	monster	11	reviewed_preserved_or_moved_display:11	Scripts/Modules/MawCore/Tooltip.lua	"[2]=""Monsters have "" .. getMapAffixPower(2, power) .. ""% critical chance"","
Monsters reflect 	몬스터가 	translated	monster	2	reviewed_preserved_or_moved_display:2	Scripts/Modules/MawCore/Tooltip.lua	"[5]=""Monsters reflect "" .. getMapAffixPower(5, power) .. ""% of physical damage"","
Monsters regenerate 	몬스터가 초당 	translated	monster	1	reviewed_preserved_or_moved_display:1	Scripts/Modules/MawCore/Tooltip.lua	"[7]=""Monsters regenerate "" .. getMapAffixPower(7, power) .. ""%HP per second"","
Monsters resistances are increased by 	몬스터 저항 증가: 	translated	monster	1	reviewed_preserved_or_moved_display:1	Scripts/Modules/MawCore/Tooltip.lua	"[12]=""Monsters resistances are increased by "" .. getMapAffixPower(12, power),"
Poison	독	translated	monster	3	reviewed_preserved_or_moved_display:3	Scripts/General/zzzMaw_Artifacts.lua	"[const.MonsterBonus.Poison1] = ""Poison"","
Poison 1	독 1	translated	monster	1	reviewed_preserved_or_moved_display:1	Scripts/General/zzMaw-Monsters.lua	"[6] = ""Poison 1"", [7] = ""Poison 2"", [8] = ""Poison 3"", [2] = ""Weakness"","
Poison 2	독 2	translated	monster	1	reviewed_preserved_or_moved_display:1	Scripts/General/zzMaw-Monsters.lua	"[6] = ""Poison 1"", [7] = ""Poison 2"", [8] = ""Poison 3"", [2] = ""Weakness"","
Poison 3	독 3	translated	monster	1	reviewed_preserved_or_moved_display:1	Scripts/General/zzMaw-Monsters.lua	"[6] = ""Poison 1"", [7] = ""Poison 2"", [8] = ""Poison 3"", [2] = ""Weakness"","
Premature ageing	조기 노화	translated	monster	1	reviewed_preserved_or_moved_display:1	Scripts/General/zzMaw-Monsters.lua	"[3] = ""Sleep"", [13] = ""Unconscious"",[15] = ""Stone"", [21] = ""Premature ageing"","
Priest of Baa	바의 사제	translated	monster	1	reviewed_preserved_or_moved_display:1	Scripts/General/zzMaw-Monsters.lua	"Game.PlaceMonTxt[212]=""Priest of Baa"""
Resurrected 	부활한 	translated	monster	1	reviewed_preserved_or_moved_display:1	Scripts/General/zzMaw-Monsters.lua	"Game.PlaceMonTxt[i+300]=string.format(""Resurrected "" .. Game.MonstersTxt[i].Name)"
Shrinking	축소	translated	monster	1	reviewed_preserved_or_moved_display:1	Scripts/General/zzMaw-Monsters.lua	"[const.MonsterBuff.ShrinkingRay] = ""Shrinking"","
Sleep	수면	translated	monster	2	reviewed_preserved_or_moved_display:2	Scripts/General/zzMaw-Monsters.lua; Scripts/General/zzzMaw_Artifacts.lua	"[3] = ""Sleep"", [13] = ""Unconscious"",[15] = ""Stone"", [21] = ""Premature ageing"","
Slow	감속	translated	monster	1	reviewed_preserved_or_moved_display:1	Scripts/General/zzMaw-Monsters.lua	"[const.MonsterBuff.Slow] = ""Slow"","
Stone	석화	translated	monster	2	reviewed_preserved_or_moved_display:2	Scripts/General/zzMaw-Monsters.lua; Scripts/General/zzzMaw_Artifacts.lua	"[3] = ""Sleep"", [13] = ""Unconscious"",[15] = ""Stone"", [21] = ""Premature ageing"","
The dungeon has already been cleared, but you have the option to reset it and attempt it once more with even harder monsters. Please note that no completion rewards will be given for this reset. Would you like to proceed with resetting the dungeon? (yes/no)	이 던전은 이미 클리어했지만 초기화하여 더 강한 몬스터에게 다시 도전할 수 있습니다. 초기화 후에는 클리어 보상을 받을 수 없습니다. 던전을 초기화하시겠습니까? (yes/no 입력)	translated	monster	1	reviewed_preserved_or_moved_display:1	Scripts/General/zzMaw-Maps.lua	"resetTxt=""The dungeon has already been cleared, but you have the option to reset it and attempt it once more with even harder monsters. Please note that no completion rewards will be given for this reset. Would you like to proceed with resetting the dungeon? (yes/no)"""
Unconscious	의식불명	translated	monster	1	reviewed_preserved_or_moved_display:1	Scripts/General/zzMaw-Monsters.lua	"[3] = ""Sleep"", [13] = ""Unconscious"",[15] = ""Stone"", [21] = ""Premature ageing"","
Weakness	약화	translated	monster	1	reviewed_preserved_or_moved_display:1	Scripts/General/zzMaw-Monsters.lua	"[6] = ""Poison 1"", [7] = ""Poison 2"", [8] = ""Poison 3"", [2] = ""Weakness"","
"

Balancing power and vitality leads to the highest damage.
"	"

위력과 활력을 균형 있게 높이면 가장 높은 피해를 낼 수 있습니다.
"	translated	skill	1	formatted_colored_text:1	Scripts/Modules/MawCore/SkillTooltip.lua	"return ""After mastering the art of covering, you have become capable delivering deadly counter attacks to those who dare try harm your allies. Retaliation has a 1% per skill point chance to activate after a successful Cover -- on an ally, or on yourself when you travel alone.\n\nExpert, Master and Grandmaster are learned automatically at skill "" .. ladder[1] .. "", "" .. ladder[2] .. "" and "" .. ladder[3] .. "".\n\nDamage done depends on 2 coefficients, multiplied then by skill level:\n\nMelee Power"
"

Every 7 Skill level adds 1 level into ascension.
"	"

기술 레벨 7마다 승천 레벨이 1 증가합니다.
"	translated	skill	1	reviewed_preserved_or_moved_display:1	Scripts/Modules/MawCore/SkillTooltip.lua	"local ASC=""\n\nEvery 7 Skill level adds 1 level into ascension.\n"""
"

Hit Points are also increased "	"

생명력 추가 증가량: "	translated	skill	1	proven_display_variable_flow:1	Scripts/General/zzMaw-Stats.lua	"txt=Skillz.getDesc(27,1) .. ""\n\nHit Points are also increased "" .. bodybuildingHP[1] .. ""-"" .. bodybuildingHP[2] .. ""-"" .. bodybuildingHP[3] .. ""-"" .. bodybuildingHP[4] .. ""% per skill point, depending on mastery."""
"

Master will grant 1% to drop random reagents from Monsters.
At GM this chance is doubled."	"

마스터 단계에서는 몬스터에게서 무작위 재료가 떨어질 확률이 1% 생깁니다.
그랜드마스터 단계에서는 이 확률이 두 배가 됩니다."	translated	skill	1	reviewed_preserved_or_moved_display:1	Scripts/General/zzAlchemy.lua	"Skillz.setDesc(const.Skills.Alchemy,1,Skillz.getDesc(const.Skills.Alchemy,1) .. ""\n\nMaster will grant 1% to drop random reagents from Monsters.\nAt GM this chance is doubled."")"
"

Melee Life Leech vs equal level: %s
Next Level Bonus: %s
(lower against higher level monsters)"	"

동일 레벨 대상 근접 흡혈: %s
다음 레벨 보너스: %s
(더 높은 레벨의 몬스터에게는 효과 감소)"	translated	skill	1	reviewed_preserved_or_moved_display:1	Scripts/Modules/MawCore/SkillTooltip.lua	"txt = txt .. string.format(""\n\nMelee Life Leech vs equal level: %s\nNext Level Bonus: %s\n(lower against higher level monsters)"","
"

Press M to enable/disable"	"

M키로 활성화/비활성화"	translated	skill	1	formatted_colored_text:1	Scripts/Modules/MawCore/SkillTooltip.lua	".. skillCap[51] .. "".\n"" .. ""Current Damage reduction per Mana: "" .. StrColor(178, 255, 255, efficiency) .. ""\n\nPress M to enable/disable"""
"

Total Damage: "	"

총 피해: "	translated	skill	1	formatted_colored_text:1	Scripts/Modules/MawCore/SkillTooltip.lua	"return ""After mastering the art of covering, you have become capable delivering deadly counter attacks to those who dare try harm your allies. Retaliation has a 1% per skill point chance to activate after a successful Cover -- on an ally, or on yourself when you travel alone.\n\nExpert, Master and Grandmaster are learned automatically at skill "" .. ladder[1] .. "", "" .. ladder[2] .. "" and "" .. ladder[3] .. "".\n\nDamage done depends on 2 coefficients, multiplied then by skill level:\n\nMelee Power"
"
------------------------------------------------------------
            Attack| Dmg|"	"
------------------------------------------------------------
            공격| 피해|"	translated	skill	1	reviewed_preserved_or_moved_display:1	Scripts/Modules/MawCore/SkillTooltip.lua	"return ""Dragons can use their fangs to deal atrocious damage to enemies. Damage is 30 + 2 per level (up to level "" .. cap .. ""). Fang skill increases this amount by a percentage based on mastery and skill level.\n\nWhenever this skill is below dragon skill it will push monsters away\nEach point in the skill increases damage and increases recovery time by 1.5%.\n"" .. ""\n------------------------------------------------------------\n            Attack| Dmg|"""
"
Currently disabled
"	"
현재 비활성화됨
"	translated	skill	1	formatted_colored_text:1	Scripts/Modules/MawCore/SkillTooltip.lua	"return StrColor(255, 0, 0, ""\nCurrently disabled\n"")"
"
Currently enabled
"	"
현재 활성화됨
"	translated	skill	1	formatted_colored_text:1	Scripts/Modules/MawCore/SkillTooltip.lua	"return StrColor(0, 255, 0, ""\nCurrently enabled\n"")"
"
Increase your regeneration by 1% per every 1% of hp lost"	"
잃은 생명력 1%마다 재생량이 1% 증가합니다"	translated	skill	1	proven_display_variable_flow:1	Scripts/General/zzMAW-Skills.lua	"hp=hp .. ""\nIncrease your regeneration by 1% per every 1% of hp lost"""
"
Knights can learn up to a Supreme level, which is learned automatically at skill level "	"
기사는 최상위 단계까지 습득할 수 있으며, 해당 단계는 기술 레벨 "	translated	skill	1	reviewed_preserved_or_moved_display:1	Scripts/Modules/MawCore/SkillTooltip.lua	"return Skillz.getDesc(35, 1) .. ""\nKnights can learn up to a Supreme level, which is learned automatically at skill level "" .. requirement .. "".\n"""
"
Knights only. Each 10 points of armsmaster raise every melee weapon"	"
기사 전용. 무기 달인 기술 10점마다 모든 근접 무기"	translated	skill	1	reviewed_preserved_or_moved_display:1	Scripts/General/zzMAW-Skills.lua	".. ""\nKnights only. Each 10 points of armsmaster raise every melee weapon"""
"
Skills Max Power: "	"
기술 최대 위력: "	translated	skill	1	formatted_colored_text:1	Scripts/Modules/MawCore/Tooltip.lua	".. ""\nSkills Max Power: "" .. StrColor(255, 128, 0, tostring(GetGemCap(tier, 0, true)))"
"
The paralyze effect lasts for 5 seconds on regular monsters and 2 seconds on bosses. The stun effect lasts for half the duration of the paralyze effect. The chances of successfully applying these effects depend on the skill level and the monster's level.
"	"
일반 몬스터에게는 마비가 5초, 보스에게는 2초 동안 지속됩니다. 기절은 마비 지속시간의 절반 동안 지속됩니다. 효과 적용 확률은 기술 레벨과 몬스터 레벨에 따라 달라집니다.
"	translated	skill	1	reviewed_preserved_or_moved_display:1	Scripts/General/zzMAW-Skills.lua	"Skillz.setDesc(6,1,Skillz.getDesc(6,1) .. ""\nThe paralyze effect lasts for 5 seconds on regular monsters and 2 seconds on bosses. The stun effect lasts for half the duration of the paralyze effect. The chances of successfully applying these effects depend on the skill level and the monster's level.\n"")"
"
This skill increases the damage gained from weapon +1 per skill point in the bow skill, by "	"
무기로 얻는 피해에 활 기술 포인트당 1을 추가한 뒤, 다음 비율로 증가시킵니다: "	translated	skill	1	proven_skill_display_description:1	Scripts/General/zzMAW-Skills.lua	"Skillz.setDesc(5,1,Skillz.getDesc(5,1) .. ""\nThis skill increases the damage gained from weapon +1 per skill point in the bow skill, by "" .. skillDamage[5] .. ""% per skill point, never less than 1 damage per point, when equipping a bow.\n"")"
"
This skill increases the damage gained from weapon by "	"
무기로 얻는 피해 증가율: "	translated	skill	2	proven_skill_display_description:2	Scripts/General/zzMAW-Skills.lua	"Skillz.setDesc(0,1,Skillz.getDesc(0,1) .. ""\nThis skill increases the damage gained from weapon by "" .. skillDamage[0] .. ""% per skill point, never less than 1 damage per point, when equipping a staff.\nAt Grandmaster can combine staff and unarmed skill, increasing its damage with staff skill at half effect.\n\nYour full Staff Attack boosts AC and all Resistances by X% per skill point, counting an extra +10 points of skill. Resistances apply to the entire party.\n"")"
"
This skill increases the damage gained from weapon, armsmaster, and special abilities by "	"
무기·무기 숙련·특수 능력으로 얻는 피해 증가율: "	translated	skill	5	proven_skill_display_description:5	Scripts/General/zzMAW-Skills.lua	"Skillz.setDesc(1,1,Skillz.getDesc(1,1) .. ""\nThis skill increases the damage gained from weapon, armsmaster, and special abilities by "" .. skillDamage[1] .. ""% per skill point, never less than 1 damage per point, when equipping a sword.\n\nYour full Sword Attack boosts AC by X% per skill point, counting an extra +10 points of skill.\n"")"
"
Unarmed combat deals "	"
맨손 전투의 추가 피해량: "	translated	skill	1	proven_skill_display_description:1	Scripts/General/zzMAW-Skills.lua	"Skillz.setDesc(33,1,Skillz.getDesc(33,1) .. ""\nUnarmed combat deals "" .. skillDamage[33] .. "" extra damage per skill point.\n"")"
"
Vitality coefficient: "	"
활력 계수: "	translated	skill	1	formatted_colored_text:1	Scripts/Modules/MawCore/SkillTooltip.lua	"return ""After mastering the art of covering, you have become capable delivering deadly counter attacks to those who dare try harm your allies. Retaliation has a 1% per skill point chance to activate after a successful Cover -- on an ally, or on yourself when you travel alone.\n\nExpert, Master and Grandmaster are learned automatically at skill "" .. ladder[1] .. "", "" .. ladder[2] .. "" and "" .. ladder[3] .. "".\n\nDamage done depends on 2 coefficients, multiplied then by skill level:\n\nMelee Power"
" and increases attack speed by 1% per skill point.
"	" 또한 기술 포인트당 공격 속도가 1% 증가합니다.
"	translated	skill	1	reviewed_preserved_or_moved_display:1	Scripts/Modules/MawCore/SkillTooltip.lua	".. "" and increases attack speed by 1% per skill point.\n"""
" extra damage per skill point.
"	" (기술 포인트당).
"	translated	skill	1	proven_skill_display_description:1	Scripts/General/zzMAW-Skills.lua	"Skillz.setDesc(33,1,Skillz.getDesc(33,1) .. ""\nUnarmed combat deals "" .. skillDamage[33] .. "" extra damage per skill point.\n"")"
" Hit Points
"	" 생명력
"	translated	skill	1	reviewed_preserved_or_moved_display:1	Scripts/Modules/MawCore/SkillTooltip.lua	"return MawSchoolDescBase[18] .. ASC .. ""Melee attacks restore "" .. leech .. "" Hit Points\n"""
 on skills)	 기술 보너스)	translated	skill	1	formatted_colored_text:1	Scripts/Modules/MawCore/Tooltip.lua	".. ""\nBonus: "" .. StrColor(255, 128, 0, tostring(GEM_STEP)) .. "" ("" .. GEM_STEP_SKILL .. "" on skills)"""
 per skill point (at Novice, Expert, Master; Grand Master adds nothing)	 (기술 포인트당; 초보·전문가·마스터에 적용, 그랜드마스터는 추가 없음)	translated	skill	2	reviewed_preserved_or_moved_display:2	Scripts/Modules/MawCore/SkillTooltip.lua	".. dkDamageRow() .. "" per skill point (at Novice, Expert, Master; Grand Master adds nothing)"""
 skill	 기술	translated	skill	1	formatted_colored_text:1	Scripts/Modules/MawCore/Tooltip.lua	"lines[#lines + 1] = StrColor(255, 255, 153, name .. "" skill"")"
 skill by 1, up to double its base value.	 기술이 1 증가합니다. 기본 수치의 두 배까지 증가합니다.	translated	skill	1	reviewed_preserved_or_moved_display:1	Scripts/General/zzMAW-Skills.lua	".. "" skill by 1, up to double its base value."")"
 Skill Points (step 	 기술 포인트 (단계 	translated	skill	1	reviewed_preserved_or_moved_display:1	Scripts/General/zzAlchemy.lua	".. "" Skill Points (step "" .. step .. "").\nOnly the difference over the """
 Skill Points)	 기술 포인트)	translated	skill	1	reviewed_preserved_or_moved_display:1	Scripts/Modules/MawCore/Tooltip.lua	".. "" ("" .. GetTranscendenceSkillPoints(reached) .. "" Skill Points)"""
% of monster Hit points as fire damage.	%만큼 추가 화염 피해를 줍니다.	translated	skill	1	reviewed_preserved_or_moved_display:1	Scripts/Modules/MawCore/SkillTooltip.lua	"return MawSchoolDescBase[12] .. ASC .. ""Melee attacks deal an extra "" .. m1/10 .. ""% of monster Hit points as fire damage."""
% per skill point, depending on mastery.	% (기술 포인트당, 숙련도에 따라 달라짐).	translated	skill	1	proven_display_variable_flow:1	Scripts/General/zzMaw-Stats.lua	"txt=Skillz.getDesc(27,1) .. ""\n\nHit Points are also increased "" .. bodybuildingHP[1] .. ""-"" .. bodybuildingHP[2] .. ""-"" .. bodybuildingHP[3] .. ""-"" .. bodybuildingHP[4] .. ""% per skill point, depending on mastery."""
"% per skill point, never less than 1 damage per point, when equipping a blaster.
"	"% (기술 포인트당). 블래스터 장착 시 적용되며, 포인트당 피해가 최소 1 증가합니다.
"	translated	skill	1	proven_skill_display_description:1	Scripts/General/zzMAW-Skills.lua	"Skillz.setDesc(7,1,Skillz.getDesc(7,1) .. ""\nThis skill increases the damage gained from weapon by "" .. skillDamage[7] .. ""% per skill point, never less than 1 damage per point, when equipping a blaster.\n"")"
"% per skill point, never less than 1 damage per point, when equipping a bow.
"	"% (기술 포인트당). 활 장착 시 적용되며, 포인트당 피해가 최소 1 증가합니다.
"	translated	skill	1	proven_skill_display_description:1	Scripts/General/zzMAW-Skills.lua	"Skillz.setDesc(5,1,Skillz.getDesc(5,1) .. ""\nThis skill increases the damage gained from weapon +1 per skill point in the bow skill, by "" .. skillDamage[5] .. ""% per skill point, never less than 1 damage per point, when equipping a bow.\n"")"
"% per skill point, never less than 1 damage per point, when equipping a dagger.
Crit chance will get lower as monsters grow stronger, up to level 600."	"% (기술 포인트당). 단검 장착 시 적용되며, 포인트당 피해가 최소 1 증가합니다.
몬스터가 강해질수록 치명타 확률이 감소하며, 최대 600레벨까지 적용됩니다."	translated	skill	1	proven_skill_display_description:1	Scripts/General/zzMAW-Skills.lua	"Skillz.setDesc(2,1,Skillz.getDesc(2,1) .. ""\nThis skill increases the damage gained from weapon, armsmaster, and special abilities by "" .. skillDamage[2] .. ""% per skill point, never less than 1 damage per point, when equipping a dagger.\nCrit chance will get lower as monsters grow stronger, up to level 600."")"
"% per skill point, never less than 1 damage per point, when equipping a mace.
"	"% (기술 포인트당). 철퇴 장착 시 적용되며, 포인트당 피해가 최소 1 증가합니다.
"	translated	skill	1	proven_skill_display_description:1	Scripts/General/zzMAW-Skills.lua	"Skillz.setDesc(6,1,Skillz.getDesc(6,1) .. ""\nThis skill increases the damage gained from weapon, armsmaster, and special abilities by "" .. skillDamage[6] .. ""% per skill point, never less than 1 damage per point, when equipping a mace.\n"")"
"% per skill point, never less than 1 damage per point, when equipping a spear.

Spear skill raises AC by X% per skill point, counting an extra +10 effective skill.
"	"% (기술 포인트당). 창 장착 시 적용되며, 포인트당 피해가 최소 1 증가합니다.

창 기술은 기술 포인트당 X%만큼 방어력을 높이며, 유효 기술 레벨에 10을 더해 계산합니다.
"	translated	skill	1	proven_skill_display_description:1	Scripts/General/zzMAW-Skills.lua	"Skillz.setDesc(4,1,Skillz.getDesc(4,1) .. ""\nThis skill increases the damage gained from weapon, armsmaster, and special abilities by "" .. skillDamage[4] .. ""% per skill point, never less than 1 damage per point, when equipping a spear.\n\nSpear skill raises AC by X% per skill point, counting an extra +10 effective skill.\n"")"
"% per skill point, never less than 1 damage per point, when equipping a staff.
At Grandmaster can combine staff and unarmed skill, increasing its damage with staff skill at half effect.

Your full Staff Attack boosts AC and all Resistances by X% per skill point, counting an extra +10 points of skill. Resistances apply to the entire party.
"	"% (기술 포인트당). 지팡이 장착 시 적용되며, 포인트당 피해가 최소 1 증가합니다.
그랜드마스터는 지팡이와 맨손 전투 기술을 함께 사용할 수 있으며, 지팡이 기술의 절반만큼 효과를 적용하여 맨손 피해를 높입니다.

최종 지팡이 공격 수치는 기술 포인트당 X%만큼 방어력과 모든 저항을 높이며, 기술 레벨에 10을 더해 계산합니다. 저항 보너스는 파티 전체에 적용됩니다.
"	translated	skill	1	proven_skill_display_description:1	Scripts/General/zzMAW-Skills.lua	"Skillz.setDesc(0,1,Skillz.getDesc(0,1) .. ""\nThis skill increases the damage gained from weapon by "" .. skillDamage[0] .. ""% per skill point, never less than 1 damage per point, when equipping a staff.\nAt Grandmaster can combine staff and unarmed skill, increasing its damage with staff skill at half effect.\n\nYour full Staff Attack boosts AC and all Resistances by X% per skill point, counting an extra +10 points of skill. Resistances apply to the entire party.\n"")"
"% per skill point, never less than 1 damage per point, when equipping a sword.

Your full Sword Attack boosts AC by X% per skill point, counting an extra +10 points of skill.
"	"% (기술 포인트당). 검 장착 시 적용되며, 포인트당 피해가 최소 1 증가합니다.

최종 검 공격 수치는 기술 포인트당 X%만큼 방어력을 높이며, 기술 레벨에 10을 더해 계산합니다.
"	translated	skill	1	proven_skill_display_description:1	Scripts/General/zzMAW-Skills.lua	"Skillz.setDesc(1,1,Skillz.getDesc(1,1) .. ""\nThis skill increases the damage gained from weapon, armsmaster, and special abilities by "" .. skillDamage[1] .. ""% per skill point, never less than 1 damage per point, when equipping a sword.\n\nYour full Sword Attack boosts AC by X% per skill point, counting an extra +10 points of skill.\n"")"
"% per skill point, never less than 1 damage per point, when equipping an axe.
"	"% (기술 포인트당). 도끼 장착 시 적용되며, 포인트당 피해가 최소 1 증가합니다.
"	translated	skill	1	proven_skill_display_description:1	Scripts/General/zzMAW-Skills.lua	"Skillz.setDesc(3,1,Skillz.getDesc(3,1) .. ""\nThis skill increases the damage gained from weapon, armsmaster, and special abilities by "" .. skillDamage[3] .. ""% per skill point, never less than 1 damage per point, when equipping an axe.\n"")"
% skill in 	% 기술 보너스: 	translated	skill	1	reviewed_preserved_or_moved_display:1	Scripts/General/zzzMaw_Artifacts.lua	".. ""% skill in "" .. table.concat(names, "", "")"
% speed	% 속도	translated	skill	1	reviewed_upstream_26cf80b_display:1	Scripts/General/zzMAW-Skills.lua	"add(armsmasterSkill.Speed[m], ""% speed"")"
"%s	075AC|"	"%s	075방어도|"	translated	skill	1	reviewed_preserved_or_moved_display:1	Scripts/General/zzMAW-Skills.lua	"baseString=string.format(""%s\t075AC|"",baseString)"
"%s

Current bonuses at skill %s:
- Damage base: %s
- Damage scaling: %s

- Healing base: %s
- Healing scaling: %s

- Mana cost: %s
- Cast time: %s
"	"%s

기술 %s의 현재 보너스:
- 기본 피해: %s
- 피해 배율: %s

- 기본 치유량: %s
- 치유 배율: %s

- 마나 소모: %s
- 시전 시간: %s
"	translated	skill	1	reviewed_preserved_or_moved_display:1	Scripts/Modules/MawCore/SkillTooltip.lua	"return string.format(""%s\n\nCurrent bonuses at skill %s:\n- Damage base: %s\n- Damage scaling: %s\n\n- Healing base: %s\n- Healing scaling: %s\n\n- Mana cost: %s\n- Cast time: %s\n"","
%s %g%% to stun for %gs	%s %g%% 확률로 %g초 동안 기절	translated	skill	2	proven_skill_mastery_description:2	Scripts/General/zzMAW-Skills.lua	"Game.SkillDesMaster[const.Skills.Mace]=string.format(""%s %g%% to stun for %gs"","
%s 0.5%% dodge chance	%s 회피 확률 +0.5%%	translated	skill	1	reviewed_preserved_or_moved_display:1	Scripts/General/zzMAW-Skills.lua	"Game.SkillDesGM[const.Skills.Dodging]=string.format(""%s 0.5%% dodge chance"",Game.SkillDesGM[const.Skills.Dodging])"
%s 15%% Damage reduction	%s 피해 감소 15%%	translated	skill	1	reviewed_preserved_or_moved_display:1	Scripts/General/zzMAW-Skills.lua	"Game.SkillDesGM[const.Skills.Shield]=string.format(""%s 15%% Damage reduction"",Game.SkillDesGM[const.Skills.Shield])"
%s 2 arrows	%s 화살 2발 발사	translated	skill	1	reviewed_preserved_or_moved_display:1	Scripts/General/zzMAW-Skills.lua	"Game.SkillDesMaster[const.Skills.Bow]=string.format(""%s 2 arrows"",Game.SkillDesMaster[const.Skills.Bow])"
%s 5+1 crit%%/skill	%s 치명타 확률 5+1%%/기술	translated	skill	1	reviewed_preserved_or_moved_display:1	Scripts/General/zzMAW-Skills.lua	"Game.SkillDesMaster[const.Skills.Dagger]=string.format(""%s 5+1 crit%%/skill"",Game.SkillDesMaster[const.Skills.Dagger])"
%s can dual wield	%s 쌍수 무기 사용 가능	translated	skill	2	reviewed_preserved_or_moved_display:2	Scripts/General/zzMAW-Skills.lua	"Game.SkillDesExpert[const.Skills.Dagger]=string.format(""%s can dual wield"",Game.SkillDesExpert[const.Skills.Dagger])"
%s can hold with 1 hand	%s 한 손으로 사용 가능	translated	skill	1	reviewed_preserved_or_moved_display:1	Scripts/General/zzMAW-Skills.lua	"Game.SkillDesMaster[const.Skills.Spear]=string.format(""%s can hold with 1 hand"",Game.SkillDesMaster[const.Skills.Spear])"
%s increases critical strike damage by %g%% per skill point	%s 기술 포인트당 치명타 피해가 %g%% 증가합니다	translated	skill	1	proven_skill_mastery_description:1	Scripts/General/zzMAW-Skills.lua	"Game.SkillDesGM[const.Skills.Axe]=string.format(""%s increases critical strike damage by %g%% per skill point"","
%s rec. pen. elim.	%s 회복 페널티 제거	translated	skill	1	reviewed_preserved_or_moved_display:1	Scripts/General/zzMAW-Skills.lua	"Game.SkillDesGM[const.Skills.Plate]=string.format(""%s rec. pen. elim."",Game.SkillDesGM[const.Skills.Plate])"
%s rec. pen. halved	%s 회복 페널티 절반	translated	skill	1	reviewed_preserved_or_moved_display:1	Scripts/General/zzMAW-Skills.lua	"Game.SkillDesExpert[const.Skills.Plate]=string.format(""%s rec. pen. halved"",Game.SkillDesExpert[const.Skills.Plate])"
%s recovery penalty eliminated	%s 회복 페널티 제거	translated	skill	3	reviewed_preserved_or_moved_display:3	Scripts/General/zzMAW-Skills.lua	"Game.SkillDesExpert[const.Skills.Leather]=string.format(""%s recovery penalty eliminated"",Game.SkillDesExpert[const.Skills.Leather])"
%s recovery penalty halved	%s 회복 페널티 절반	translated	skill	1	reviewed_preserved_or_moved_display:1	Scripts/General/zzMAW-Skills.lua	"Game.SkillDesExpert[const.Skills.Chain]=string.format(""%s recovery penalty halved"",Game.SkillDesExpert[const.Skills.Chain])"
"%s Res	000"	"%s 저항	000"	translated	skill	1	reviewed_preserved_or_moved_display:1	Scripts/General/zzMAW-Skills.lua	"baseString=string.format(""%s Res\t000"",baseString)"
%s shoots fire arrows, dealing highest between fire and physical damage	%s 화염 화살을 발사하며 화염 피해와 물리 피해 중 더 높은 피해 적용	translated	skill	1	reviewed_preserved_or_moved_display:1	Scripts/General/zzMAW-Skills.lua	"Game.SkillDesGM[const.Skills.Bow]=string.format(""%s shoots fire arrows, dealing highest between fire and physical damage"",Game.SkillDesGM[const.Skills.Bow])"
%s stun lasts %gs	%s 기절 지속시간: %g초	translated	skill	1	proven_skill_mastery_description:1	Scripts/General/zzMAW-Skills.lua	"Game.SkillDesGM[const.Skills.Mace]=string.format(""%s stun lasts %gs"","
%s usable with Leather Armor	%s 가죽 갑옷 착용 시 사용 가능	translated	skill	1	reviewed_preserved_or_moved_display:1	Scripts/General/zzMAW-Skills.lua	"Game.SkillDesMaster[const.Skills.Dodging]=string.format(""%s usable with Leather Armor"",Game.SkillDesGM[const.Skills.Dodging])"
%s usable with Unarm., stun lasts %gs	%s 맨손 전투와 함께 사용 가능, 기절 지속시간: %g초	translated	skill	1	proven_skill_mastery_description:1	Scripts/General/zzMAW-Skills.lua	"Game.SkillDesGM[const.Skills.Staff]=string.format(""%s usable with Unarm., stun lasts %gs"","
"(calculated after resistances)
"	"(저항 적용 후 계산)
"	translated	skill	1	reviewed_preserved_or_moved_display:1	Scripts/Modules/MawCore/SkillTooltip.lua	"return MawSchoolDescBase[14] .. ASC .. ""Reduce all damage taken by "" .. waterReduction .. ""(calculated after resistances)\n"""
").
Only the difference over the "	").
기존에 마신 가장 강력한 물약과의 "	translated	skill	1	reviewed_preserved_or_moved_display:1	Scripts/General/zzAlchemy.lua	".. "" Skill Points (step "" .. step .. "").\nOnly the difference over the """
"). Fang skill increases this amount by a percentage based on mastery and skill level.

Whenever this skill is below dragon skill it will push monsters away
Each point in the skill increases damage and increases recovery time by 1.5%.
"	"). 송곳니 기술은 숙련도와 기술 레벨에 따른 비율로 이 피해를 높입니다.

이 기술이 용 기술보다 낮으면 몬스터를 밀쳐냅니다.
기술 포인트마다 피해와 회복 시간이 1.5% 증가합니다.
"	translated	skill	1	reviewed_preserved_or_moved_display:1	Scripts/Modules/MawCore/SkillTooltip.lua	"return ""Dragons can use their fangs to deal atrocious damage to enemies. Damage is 30 + 2 per level (up to level "" .. cap .. ""). Fang skill increases this amount by a percentage based on mastery and skill level.\n\nWhenever this skill is below dragon skill it will push monsters away\nEach point in the skill increases damage and increases recovery time by 1.5%.\n"" .. ""\n------------------------------------------------------------\n            Attack| Dmg|"""
".

Damage done depends on 2 coefficients, multiplied then by skill level:

Melee Power coefficient: "	".

피해량은 두 계수를 곱한 뒤 기술 레벨을 곱해 결정됩니다.

근접 위력 계수: "	translated	skill	1	formatted_colored_text:1	Scripts/Modules/MawCore/SkillTooltip.lua	"return ""After mastering the art of covering, you have become capable delivering deadly counter attacks to those who dare try harm your allies. Retaliation has a 1% per skill point chance to activate after a successful Cover -- on an ally, or on yourself when you travel alone.\n\nExpert, Master and Grandmaster are learned automatically at skill "" .. ladder[1] .. "", "" .. ladder[2] .. "" and "" .. ladder[3] .. "".\n\nDamage done depends on 2 coefficients, multiplied then by skill level:\n\nMelee Power"
".

Grants 10 plus 1% chance per skill point to Cover, up to 40%, however, something might happen once at max level....

Current cover chance: "	".

엄호 확률은 기본 10%에 기술 포인트당 1%가 추가되며, 최대 40%입니다. 다만 최고 레벨에 도달하면 무언가 달라질 수도 있습니다...

현재 엄호 확률: "	translated	skill	1	reviewed_preserved_or_moved_display:1	Scripts/Modules/MawCore/SkillTooltip.lua	".. "".\n\nGrants 10 plus 1% chance per skill point to Cover, up to 40%, however, something might happen once at max level....\n\nCurrent cover chance: "" .. chance .. ""%"""
".

Mastery increase its mana efficience, which stops growing past skill "	".

숙련도가 높아질수록 주문력 효율이 증가하며, 다음 기술 레벨을 넘으면 더 이상 증가하지 않습니다: "	translated	skill	1	reviewed_preserved_or_moved_display:1	Scripts/Modules/MawCore/SkillTooltip.lua	".. "".\n\nMastery increase its mana efficience, which stops growing past skill """
Absorb up to 25% damage	피해를 최대 25% 흡수합니다	translated	skill	1	reviewed_preserved_or_moved_display:1	Scripts/General/zzMAW-Skills.lua	"Skillz.setDesc(manaSkill, 2, ""Absorb up to 25% damage"")"
Absorb up to 50% damage	피해를 최대 50% 흡수합니다	translated	skill	1	reviewed_preserved_or_moved_display:1	Scripts/General/zzMAW-Skills.lua	"Skillz.setDesc(manaSkill, 3, ""Absorb up to 50% damage"")"
Absorb up to 75% damage	피해를 최대 75% 흡수합니다	translated	skill	1	reviewed_preserved_or_moved_display:1	Scripts/General/zzMAW-Skills.lua	"Skillz.setDesc(manaSkill, 4, ""Absorb up to 75% damage"")"
AC|	방어도|	translated	skill	1	reviewed_preserved_or_moved_display:1	Scripts/General/zzMAW-Skills.lua	"baseString=string.format(""%s\t"" .. tab .. ""AC|"",baseString)"
"After mastering the art of covering, you have become capable delivering deadly counter attacks to those who dare try harm your allies. Retaliation has a 1% per skill point chance to activate after a successful Cover -- on an ally, or on yourself when you travel alone.

Expert, Master and Grandmaster are learned automatically at skill "	"엄호를 숙달한 당신은 동료를 해치려는 적에게 치명적인 반격을 가할 수 있습니다. 엄호 성공 시 기술 포인트당 1%의 확률로 반격이 발동합니다. 동료를 엄호할 때뿐 아니라 홀로 여행하며 자신을 엄호할 때도 적용됩니다.

전문가·마스터·그랜드마스터는 다음 기술 레벨에서 자동으로 습득합니다: "	translated	skill	1	formatted_colored_text:1	Scripts/Modules/MawCore/SkillTooltip.lua	"return ""After mastering the art of covering, you have become capable delivering deadly counter attacks to those who dare try harm your allies. Retaliation has a 1% per skill point chance to activate after a successful Cover -- on an ally, or on yourself when you travel alone.\n\nExpert, Master and Grandmaster are learned automatically at skill "" .. ladder[1] .. "", "" .. ladder[2] .. "" and "" .. ladder[3] .. "".\n\nDamage done depends on 2 coefficients, multiplied then by skill level:\n\nMelee Power"
"After mastering the art of covering, you have become capable delivering deadly counter attacks to those who dare try harm your allies. Retaliation has a 1% per skill point chance to activate after successfully covering an ally.

Expert, Master and Grandmaster are learned automatically at skill 12, 30 and 50.
"	"엄호의 경지에 이르러 동료를 해치려는 적에게 치명적인 반격을 가할 수 있게 되었습니다. 반격은 동료 엄호에 성공한 뒤 기술 포인트당 1% 확률로 발동합니다.

전문가, 마스터, 그랜드마스터 단계는 기술 레벨 12, 30, 50에서 자동으로 습득합니다.
"	translated	skill	1	reviewed_preserved_or_moved_display:1	Scripts/General/zzMAW-Skills.lua	"Skillz.setDesc(Retaliation, 1, ""After mastering the art of covering, you have become capable delivering deadly counter attacks to those who dare try harm your allies. Retaliation has a 1% per skill point chance to activate after successfully covering an ally.\n\nExpert, Master and Grandmaster are learned automatically at skill 12, 30 and 50.\n"")"
Air Magic	공기 마법	translated	skill	1	reviewed_preserved_or_moved_display:1	Scripts/Modules/MawCore/Classes.lua	"Skillz.setName(13, ""Air Magic"")"
All damage is absorbed by mana	모든 피해를 마나로 흡수합니다	translated	skill	1	reviewed_preserved_or_moved_display:1	Scripts/General/zzMAW-Skills.lua	"Skillz.setDesc(manaSkill, 5, ""All damage is absorbed by mana"")"
"Allow use to Cover Physical damage
"	"물리 피해를 엄호할 수 있습니다
"	translated	skill	1	reviewed_preserved_or_moved_display:1	Scripts/General/zzMAW-Skills.lua	"Skillz.setDesc(coverSkill, 2, ""Allow use to Cover Physical damage\n"")"
Allow use to Cover Projectiles damage	투사체 피해도 엄호할 수 있습니다	translated	skill	1	reviewed_preserved_or_moved_display:1	Scripts/General/zzMAW-Skills.lua	"Skillz.setDesc(coverSkill, 3, ""Allow use to Cover Projectiles damage"")"
Allows to make black potions. Power when mixing will be increased to 2 and increases potion duration by 6 Minutes per skill point. Allows the Endless potion to be dropped by monsters, which power is determined by Alchemy level.	검은 물약을 만들 수 있습니다. 혼합 시 위력이 2배로 증가하며 기술 포인트당 물약 지속시간이 6분 증가합니다. 몬스터에게서 무한 물약이 떨어질 수 있으며, 그 위력은 연금술 레벨에 따라 결정됩니다.	translated	skill	1	reviewed_preserved_or_moved_display:1	Scripts/General/zzAlchemy.lua	"Game.SkillDesGM[const.Skills.Alchemy]=""Allows to make black potions. Power when mixing will be increased to 2 and increases potion duration by 6 Minutes per skill point. Allows the Endless potion to be dropped by monsters, which power is determined by Alchemy level."""
Allows to make white potions. Power when mixing will be increased to 1.5 per skill point.	흰색 물약을 만들 수 있습니다. 혼합 시 위력이 기술 포인트당 1.5만큼 증가합니다.	translated	skill	1	reviewed_preserved_or_moved_display:1	Scripts/General/zzAlchemy.lua	"Game.SkillDesMaster[const.Skills.Alchemy]=""Allows to make white potions. Power when mixing will be increased to 1.5 per skill point."""
"Armsmaster skill represents the warrior's tricks of the trade, enhancing your proficiency with all weapons-except staves.
This skill allows you to strike faster, execute smoother attacks, and deal more powerful blows.

Damage added by armsmaster skill scales with your weapon skill, amplifying its impact as you grow more adept.
"	"무기 전문가 기술은 전사의 노련한 전투 기법을 나타내며, 지팡이를 제외한 모든 무기의 숙련도를 강화합니다.
이 기술은 더 빠르고 매끄럽게 공격하며 더 강력한 타격을 가할 수 있게 합니다.

무기 전문가 기술이 더하는 피해는 무기 기술에 비례하므로 숙련될수록 효과가 커집니다.
"	translated	skill	1	reviewed_preserved_or_moved_display:1	Scripts/General/zzMAW-Skills.lua	"Skillz.setDesc(35,1,""Armsmaster skill represents the warrior's tricks of the trade, enhancing your proficiency with all weapons-except staves.\nThis skill allows you to strike faster, execute smoother attacks, and deal more powerful blows.\n\nDamage added by armsmaster skill scales with your weapon skill, amplifying its impact as you grow more adept.\n"")"
Ascension	승천	translated	skill	1	reviewed_preserved_or_moved_display:1	Scripts/General/zzMAW-Skills.lua	"Skillz.setName(const.Skills.Learning, ""Ascension"")"
Assassination	암살	translated	skill	1	reviewed_preserved_or_moved_display:1	Scripts/Modules/MawCore/Classes.lua	"Skillz.setName(15, ""Assassination"")"
Attacking will increase you next Cover chance by 15%	공격하면 다음 엄호 확률이 15% 증가합니다	translated	skill	1	reviewed_preserved_or_moved_display:1	Scripts/General/zzMAW-Skills.lua	"Skillz.setDesc(coverSkill, 5, ""Attacking will increase you next Cover chance by 15%"")"
Attack|	공격|	translated	skill	1	reviewed_preserved_or_moved_display:1	Scripts/General/zzMAW-Skills.lua	"baseString=string.format(""%s\t0"" .. tab .. ""Attack|"",baseString)"
Blood	혈마법	translated	skill	1	reviewed_preserved_or_moved_display:1	Scripts/Modules/MawCore/Classes.lua	"Skillz.setName(18, ""Blood"")"
Body Magic	육체 마법	translated	skill	1	reviewed_preserved_or_moved_display:1	Scripts/Modules/MawCore/Classes.lua	"Skillz.setName(18, ""Body Magic"")"
"By agreeing to this, every skill you possess shall be returned to the beginning, to the level of a Novice, and all the points you've invested in these skills shall be returned to you. 

Once your skill grows to the necessary level, mastery of it shall be bestowed upon you once more, should you have achieved it before.

For this service, a tribute of 1000 gold for each level you have achieved shall be required"	"동의하면 보유한 모든 기술이 처음의 초보 단계로 돌아가며, 지금까지 투자한 모든 기술 포인트를 돌려받습니다.

기술이 필요한 레벨에 다시 도달하면 이전에 획득했던 숙련도도 다시 부여됩니다.

이 서비스를 이용하려면 현재 레벨당 1,000 금화를 지불해야 합니다."	translated	skill	1	reviewed_preserved_or_moved_display:1	Scripts/Global/zzMAWRespec.lua	"Ungive = ""By agreeing to this, every skill you possess shall be returned to the beginning, to the level of a Novice, and all the points you've invested in these skills shall be returned to you. \n\nOnce your skill grows to the necessary level, mastery of it shall be bestowed upon you once more, should you have achieved it before.\n\nFor this service, a tribute of 1000 gold for each level you have achieved shall be required"""
"Chain armor is the medium armor type.  It provides more protection than leather and less than plate, but it also slows your character down more than leather.

Chain Armor Skill boosts the AC and Resistances gained by ALL armors when equipping a Chain Armor by a percent amount."	"사슬 갑옷은 중간 무게의 방어구입니다. 가죽 갑옷보다 보호력이 높고 판금 갑옷보다는 낮지만, 가죽 갑옷보다 행동을 더 느리게 만듭니다.

사슬 갑옷을 장비하면 사슬 갑옷 기술이 모든 방어구에서 얻는 방어력과 저항을 일정 비율만큼 높입니다."	translated	skill	1	reviewed_preserved_or_moved_display:1	Scripts/Modules/MawCore/SkillTooltip.lua	"[10] = ""Chain armor is the medium armor type.  It provides more protection than leather and less than plate, but it also slows your character down more than leather.\n\nChain Armor Skill boosts the AC and Resistances gained by ALL armors when equipping a Chain Armor by a percent amount."","
Combat	전투	translated	skill	1	reviewed_preserved_or_moved_display:1	Scripts/Modules/MawCore/Classes.lua	"Skillz.setName(12, ""Combat"")"
"Combat is the skill that allows you to endure prolonged fights by enhancing your energy recovery.

Each attack has a base 10% chance, plus 1% per skill point, to restore 15 energy.

"	"전투 기술은 에너지 회복을 강화하여 장기전에 버틸 수 있게 합니다.

공격할 때마다 기본 10%에 기술 포인트당 1%를 더한 확률로 에너지 15를 회복합니다.

"	translated	skill	1	reviewed_preserved_or_moved_display:1	Scripts/Modules/MawCore/SkillTooltip.lua	"[12]={[1]=""Combat is the skill that allows you to endure prolonged fights by enhancing your energy recovery.\n\nEach attack has a base 10% chance, plus 1% per skill point, to restore 15 energy.\n\n"","
Cover	엄호	translated	skill	1	reviewed_preserved_or_moved_display:1	Scripts/General/zzMAW-Skills.lua	"Skillz.setName(coverSkill, ""Cover"")"
"Cover Skill is a defensive prowess enabling a character to shield allies by intercepting incoming damage. This ability strategically positions the user as the primary target of enemy onslaughts, thereby protecting teammates who are more susceptible to damage.

Grants 10 plus 1% chance per skill point to Cover an ally, up to 40%, however, something might happen once at max level...


Press P to enable/disable
"	"엄호는 아군에게 향하는 피해를 대신 받아 동료를 보호하는 방어 기술입니다. 사용자는 적의 공격을 자신에게 집중시켜 피해에 취약한 동료를 지킵니다.

아군을 엄호할 확률은 기본 10%에 기술 포인트당 1%가 추가되며 최대 40%입니다. 다만 최대 레벨에 도달하면 무언가가 일어날 수도 있습니다...


P키로 활성화/비활성화
"	translated	skill	1	reviewed_preserved_or_moved_display:1	Scripts/General/zzMAW-Skills.lua	"Skillz.setDesc(coverSkill, 1, ""Cover Skill is a defensive prowess enabling a character to shield allies by intercepting incoming damage. This ability strategically positions the user as the primary target of enemy onslaughts, thereby protecting teammates who are more susceptible to damage.\n\nGrants 10 plus 1% chance per skill point to Cover an ally, up to 40%, however, something might happen once at max level...\n\n\nPress P to enable/disable\n"")"
"Cover Skill is a defensive prowess enabling a character to shield allies by intercepting incoming damage. This ability strategically positions the user as the primary target of enemy onslaughts, thereby protecting teammates who are more susceptible to damage.

If available, Expert, Master and Grandmaster is learned at skill "	"엄호는 동료가 받을 피해를 대신 가로막는 방어 기술입니다. 적의 공격을 자신에게 집중시켜 취약한 동료를 보호합니다.

습득 가능한 경우 전문가·마스터·그랜드마스터의 요구 기술 레벨: "	translated	skill	1	reviewed_preserved_or_moved_display:1	Scripts/Modules/MawCore/SkillTooltip.lua	"return ""Cover Skill is a defensive prowess enabling a character to shield allies by intercepting incoming damage. This ability strategically positions the user as the primary target of enemy onslaughts, thereby protecting teammates who are more susceptible to damage.\n\nIf available, Expert, Master and Grandmaster is learned at skill """
Current Damage reduction per Mana: 	마나당 현재 피해 감소: 	translated	skill	1	formatted_colored_text:1	Scripts/Modules/MawCore/SkillTooltip.lua	".. skillCap[51] .. "".\n"" .. ""Current Damage reduction per Mana: "" .. StrColor(178, 255, 255, efficiency) .. ""\n\nPress M to enable/disable"""
Current Reduction: 	현재 피해 감소: 	translated	skill	2	reviewed_preserved_or_moved_display:2	Scripts/Modules/MawCore/SkillTooltip.lua	".. ""Current Reduction: "" .. Formulas.reductionPercent(bloodS) ..""%\n\n"""
Dark Magic	어둠 마법	translated	skill	1	reviewed_preserved_or_moved_display:1	Scripts/Modules/MawCore/Classes.lua	"Skillz.setName(20, ""Dark Magic"")"
Double healing effect	회복 효과가 2배가 됩니다	translated	skill	1	reviewed_preserved_or_moved_display:1	Scripts/Modules/MawCore/SkillTooltip.lua	"[3]=""Double healing effect"","
Dragons can use their fangs to deal atrocious damage to enemies. Damage is 30 + 2 per level (up to level 	용은 송곳니로 적에게 막대한 피해를 줍니다. 기본 피해는 30이며 레벨당 2가 추가됩니다 (적용 레벨 상한: 	translated	skill	1	reviewed_preserved_or_moved_display:1	Scripts/Modules/MawCore/SkillTooltip.lua	"return ""Dragons can use their fangs to deal atrocious damage to enemies. Damage is 30 + 2 per level (up to level "" .. cap .. ""). Fang skill increases this amount by a percentage based on mastery and skill level.\n\nWhenever this skill is below dragon skill it will push monsters away\nEach point in the skill increases damage and increases recovery time by 1.5%.\n"" .. ""\n------------------------------------------------------------\n            Attack| Dmg|"""
Each skill point adds 	기술 점수당 보너스: 	translated	skill	1	reviewed_preserved_or_moved_display:1	Scripts/General/zzMAW-Skills.lua	"return ""Each skill point adds "" .. table.concat(parts, "", "")"
Earth Magic	대지 마법	translated	skill	1	reviewed_preserved_or_moved_display:1	Scripts/Modules/MawCore/Classes.lua	"Skillz.setName(15, ""Earth Magic"")"
Enlightenment	깨달음	translated	skill	1	reviewed_preserved_or_moved_display:1	Scripts/General/zzMAW-Skills.lua	"Skillz.setName(Enlightenment, ""Enlightenment"")"
Fangs	송곳니	translated	skill	1	reviewed_preserved_or_moved_display:1	Scripts/General/zzClasses.lua	"Skillz.setName(33, ""Fangs"")"
Fire Magic	화염 마법	translated	skill	1	reviewed_preserved_or_moved_display:1	Scripts/Modules/MawCore/Classes.lua	"Skillz.setName(12, ""Fire Magic"")"
Frost	냉기	translated	skill	1	reviewed_preserved_or_moved_display:1	Scripts/Modules/MawCore/Classes.lua	"Skillz.setName(14, ""Frost"")"
Grants bonus to Meditation skill for 6 hours.	6시간 동안 명상 기술에 보너스를 부여합니다.	translated	skill	1	reviewed_preserved_or_moved_display:1	Scripts/General/zzAlchemy.lua	"[232] = ""Grants bonus to Meditation skill for 6 hours."","
Increased Attack speed by 0.5% per Skill	기술 포인트당 공격 속도가 0.5% 증가합니다	translated	skill	1	reviewed_preserved_or_moved_display:1	Scripts/Modules/MawCore/SkillTooltip.lua	"[2]=""Increased Attack speed by 0.5% per Skill"","
Increased Attack speed by 1% per Skill	기술 포인트당 공격 속도가 1% 증가합니다	translated	skill	1	reviewed_preserved_or_moved_display:1	Scripts/Modules/MawCore/SkillTooltip.lua	"[3]=""Increased Attack speed by 1% per Skill"","
Increased Attack speed by 1.5% per Skill	기술 포인트당 공격 속도가 1.5% 증가합니다	translated	skill	1	reviewed_preserved_or_moved_display:1	Scripts/Modules/MawCore/SkillTooltip.lua	"[4]=""Increased Attack speed by 1.5% per Skill"","
Increased Attack speed by 2% per Skill	기술 포인트당 공격 속도가 2% 증가합니다	translated	skill	1	reviewed_preserved_or_moved_display:1	Scripts/Modules/MawCore/SkillTooltip.lua	"[5]=""Increased Attack speed by 2% per Skill""},"
Increases damage by 1 per Skill point	기술 포인트당 피해가 1 증가합니다	translated	skill	1	reviewed_preserved_or_moved_display:1	Scripts/Modules/MawCore/SkillTooltip.lua	"[2]=""Increases damage by 1 per Skill point"","
Increases damage by 1.5 per Skill point	기술 포인트당 피해가 1.5 증가합니다	translated	skill	1	reviewed_preserved_or_moved_display:1	Scripts/Modules/MawCore/SkillTooltip.lua	"[3]=""Increases damage by 1.5 per Skill point"","
Increases damage by 2 per Skill point	기술 포인트당 피해량이 2 증가합니다	translated	skill	1	reviewed_preserved_or_moved_display:1	Scripts/Modules/MawCore/SkillTooltip.lua	"[4]=""Increases damage by 2 per Skill point"","
Increases your maximum energy by 10	최대 에너지가 10 증가합니다	translated	skill	1	reviewed_preserved_or_moved_display:1	Scripts/Modules/MawCore/SkillTooltip.lua	"[2]=""Increases your maximum energy by 10"",[3]=""Increases your maximum energy by 20"",[4]=""Increases your maximum energy by 30"",[5]=""Increases your maximum energy by 40""},"
Increases your maximum energy by 20	최대 에너지가 20 증가합니다	translated	skill	1	reviewed_preserved_or_moved_display:1	Scripts/Modules/MawCore/SkillTooltip.lua	"[2]=""Increases your maximum energy by 10"",[3]=""Increases your maximum energy by 20"",[4]=""Increases your maximum energy by 30"",[5]=""Increases your maximum energy by 40""},"
Increases your maximum energy by 30	최대 에너지가 30 증가합니다	translated	skill	1	reviewed_preserved_or_moved_display:1	Scripts/Modules/MawCore/SkillTooltip.lua	"[2]=""Increases your maximum energy by 10"",[3]=""Increases your maximum energy by 20"",[4]=""Increases your maximum energy by 30"",[5]=""Increases your maximum energy by 40""},"
Increases your maximum energy by 40	최대 에너지가 40 증가합니다	translated	skill	1	reviewed_preserved_or_moved_display:1	Scripts/Modules/MawCore/SkillTooltip.lua	"[2]=""Increases your maximum energy by 10"",[3]=""Increases your maximum energy by 20"",[4]=""Increases your maximum energy by 30"",[5]=""Increases your maximum energy by 40""},"
Killing a monster restores 10 energy	몬스터 처치 시 에너지 10을 회복합니다	translated	skill	1	reviewed_preserved_or_moved_display:1	Scripts/Modules/MawCore/SkillTooltip.lua	"[2]=""Killing a monster restores 10 energy"",[3]=""Killing a monster restores 15 energy"",[4]=""Killing a monster restores 20 energy"",[5]=""Killing a monster restores 25 energy""},"
Killing a monster restores 15 energy	몬스터 처치 시 에너지 15를 회복합니다	translated	skill	1	reviewed_preserved_or_moved_display:1	Scripts/Modules/MawCore/SkillTooltip.lua	"[2]=""Killing a monster restores 10 energy"",[3]=""Killing a monster restores 15 energy"",[4]=""Killing a monster restores 20 energy"",[5]=""Killing a monster restores 25 energy""},"
Killing a monster restores 20 energy	몬스터 처치 시 에너지 20을 회복합니다	translated	skill	1	reviewed_preserved_or_moved_display:1	Scripts/Modules/MawCore/SkillTooltip.lua	"[2]=""Killing a monster restores 10 energy"",[3]=""Killing a monster restores 15 energy"",[4]=""Killing a monster restores 20 energy"",[5]=""Killing a monster restores 25 energy""},"
Killing a monster restores 25 energy	몬스터 처치 시 에너지 25를 회복합니다	translated	skill	1	reviewed_preserved_or_moved_display:1	Scripts/Modules/MawCore/SkillTooltip.lua	"[2]=""Killing a monster restores 10 energy"",[3]=""Killing a monster restores 15 energy"",[4]=""Killing a monster restores 20 energy"",[5]=""Killing a monster restores 25 energy""},"
"Leather armor is the lightest armor a character can wear.  While leather provides less protection than chain or plate armor, it also slows your character down the least.

Leather Armor Skill boosts the AC and Resistances gained by ALL armors when equipping a Leather Armor by a percent amount."	"가죽 갑옷은 착용할 수 있는 가장 가벼운 방어구입니다. 사슬이나 판금 갑옷보다 보호력은 낮지만 행동 속도 감소도 가장 적습니다.

가죽 갑옷을 장비하면 가죽 갑옷 기술이 모든 방어구에서 얻는 방어력과 저항을 일정 비율만큼 높입니다."	translated	skill	1	reviewed_preserved_or_moved_display:1	Scripts/Modules/MawCore/SkillTooltip.lua	"[9] = ""Leather armor is the lightest armor a character can wear.  While leather provides less protection than chain or plate armor, it also slows your character down the least.\n\nLeather Armor Skill boosts the AC and Resistances gained by ALL armors when equipping a Leather Armor by a percent amount."","
Mana cost reduced by 12.5%.	마나 소모량 12.5% 감소.	translated	skill	1	reviewed_preserved_or_moved_display:1	Scripts/General/zzMAW-Skills.lua	"Game.SkillDesNormal[const.Skills.Learning]= ""Mana cost reduced by 12.5%."""
Mana cost reduced by 25%	마나 소모량 25% 감소	translated	skill	1	reviewed_preserved_or_moved_display:1	Scripts/General/zzMAW-Skills.lua	"Game.SkillDesExpert[const.Skills.Learning]= ""Mana cost reduced by 25%"""
Mana cost reduced by 37.5%	마나 소모량 37.5% 감소	translated	skill	1	reviewed_preserved_or_moved_display:1	Scripts/General/zzMAW-Skills.lua	"Game.SkillDesMaster[const.Skills.Learning]= ""Mana cost reduced by 37.5%"""
Mana cost reduced by 50%	마나 소모량 50% 감소	translated	skill	1	reviewed_preserved_or_moved_display:1	Scripts/General/zzMAW-Skills.lua	"Game.SkillDesGM[const.Skills.Learning]= ""Mana cost reduced by 50%"""
Mana is increased by %s%% per skill level, cost divisor increased by %s	기술 레벨당 마나가 %s%% 증가하고, 비용 제수가 %s 증가합니다	translated	skill	1	reviewed_preserved_or_moved_display:1	Scripts/General/zzMAW-Skills.lua	"""Mana is increased by %s%% per skill level, cost divisor increased by %s"","
Mana Shield	마나 방패	translated	skill	1	reviewed_preserved_or_moved_display:1	Scripts/General/zzMAW-Skills.lua	"Skillz.setName(manaSkill, ""Mana Shield"")"
"Mana shield consume mana to reduce damage when an hit would take you below a certain threshold.

If available, Expert, Master and Grandmaster is learned at skill "	"마나 방패는 공격으로 생명력이 일정 기준 아래로 떨어질 때 주문력을 소모하여 피해를 줄입니다.

습득 가능한 경우 전문가·마스터·그랜드마스터의 요구 기술 레벨: "	translated	skill	1	reviewed_preserved_or_moved_display:1	Scripts/Modules/MawCore/SkillTooltip.lua	"return ""Mana shield consume mana to reduce damage when an hit would take you below a certain threshold.\n\nIf available, Expert, Master and Grandmaster is learned at skill """
"Mana shield consume mana to reduce damage when an hit would take you below a certain threshold.

If available, Expert, Master and Grandmaster is learned at skill 6-12-20 (8-20-32 in insanity mode).

Mastery increase its mana efficience.
"	"마나 방패는 공격을 받아 생명력이 일정 기준 아래로 내려가려 할 때 마나를 소모하여 피해를 줄입니다.

가능한 경우 전문가, 마스터, 그랜드마스터 단계는 기술 레벨 6-12-20에서 습득합니다(광기 모드에서는 8-20-32).

숙련도가 높을수록 마나 효율이 증가합니다.
"	translated	skill	1	reviewed_preserved_or_moved_display:1	Scripts/General/zzMAW-Skills.lua	"Skillz.setDesc(manaSkill, 1, ""Mana shield consume mana to reduce damage when an hit would take you below a certain threshold.\n\nIf available, Expert, Master and Grandmaster is learned at skill 6-12-20 (8-20-32 in insanity mode).\n\nMastery increase its mana efficience.\n"")"
Melee attack costs 30 energy	근접 공격에 에너지 30을 소모합니다	translated	skill	1	reviewed_preserved_or_moved_display:1	Scripts/Modules/MawCore/SkillTooltip.lua	"[2]=""Melee attack costs 45 energy"",[3]=""Melee attack costs 40 energy"",[4]=""Melee attack costs 35 energy"",[5]=""Melee attack costs 30 energy""},"
Melee attack costs 35 energy	근접 공격에 에너지 35를 소모합니다	translated	skill	1	reviewed_preserved_or_moved_display:1	Scripts/Modules/MawCore/SkillTooltip.lua	"[2]=""Melee attack costs 45 energy"",[3]=""Melee attack costs 40 energy"",[4]=""Melee attack costs 35 energy"",[5]=""Melee attack costs 30 energy""},"
Melee attack costs 40 energy	근접 공격에 에너지 40을 소모합니다	translated	skill	1	reviewed_preserved_or_moved_display:1	Scripts/Modules/MawCore/SkillTooltip.lua	"[2]=""Melee attack costs 45 energy"",[3]=""Melee attack costs 40 energy"",[4]=""Melee attack costs 35 energy"",[5]=""Melee attack costs 30 energy""},"
Melee attack costs 45 energy	근접 공격에 에너지 45를 소모합니다	translated	skill	1	reviewed_preserved_or_moved_display:1	Scripts/Modules/MawCore/SkillTooltip.lua	"[2]=""Melee attack costs 45 energy"",[3]=""Melee attack costs 40 energy"",[4]=""Melee attack costs 35 energy"",[5]=""Melee attack costs 30 energy""},"
Melee attacks heal on hit	근접 공격 적중 시 생명력을 회복합니다	translated	skill	1	reviewed_preserved_or_moved_display:1	Scripts/Modules/MawCore/SkillTooltip.lua	"[2]=""Melee attacks heal on hit"","
Misc	기타	translated	skill	2	reviewed_preserved_or_moved_display:2	Scripts/General/zzMAW-Skills.lua	"local txt=""Misc"""
No bonus at this rank	이 숙련도에서는 보너스가 없습니다	translated	skill	1	reviewed_preserved_or_moved_display:1	Scripts/General/zzMAW-Skills.lua	"return ""No bonus at this rank"""
Permanently grants 	영구적으로 부여하는 양: 	translated	skill	1	reviewed_preserved_or_moved_display:1	Scripts/General/zzAlchemy.lua	"return ""Permanently grants "" .. GetTranscendenceSkillPoints(step)"
Permanently grants Skill Points.	기술 포인트를 영구적으로 부여합니다.	translated	skill	1	proven_alchemy_item_tooltip:1	Scripts/General/zzAlchemy.lua	"[259] = ""Permanently grants Skill Points."","
Permanently grants Skill Points. Requires 	기술 포인트를 영구적으로 부여합니다. 단계당 필요한 물약 위력: 	translated	skill	1	reviewed_preserved_or_moved_display:1	Scripts/General/zzAlchemy.lua	"return ""Permanently grants Skill Points. Requires """
"Plate armor is the heaviest armor type.  It provides the most protection, but it slows your character down more than leather or chain.

Plate Armor Skill boosts the AC and Resistances gained by ALL armors when equipping a Plate Armor by a percent amount."	"판금 갑옷은 가장 무거운 방어구입니다. 가장 높은 보호력을 제공하지만 가죽이나 사슬 갑옷보다 행동을 더 느리게 만듭니다.

판금 갑옷을 장비하면 판금 갑옷 기술이 모든 방어구에서 얻는 방어력과 저항을 일정 비율만큼 높입니다."	translated	skill	1	reviewed_preserved_or_moved_display:1	Scripts/Modules/MawCore/SkillTooltip.lua	"[11] = ""Plate armor is the heaviest armor type.  It provides the most protection, but it slows your character down more than leather or chain.\n\nPlate Armor Skill boosts the AC and Resistances gained by ALL armors when equipping a Plate Armor by a percent amount."","
"Poisoning is the art of mastering toxins through self-experimentation, transforming suffering into vitality. Higher skill levels increase your energy regeneration.

Each attack deals bonus water damage equal to 0.1% of the target's HP per skill point.

"	"독은 스스로 독을 시험하며 독성을 다루는 법을 익혀 고통을 활력으로 바꾸는 기술입니다. 기술 레벨이 높을수록 에너지 재생이 증가합니다.

공격할 때마다 기술 포인트당 대상 생명력의 0.1%에 해당하는 추가 물 피해를 줍니다.

"	translated	skill	1	reviewed_preserved_or_moved_display:1	Scripts/Modules/MawCore/SkillTooltip.lua	"[14]={[1]=""Poisoning is the art of mastering toxins through self-experimentation, transforming suffering into vitality. Higher skill levels increase your energy regeneration.\n\nEach attack deals bonus water damage equal to 0.1% of the target's HP per skill point.\n\n"","
Poisons	독	translated	skill	1	reviewed_preserved_or_moved_display:1	Scripts/Modules/MawCore/Classes.lua	"Skillz.setName(14, ""Poisons"")"
Reduces traps and lava damage by 10%.	함정과 용암 피해가 10% 감소합니다.	translated	skill	1	reviewed_preserved_or_moved_display:1	Scripts/General/zzMAW-Skills.lua	"Game.SkillDesNormal[const.Skills.Perception]= ""Reduces traps and lava damage by 10%."""
Reduces traps and lava damage by 30%.	함정과 용암 피해가 30% 감소합니다.	translated	skill	1	reviewed_preserved_or_moved_display:1	Scripts/General/zzMAW-Skills.lua	"Game.SkillDesExpert[const.Skills.Perception]= ""Reduces traps and lava damage by 30%."""
Reduces traps and lava damage by 50%.	함정과 용암 피해가 50% 감소합니다.	translated	skill	1	reviewed_preserved_or_moved_display:1	Scripts/General/zzMAW-Skills.lua	"Game.SkillDesMaster[const.Skills.Perception]= ""Reduces traps and lava damage by 50%."""
Reduces traps and lava damage by 70%.	함정과 용암 피해가 70% 감소합니다.	translated	skill	1	reviewed_preserved_or_moved_display:1	Scripts/General/zzMAW-Skills.lua	"Game.SkillDesGM[const.Skills.Perception]= ""Reduces traps and lava damage by 70%."""
Restores %s%% of your maximum health per second	초당 최대 체력의 %s%%를 회복합니다	translated	skill	1	reviewed_preserved_or_moved_display:1	Scripts/General/zzMAW-Skills.lua	"local hp=string.format(""Restores %s%% of your maximum health per second"","
Restores %s%% of your maximum mana per second	초당 최대 마나의 %s%%를 회복합니다	translated	skill	1	reviewed_preserved_or_moved_display:1	Scripts/General/zzMAW-Skills.lua	"""Restores %s%% of your maximum mana per second"","
Retaliation	반격	translated	skill	1	reviewed_preserved_or_moved_display:1	Scripts/General/zzMAW-Skills.lua	"Skillz.setName(Retaliation, ""Retaliation"")"
Retaliation can stack up to 3 times, allowing to consume all the stacks in 1 single powerful hit	반격은 최대 3회 중첩되며, 한 번의 강력한 공격으로 모든 중첩을 소모할 수 있습니다	translated	skill	1	reviewed_preserved_or_moved_display:1	Scripts/General/zzMAW-Skills.lua	"Skillz.setDesc(Retaliation, 5, ""Retaliation can stack up to 3 times, allowing to consume all the stacks in 1 single powerful hit"")"
Scales	비늘	translated	skill	1	reviewed_preserved_or_moved_display:1	Scripts/General/zzClasses.lua	"Skillz.setName(32,""Scales"")"
"Shield skill provides great defense against both physical and magical attacks.

Shield Skill boosts the AC and Resistances gained from your Shield  by a percent amount."	"방패 기술은 물리 공격과 마법 공격 모두에 뛰어난 방어력을 제공합니다.

방패 기술은 방패에서 얻는 방어력과 저항을 일정 비율만큼 높입니다."	translated	skill	1	reviewed_preserved_or_moved_display:1	Scripts/Modules/MawCore/SkillTooltip.lua	"[8] = ""Shield skill provides great defense against both physical and magical attacks.\n\nShield Skill boosts the AC and Resistances gained from your Shield  by a percent amount."","
Skill reset info	기술 초기화 안내	translated	skill	1	reviewed_preserved_or_moved_display:1	Scripts/Global/zzMAWRespec.lua	"Topic = ""Skill reset info"","
Speed|	속도|	translated	skill	1	reviewed_preserved_or_moved_display:1	Scripts/General/zzMAW-Skills.lua	"baseString=string.format(""%s\t"" .. tab .. ""Speed|"",baseString)"
Subtlety	기민함	translated	skill	1	reviewed_preserved_or_moved_display:1	Scripts/Modules/MawCore/Classes.lua	"Skillz.setName(13, ""Subtlety"")"
"Subtlety manipulates the boundary between life and death, granting you energy upon killing enemies and increasing your speed.

Energy consuming attack grants 1 stack, which increase your attack speed by 0.5% per skill point in Subtlety. Stacks up to 5 times.

"	"기민함은 삶과 죽음의 경계를 다루어 적을 처치할 때 기력을 얻고 속도를 높여 줍니다.

기력을 소모하는 공격은 중첩 효과를 1회 부여합니다. 중첩당 기민함 기술 포인트마다 공격 속도가 0.5% 증가하며, 최대 5회 중첩됩니다.

"	translated	skill	1	reviewed_preserved_or_moved_display:1	Scripts/Modules/MawCore/SkillTooltip.lua	"[13]={[1]=""Subtlety manipulates the boundary between life and death, granting you energy upon killing enemies and increasing your speed.\n\nEnergy consuming attack grants 1 stack, which increase your attack speed by 0.5% per skill point in Subtlety. Stacks up to 5 times.\n\n"","
This skill is only available to death knights and increases damage by 	죽음의 기사만 사용할 수 있는 기술입니다. 피해 증가량: 	translated	skill	2	reviewed_preserved_or_moved_display:2	Scripts/Modules/MawCore/SkillTooltip.lua	"return ""This skill is only available to death knights and increases damage by """
"This skill is only available to death knights and reduces physical damage taken.
"	"죽음의 기사만 사용할 수 있는 기술입니다. 받는 물리 피해가 감소합니다.
"	translated	skill	1	reviewed_preserved_or_moved_display:1	Scripts/Modules/MawCore/SkillTooltip.lua	"return ""This skill is only available to death knights and reduces physical damage taken.\n"""
Triple healing effect	회복 효과가 3배가 됩니다	translated	skill	1	reviewed_preserved_or_moved_display:1	Scripts/Modules/MawCore/SkillTooltip.lua	"[4]=""Triple healing effect"","
Unholy	사악함	translated	skill	1	reviewed_preserved_or_moved_display:1	Scripts/Modules/MawCore/Classes.lua	"Skillz.setName(20, ""Unholy"")"
"Unlock the true potential of your mana reserves with Enlightenment, a transformative skill that increases your mana pool and reduces mana reserved by buffs, empowering you to cast more freely and frequently.

The cost of buffs is divided by the amount of mana you gain per level. As you reach higher mastery levels, the divisor increases, but your total mana pool remains the same.

If available, Expert, Master and Grandmaster is learned at skill 6-12-20.
"	"깨달음은 마나의 잠재력을 끌어내 최대 마나를 늘리고 버프가 예약하는 마나를 줄여 주문을 더 자유롭고 자주 사용할 수 있게 합니다.

버프 비용은 레벨당 얻는 마나량을 기준으로 나뉩니다. 숙련도가 높아질수록 나누는 값은 커지지만 전체 마나량은 변하지 않습니다.

가능한 경우 전문가, 마스터, 그랜드마스터 단계는 기술 레벨 6-12-20에서 습득합니다.
"	translated	skill	1	reviewed_preserved_or_moved_display:1	Scripts/General/zzMAW-Skills.lua	"Skillz.setDesc(Enlightenment, 1, ""Unlock the true potential of your mana reserves with Enlightenment, a transformative skill that increases your mana pool and reduces mana reserved by buffs, empowering you to cast more freely and frequently.\n\nThe cost of buffs is divided by the amount of mana you gain per level. As you reach higher mastery levels, the divisor increases, but your total mana pool remains the same.\n\nIf available, Expert, Master and Grandmaster is learned at skill 6-12-20.\n"")"
Unnamed Skill	이름 없는 기술	translated	skill	2	reviewed_preserved_or_moved_display:2	Scripts/Modules/MawCore/Skills.lua; Scripts/Modules/MawCore/SkillsUI.lua	"return ""Unnamed Skill"""
Water Magic	물 마법	translated	skill	2	reviewed_preserved_or_moved_display:2	Scripts/Modules/MawCore/Classes.lua	"Skillz.setName(14, ""Water Magic"")"
Wrong Skill ID	잘못된 기술 ID	translated	skill	1	reviewed_preserved_or_moved_display:1	Scripts/Modules/MawCore/Skills.lua	"return ""Wrong Skill ID"""
You don't meet the requirements, and cannot be taught until you do.	요구 조건을 충족하지 못했으므로, 조건을 갖출 때까지 배울 수 없습니다.	translated	skill	1	reviewed_preserved_or_moved_display:1	Scripts/General/zzMAW-Skills.lua	"Game.NPCText[128]=""You don't meet the requirements, and cannot be taught until you do."""
Your next attack deals additional damage, multiplied by skill level	다음 공격이 기술 레벨에 비례한 추가 피해를 줍니다	translated	skill	1	reviewed_preserved_or_moved_display:1	Scripts/General/zzMAW-Skills.lua	"Skillz.setDesc(Retaliation, 2, ""Your next attack deals additional damage, multiplied by skill level"")"
Your next attack has a 25% chance to stun the enemy for 2 seconds	다음 공격이 25% 확률로 적을 2초 동안 기절시킵니다	translated	skill	1	reviewed_preserved_or_moved_display:1	Scripts/General/zzMAW-Skills.lua	"Skillz.setDesc(Retaliation, 4, ""Your next attack has a 25% chance to stun the enemy for 2 seconds"")"
Your next attack recovery time is reduced by 30%	다음 공격의 회복 시간이 30% 감소합니다	translated	skill	1	reviewed_preserved_or_moved_display:1	Scripts/General/zzMAW-Skills.lua	"Skillz.setDesc(Retaliation, 3, ""Your next attack recovery time is reduced by 30%"")"
"

Can't learn"	"

습득 불가"	translated	spell	1	reviewed_preserved_or_moved_display:1	Scripts/General/zzMaw-Spells.lua	"local txt=StrColor(255,0,0,""\n\nCan't learn"")"
"

Not Learned"	"

미습득"	translated	spell	1	reviewed_preserved_or_moved_display:1	Scripts/General/zzMaw-Spells.lua	"txt=StrColor(255,0,0,""\n\nNot Learned"")"
"
Active ("	"
활성 ("	translated	spell	1	reviewed_preserved_or_moved_display:1	Scripts/General/zzMaw-Spells.lua	"txt=StrColor(0,255,0,""\nActive ("" .. Party[j].Name .. "")"")"
"
Active("	"
활성("	translated	spell	1	reviewed_preserved_or_moved_display:1	Scripts/General/zzMaw-Spells.lua	"txt=StrColor(0,255,0,""\nActive("" .. Party[j].Name .. "")"")"
"
Not Active"	"
비활성"	translated	spell	2	reviewed_preserved_or_moved_display:2	Scripts/General/zzMaw-Spells.lua	"local txt=StrColor(255,0,0,""\nNot Active"")"
 Hit Points	 생명력	translated	spell	8	formatted_colored_text:2; proven_game_display_assignment:5; reviewed_preserved_or_moved_display:1	Scripts/General/zzzOnlineVariableSender.lua; Scripts/Modules/MawCore/Classes.lua; Scripts/Modules/MawCore/Tooltip.lua	"Game.ShowStatusText((t.HealerName or ""Ally"") .. "" heals you for "" .. tostring(t.Amount or 0) .. "" Hit Points"")"
" Spell Points
"	" 주문력
"	translated	spell	1	reviewed_preserved_or_moved_display:1	Scripts/Modules/MawCore/SkillTooltip.lua	"return MawSchoolDescBase[17] .. ASC .. ""Melee attacks restore "" .. spLeech .. "" Spell Points\n"""
"% and grants Preservation for 6 hours.
Require 20 power to work.
"	"%. 보존 효과도 부여합니다 (6시간 지속).
물약 위력이 20 이상이어야 합니다.
"	translated	spell	1	reviewed_preserved_or_moved_display:1	Scripts/General/zzAlchemy.lua	"return ""Reduces magic damage taken by "" .. pct(const.Spells.Shield, power) .. ""% and grants Preservation for 6 hours.\nRequire 20 power to work.\n"""
"% at novice, expert, master and grandmaster rankings per point of skill in Dragon Ability.
Each point in the skill increases damage and increases recovery time by 3%."	"%씩 증가합니다(드래곤 능력 기술의 초보, 전문가, 마스터, 그랜드마스터 단계에서 기술 포인트당).
기술 포인트마다 피해가 증가하고 회복 시간이 3% 증가합니다."	translated	spell	1	reviewed_preserved_or_moved_display:1	Scripts/General/zzClasses.lua	"Skillz.setDesc(23,1,""Dragons are powerful creatures with innate abilities.\nLike the racial abilities of Dark Elves and Vampires, Dragon abilities are cast like spells, but are acquired like skills. Dragons begin able to cast Fear, the gain a second breath weapon, Flight and Wing Bugget at expert, master and grandmaster rankings.\n\nBreath damage is 20 + 2 per level (up to level 600, or 900 in madness) and total damage is increased by "" .. dragonBreath.Damage[1] .. ""-"" .. dragonBreath.Damage[2] "
% Attack Speed), Heroism (+	%), 영웅심 (근접 피해 +	translated	spell	1	reviewed_preserved_or_moved_display:1	Scripts/General/zzAlchemy.lua	"return ""Grants Haste (+"" .. pct(const.Spells.Haste, power) .. ""% Attack Speed), Heroism (+"""
% for 6 hours.	% (6시간 지속).	translated	spell	3	reviewed_preserved_or_moved_display:3	Scripts/General/zzAlchemy.lua	"return ""Increases your Attack Speed by "" .. pct(const.Spells.Haste, power) .. ""% for 6 hours."""
% Melee Damage) and Bless (+	%), 축복 (정확도 +	translated	spell	1	reviewed_preserved_or_moved_display:1	Scripts/General/zzAlchemy.lua	".. pct(const.Spells.Heroism, power) .. ""% Melee Damage) and Bless (+"" .. statPct(power)"
% of Melee damage	% (근접 공격 피해 기준)	translated	spell	4	reviewed_preserved_or_moved_display:4	Scripts/Modules/MawCore/Classes.lua	"Game.SpellsTxt[26].Normal=""Deals damage equal to "" .. (mult26[1]*100) .. ""% of Melee damage"""
"%s

Increases spell points based on SP per level and mastery

Current SP Regeneration: %s
Next Level Bonus: %s SP Regen
"	"%s

레벨당 주문력과 숙련도에 따라 주문력 재생이 증가합니다.

현재 주문력 재생: %s
다음 레벨 보너스: 주문력 재생 %s
"	translated	spell	1	formatted_colored_text:1	Scripts/Modules/MawCore/SkillTooltip.lua	"return string.format(""%s\n\nIncreases spell points based on SP per level and mastery\n\nCurrent SP Regeneration: %s\nNext Level Bonus: %s SP Regen\n"", baseMedStr, StrColor(60, 60, 255, spRegen), StrColor(60, 60, 255, ""+"" .. spRegen2))"
"%s Mana cost: 
cures %s + %s HP per point of skill"	"마나 소모: %s
기술 포인트당 생명력 %s + %s 회복"	translated	spell	5	reviewed_preserved_or_moved_display:5	Scripts/General/zzMaw-Spells.lua	"Game.SpellsTxt[68].Normal=string.format(""%s Mana cost: \ncures %s + %s HP per point of skill"",sp.Cost[1], sp.Base[1], sp.Scaling[1])"
"%s Mana cost: 
cures %s + %s HP per point of skill
1 day limit
"	"마나 소모: %s
기술 포인트당 생명력 %s + %s 회복
제한 시간 1일
"	translated	spell	4	reviewed_preserved_or_moved_display:4	Scripts/General/zzMaw-Spells.lua	"Game.SpellsTxt[49].Expert=string.format(""%s Mana cost: \ncures %s + %s HP per point of skill\n1 day limit\n"",sp.Cost[2], sp.Base[2], sp.Scaling[2])"
"%s Mana cost: 
cures %s + %s HP per point of skill
no limit
"	"마나 소모: %s
기술 포인트당 생명력 %s + %s 회복
시간 제한 없음
"	translated	spell	1	reviewed_preserved_or_moved_display:1	Scripts/General/zzMaw-Spells.lua	"Game.SpellsTxt[74].GM=string.format(""%s Mana cost: \ncures %s + %s HP per point of skill\nno limit\n"",sp.Cost[4], sp.Base[4], sp.Scaling[4])"
%s, %d target%s	%s, 대상 %d명%s	translated	spell	1	reviewed_preserved_or_moved_display:1	Scripts/General/zzMaw-Spells.lua	"line=string.format(""%s, %d target%s"", line, m, m>1 and ""s"" or """")"
"16 Mana cost: 
cures 36 + 6 HP per point of skill
no limit
"	"마나 소모: 16
기술 포인트당 생명력 36 + 6 회복
시간 제한 없음
"	translated	spell	1	reviewed_preserved_or_moved_display:1	Scripts/General/zzMaw-Spells.lua	"Game.SpellsTxt[49].GM=""16 Mana cost: \ncures 36 + 6 HP per point of skill\nno limit\n"""
"5 Mana cost: 
cures 12 + 2 HP per point of skill
1 hour limit
"	"마나 소모: 5
기술 포인트당 생명력 12 + 2 회복
제한 시간 1시간
"	translated	spell	1	reviewed_preserved_or_moved_display:1	Scripts/General/zzMaw-Spells.lua	"Game.SpellsTxt[49].Expert=""5 Mana cost: \ncures 12 + 2 HP per point of skill\n1 hour limit\n"""
"8 Mana cost: 
cures 24 + 4 HP per point of skill
1 day limit
"	"마나 소모: 8
기술 포인트당 생명력 24 + 4 회복
제한 시간 1일
"	translated	spell	1	reviewed_preserved_or_moved_display:1	Scripts/General/zzMaw-Spells.lua	"Game.SpellsTxt[49].Master=""8 Mana cost: \ncures 24 + 4 HP per point of skill\n1 day limit\n"""
A calm glow lingers between the leaves; a spirit-binding sigil veils the prayers, and they fade to silence without skill in Spirit.	책장 사이에 잔잔한 빛이 머뭅니다. 영혼을 묶는 인장이 기도문을 가리고 있어, 영혼 마법에 숙련되지 않으면 글귀가 고요히 사라집니다.	translated	spell	1	reviewed_preserved_or_moved_display:1	Scripts/General/zzMaw-Spells.lua	"txt[975].Notes=""A calm glow lingers between the leaves; a spirit-binding sigil veils the prayers, and they fade to silence without skill in Spirit."""
A pale radiance seeps through the cover; a sun-seal flares too bright to read, dimming into clarity for those trained in Light.	표지 사이로 창백한 광휘가 새어 나옵니다. 태양의 인장이 너무 밝게 타올라 읽을 수 없지만, 빛 마법에 숙련된 자에게는 빛이 잦아들며 글이 선명해집니다.	translated	spell	1	reviewed_preserved_or_moved_display:1	Scripts/General/zzMaw-Spells.lua	"txt[978].Notes=""A pale radiance seeps through the cover; a sun-seal flares too bright to read, dimming into clarity for those trained in Light."""
A scorched grimoire that radiates gentle heat; a heat-seal brands the cover, and the pages grow too hot to hold unless you're versed in Fire.	은은한 열기를 내뿜는 그을린 마도서입니다. 열기의 인장이 표지에 새겨져 있어, 화염 마법에 숙련되지 않으면 책장이 너무 뜨거워 잡을 수 없습니다.	translated	spell	1	reviewed_preserved_or_moved_display:1	Scripts/General/zzMaw-Spells.lua	"txt[971].Notes=""A scorched grimoire that radiates gentle heat; a heat-seal brands the cover, and the pages grow too hot to hold unless you're versed in Fire."""
Adds %s + %s HP per point of skill to the pool	기술 포인트당 생명력 풀에 %s + %s 추가	translated	spell	2	reviewed_preserved_or_moved_display:2	Scripts/General/zzMaw-Spells.lua	"Game.SpellsTxt[54].Master=string.format(""Adds %s + %s HP per point of skill to the pool"", sp.Base[3], sp.Scaling[3])"
Air Magic Book	대기 마법서	translated	spell	1	reviewed_preserved_or_moved_display:1	Scripts/General/zzMaw-Spells.lua	"txt[972].Name=""Air Magic Book"""
All spells cast at 1.5 times skill	모든 주문이 기술 수치의 1.5배로 적용됩니다	translated	spell	1	reviewed_preserved_or_moved_display:1	Scripts/General/zzMaw-Spells.lua	"Game.SpellsTxt[85].Master=""All spells cast at 1.5 times skill"""
All spells cast at 2 times skill	모든 주문이 기술 수치의 2배로 적용됩니다	translated	spell	1	reviewed_preserved_or_moved_display:1	Scripts/General/zzMaw-Spells.lua	"Game.SpellsTxt[85].GM=""All spells cast at 2 times skill"""
All stats increased by 10+1 per skill	모든 능력치가 10 + 기술 포인트당 1만큼 증가합니다	translated	spell	1	reviewed_preserved_or_moved_display:1	Scripts/General/zzMaw-Spells.lua	"Game.SpellsTxt[83].Expert=""All stats increased by 10+1 per skill"""
All stats increased by 15+1.5 per skill	모든 능력치가 15 + 기술 포인트당 1.5만큼 증가합니다	translated	spell	1	reviewed_preserved_or_moved_display:1	Scripts/General/zzMaw-Spells.lua	"Game.SpellsTxt[83].Master=""All stats increased by 15+1.5 per skill"""
All stats increased by 20+2 per skill	모든 능력치가 20 + 기술 포인트당 2만큼 증가합니다	translated	spell	1	reviewed_preserved_or_moved_display:1	Scripts/General/zzMaw-Spells.lua	"Game.SpellsTxt[83].GM=""All stats increased by 20+2 per skill"""
Allow use to Cover Spells damage	주문 피해도 엄호할 수 있습니다	translated	spell	1	reviewed_preserved_or_moved_display:1	Scripts/General/zzMAW-Skills.lua	"Skillz.setDesc(coverSkill, 4, ""Allow use to Cover Spells damage"")"
Asphyxiate	질식	translated	spell	1	reviewed_preserved_or_moved_display:1	Scripts/Modules/MawCore/Classes.lua	"Game.SpellsTxt[76].Name=""Asphyxiate"""
"Assassination focuses on eliminating isolated targets before they react. Attacks that spend energy or spells, have your damage increased by 2-3-4-5 per skill point, reduced by 20% for each target's nearby enemy (up to 4 enemies).
Such attacks also grant 1 combo point, allowing the assassin to cast offensive spells.
Bow has 50% chance and energy cost.

Higher levels also grant more starting energy, ideal for high burst damage in short engagements.

"	"암살은 고립된 대상을 반응하기 전에 제거하는 데 특화돼 있습니다. 기력을 소모하는 공격이나 주문의 피해가 기술 포인트당 2-3-4-5 증가합니다. 대상 근처의 적 하나당 증가량이 20% 감소하며, 최대 4명까지 적용됩니다.
이러한 공격은 연계 포인트도 1 부여하여 암살자가 공격 주문을 시전할 수 있게 합니다.
활은 발동 확률과 기력 소모량이 각각 50%입니다.

레벨이 높아질수록 시작 기력도 증가하여 짧은 교전에서 폭발적인 피해를 주기 좋습니다.

"	translated	spell	1	reviewed_preserved_or_moved_display:1	Scripts/Modules/MawCore/SkillTooltip.lua	"[15]={[1]=""Assassination focuses on eliminating isolated targets before they react. Attacks that spend energy or spells, have your damage increased by 2-3-4-5 per skill point, reduced by 20% for each target's nearby enemy (up to 4 enemies).\nSuch attacks also grant 1 combo point, allowing the assassin to cast offensive spells.\nBow has 50% chance and energy cost.\n\nHigher levels also grant more starting energy, ideal for high burst damage in short engagements.\n\n"","
Blood Leech	피 흡수	translated	spell	1	reviewed_preserved_or_moved_display:1	Scripts/Modules/MawCore/Classes.lua	"Game.SpellsTxt[68].Name=""Blood Leech"""
Body Magic Book	육체 마법서	translated	spell	1	reviewed_preserved_or_moved_display:1	Scripts/General/zzMaw-Spells.lua	"txt[977].Name=""Body Magic Book"""
Book	책	translated	spell	1	reviewed_preserved_or_moved_display:1	Scripts/General/zzMaw-Spells.lua	"txt[970+i].NotIdentifiedName=""Book"""
Chain Lightning	연쇄 번개	translated	spell	1	reviewed_preserved_or_moved_display:1	Scripts/General/zzMaw-Spells.lua	"Game.SpellsTxt[18].Name=""Chain Lightning"""
Cures %s + %s HP per point of skill	기술 포인트당 생명력 %s + %s 회복	translated	spell	1	reviewed_preserved_or_moved_display:1	Scripts/General/zzMaw-Spells.lua	"Game.SpellsTxt[55].GM=string.format(""Cures %s + %s HP per point of skill"", sp.Base[4], sp.Scaling[4])"
Damage Increased to 	피해량: 	translated	spell	1	reviewed_preserved_or_moved_display:1	Scripts/Modules/MawCore/Classes.lua	"Game.SpellsTxt[26].Master=""Damage Increased to "" .. (mult26[3]*100) .. ""%"""
Damage increased to 	피해량: 	translated	spell	2	reviewed_preserved_or_moved_display:2	Scripts/Modules/MawCore/Classes.lua	"Game.SpellsTxt[76].GM=""Damage increased to "" .. (mult76[4]*100) .. ""%"""
Damp vellum where ink ripples like tides; a water-ward dissolves every character into droplets unless a Water adept calls them back.	잉크가 물결처럼 일렁이는 축축한 양피지입니다. 물의 결계가 모든 글자를 물방울로 녹여 버리지만, 물 마법에 숙련된 자라면 다시 글자를 불러낼 수 있습니다.	translated	spell	1	reviewed_preserved_or_moved_display:1	Scripts/General/zzMaw-Spells.lua	"txt[973].Notes=""Damp vellum where ink ripples like tides; a water-ward dissolves every character into droplets unless a Water adept calls them back."""
Dark Magic Book	어둠 마법서	translated	spell	1	reviewed_preserved_or_moved_display:1	Scripts/General/zzMaw-Spells.lua	"txt[979].Name=""Dark Magic Book"""
Deals damage equal to 	피해량: 	translated	spell	4	reviewed_preserved_or_moved_display:4	Scripts/Modules/MawCore/Classes.lua	"Game.SpellsTxt[26].Normal=""Deals damage equal to "" .. (mult26[1]*100) .. ""% of Melee damage"""
Deals damage equal to 100% of breath damage	숨결 피해의 100%만큼 피해	translated	spell	1	reviewed_preserved_or_moved_display:1	Scripts/General/zzClasses.lua	"Game.SpellsTxt[123].GM=""Deals damage equal to 100% of breath damage"""
Deals damage equal to 70% of breath damage	숨결 피해의 70%만큼 피해	translated	spell	1	reviewed_preserved_or_moved_display:1	Scripts/General/zzClasses.lua	"Game.SpellsTxt[123].Expert=""Deals damage equal to 70% of breath damage"""
Deals damage equal to 85% of breath damage	숨결 피해의 85%만큼 피해	translated	spell	1	reviewed_preserved_or_moved_display:1	Scripts/General/zzClasses.lua	"Game.SpellsTxt[123].Master=""Deals damage equal to 85% of breath damage"""
Death Breath	죽음의 숨결	translated	spell	1	reviewed_preserved_or_moved_display:1	Scripts/Modules/MawCore/Classes.lua	"Game.SpellsTxt[97].Name=""Death Breath"""
Death Coil	죽음의 고리	translated	spell	1	reviewed_preserved_or_moved_display:1	Scripts/Modules/MawCore/Classes.lua	"Game.SpellsTxt[90].Name=""Death Coil"""
Death Grasp	죽음의 손아귀	translated	spell	1	reviewed_preserved_or_moved_display:1	Scripts/Modules/MawCore/Classes.lua	"Game.SpellsTxt[96].Name=""Death Grasp"""
"Dragons are powerful creatures with innate abilities.
Like the racial abilities of Dark Elves and Vampires, Dragon abilities are cast like spells, but are acquired like skills. Dragons begin able to cast Fear, the gain a second breath weapon, Flight and Wing Bugget at expert, master and grandmaster rankings.

Breath damage is 20 + 2 per level (up to level 600, or 900 in madness) and total damage is increased by "	"드래곤은 타고난 능력을 지닌 강력한 생물입니다.
다크 엘프와 뱀파이어의 종족 능력처럼 드래곤 능력은 주문처럼 사용하지만 기술처럼 습득합니다. 드래곤은 처음부터 공포를 사용할 수 있고, 전문가·마스터·그랜드마스터 단계에서 두 번째 브레스 무기, 비행, 윙 버핏을 차례로 얻습니다.

브레스 피해는 레벨당 20 + 2이며(최대 600레벨, 광기에서는 900레벨), 총 피해 증가율은 "	translated	spell	1	reviewed_preserved_or_moved_display:1	Scripts/General/zzClasses.lua	"Skillz.setDesc(23,1,""Dragons are powerful creatures with innate abilities.\nLike the racial abilities of Dark Elves and Vampires, Dragon abilities are cast like spells, but are acquired like skills. Dragons begin able to cast Fear, the gain a second breath weapon, Flight and Wing Bugget at expert, master and grandmaster rankings.\n\nBreath damage is 20 + 2 per level (up to level 600, or 900 in madness) and total damage is increased by "" .. dragonBreath.Damage[1] .. ""-"" .. dragonBreath.Damage[2] "
Duration 15+1.5 minutes per point of skill	지속시간: 15분 + 기술 포인트당 1.5분	translated	spell	1	proven_game_display_assignment:1	Scripts/General/zzMaw-Spells.lua	"Game.SpellsTxt[19].Master=""Duration 15+1.5 minutes per point of skill"""
Duration 30+3 minutes per point of skill	지속시간: 30분 + 기술 포인트당 3분	translated	spell	1	reviewed_preserved_or_moved_display:1	Scripts/General/zzMaw-Spells.lua	"Game.SpellsTxt[19].GM=""Duration 30+3 minutes per point of skill"""
Duration: %.1f seconds	지속시간: %.1f초	translated	spell	1	reviewed_preserved_or_moved_display:1	Scripts/General/zzMaw-Spells.lua	"local line=string.format(""Duration: %.1f seconds"", duration*GetCCMasteryMult(value, m))"
Each hit deals damage equal to 	타격당 피해량: 	translated	spell	1	reviewed_preserved_or_moved_display:1	Scripts/Modules/MawCore/Classes.lua	"Game.SpellsTxt[32].GM=""Each hit deals damage equal to "" .. (mult32[4]*100) .. ""% of Melee damage"""
Earth Magic Book	대지 마법서	translated	spell	1	reviewed_preserved_or_moved_display:1	Scripts/General/zzMaw-Spells.lua	"txt[974].Name=""Earth Magic Book"""
Effect is now passive	이제 효과가 지속 효과로 적용됩니다	translated	spell	1	reviewed_preserved_or_moved_display:1	Scripts/General/zzMaw-Spells.lua	"Game.SpellsTxt[i].GM=""Effect is now passive"""
Effects vary per spell	효과는 주문마다 다릅니다	translated	spell	1	reviewed_preserved_or_moved_display:1	Scripts/Modules/MawCore/SkillTooltip.lua	"local EV=""Effects vary per spell"""
"Elementalists learn new spells with practice instead of books.

All the available spells of this school have been learned."	"원소술사는 책 대신 실전을 통해 새로운 주문을 익힙니다.

이 계통에서 배울 수 있는 주문을 모두 습득했습니다."	translated	spell	1	reviewed_preserved_or_moved_display:1	Scripts/Modules/MawCore/SkillTooltip.lua	"return EV .. "" \n\n"" .. rotationText .. ""Elementalists learn new spells with practice instead of books.\n\nAll the available spells of this school have been learned."""
"Elementalists learn new spells with practice instead of books.

Progress toward learning "	"원소술사는 책 대신 실전을 통해 새로운 주문을 익힙니다.

다음 주문 습득 진행도: "	translated	spell	1	reviewed_preserved_or_moved_display:1	Scripts/Modules/MawCore/SkillTooltip.lua	"return EV .. "" \n\n"" .. rotationText .. ""Elementalists learn new spells with practice instead of books.\n\nProgress toward learning "" .. Game.SpellsTxt[(id-12)*11+currentTier+1].Name .. "": "" .. percentageProgression ..""%"""
Empower Magic	마법 강화	translated	spell	1	reviewed_preserved_or_moved_display:1	Scripts/General/zzMaw-Spells.lua	"sp.Name = ""Empower Magic"""
far away	멀리 있음	translated	spell	1	formatted_colored_text:1	Scripts/Modules/Multiplayer/UI/RemotePlayers.lua	"local range = self.data.touch and StrColor(0, 255, 0, ""touch"") or self.data.cast and StrColor(255, 255, 0, ""spell"") or ""far away"""
Feather-light pages hum with static; a whirling air-sigil scatters the lines to the wind, settling only for one trained in Air.	깃털처럼 가벼운 책장에서 정전기가 웅웅거립니다. 소용돌이치는 대기의 인장이 글줄을 바람에 흩뜨리지만, 대기 마법에 숙련된 자에게는 다시 제자리를 찾습니다.	translated	spell	1	reviewed_preserved_or_moved_display:1	Scripts/General/zzMaw-Spells.lua	"txt[972].Notes=""Feather-light pages hum with static; a whirling air-sigil scatters the lines to the wind, settling only for one trained in Air."""
Fire Magic Book	화염 마법서	translated	spell	1	reviewed_preserved_or_moved_display:1	Scripts/General/zzMaw-Spells.lua	"txt[971].Name=""Fire Magic Book"""
Frostbite	동상	translated	spell	1	reviewed_preserved_or_moved_display:1	Scripts/Modules/MawCore/Classes.lua	"Game.SpellsTxt[29].Name=""Frostbite"""
"Grant 5 +1 per 10 potion power charges of Magic Protection (as the spell) for 6 hours.
From 50 power on will protect also from death and eradication.
"	"6시간 동안 마법 보호(주문과 동일) 효과를 5 + 물약 위력 10당 1만큼 부여합니다.
위력 50 이상이면 죽음과 소멸도 방지합니다.
"	translated	spell	1	reviewed_preserved_or_moved_display:1	Scripts/General/zzAlchemy.lua	"[237] = ""Grant 5 +1 per 10 potion power charges of Magic Protection (as the spell) for 6 hours.\nFrom 50 power on will protect also from death and eradication.\n"","
Grants 3 Accuracy to all party per skill point	기술 포인트당 파티 전체의 정확도가 3 증가합니다	translated	spell	1	reviewed_preserved_or_moved_display:1	Scripts/General/zzMaw-Spells.lua	"Skillz.setDesc(const.Skills.Spirit,5,""Grants 3 Accuracy to all party per skill point"")"
Grants 3 Endurance to all party per skill point	기술 포인트당 파티 전체의 인내력이 3 증가합니다	translated	spell	1	reviewed_preserved_or_moved_display:1	Scripts/General/zzMaw-Spells.lua	"Skillz.setDesc(const.Skills.Earth,5,""Grants 3 Endurance to all party per skill point"")"
Grants 3 Intellect to all party per skill point	기술 포인트당 파티 전체의 지능이 3 증가합니다	translated	spell	1	reviewed_preserved_or_moved_display:1	Scripts/General/zzMaw-Spells.lua	"Skillz.setDesc(const.Skills.Fire,5,""Grants 3 Intellect to all party per skill point"")"
Grants 3 Luck to all party per skill point	기술 포인트당 파티 전체의 운이 3 증가합니다	translated	spell	1	reviewed_preserved_or_moved_display:1	Scripts/General/zzMaw-Spells.lua	"Skillz.setDesc(const.Skills.Water,5,""Grants 3 Luck to all party per skill point"")"
Grants 3 Might to all party per skill point	기술 포인트당 파티 전체의 힘이 3 증가합니다	translated	spell	1	reviewed_preserved_or_moved_display:1	Scripts/General/zzMaw-Spells.lua	"Skillz.setDesc(const.Skills.Body,5,""Grants 3 Might to all party per skill point"")"
Grants 3 Personality to all party per skill point	기술 포인트당 파티 전체의 인격이 3 증가합니다	translated	spell	1	reviewed_preserved_or_moved_display:1	Scripts/General/zzMaw-Spells.lua	"Skillz.setDesc(const.Skills.Mind,5,""Grants 3 Personality to all party per skill point"")"
Grants 3 Speed to all party per skill point	기술 포인트당 파티 전체의 민첩성이 3 증가합니다	translated	spell	1	reviewed_preserved_or_moved_display:1	Scripts/General/zzMaw-Spells.lua	"Skillz.setDesc(const.Skills.Air,5,""Grants 3 Speed to all party per skill point"")"
Grants Haste (+	가속 (공격 속도 +	translated	spell	1	reviewed_preserved_or_moved_display:1	Scripts/General/zzAlchemy.lua	"return ""Grants Haste (+"" .. pct(const.Spells.Haste, power) .. ""% Attack Speed), Heroism (+"""
"Grants Preservation and Shield (as the spell) for 6 Hours
Require 20 power to work.
"	"6시간 동안 보존과 방패(주문과 동일) 효과를 부여합니다.
작동하려면 위력 20이 필요합니다.
"	translated	spell	1	reviewed_preserved_or_moved_display:1	Scripts/General/zzAlchemy.lua	"[231] = ""Grants Preservation and Shield (as the spell) for 6 Hours\nRequire 20 power to work.\n"","
Grants Shield (-	방패 (받는 마법 피해 -	translated	spell	1	reviewed_preserved_or_moved_display:1	Scripts/General/zzAlchemy.lua	"return ""Grants Shield (-"" .. pct(const.Spells.Shield, power)"
Heavy as quarried rock, grit packed in the spine; a stone-seal weighs the script down, rising into legible relief for those attuned to Earth.	채석한 바위처럼 무겁고 책등에는 모래가 가득합니다. 돌의 인장이 글을 짓눌러 보이지 않게 하지만, 대지 마법에 조율된 자에게는 읽을 수 있는 돋을새김으로 떠오릅니다.	translated	spell	1	reviewed_preserved_or_moved_display:1	Scripts/General/zzMaw-Spells.lua	"txt[974].Notes=""Heavy as quarried rock, grit packed in the spine; a stone-seal weighs the script down, rising into legible relief for those attuned to Earth."""
Ice Bomb	얼음 폭탄	translated	spell	1	reviewed_preserved_or_moved_display:1	Scripts/Modules/MawCore/Classes.lua	"Game.SpellsTxt[32].Name=""Ice Bomb"""
Icy Touch	얼음의 손길	translated	spell	1	reviewed_preserved_or_moved_display:1	Scripts/Modules/MawCore/Classes.lua	"Game.SpellsTxt[26].Name=""Icy Touch"""
Increases damage by 10 plus 1 per skill point	피해량이 10 + 기술 포인트당 1만큼 증가합니다	translated	spell	1	reviewed_preserved_or_moved_display:1	Scripts/General/zzMaw-Spells.lua	"Game.SpellsTxt[51].Expert=""Increases damage by 10 plus 1 per skill point"""
Increases damage by 10 plus 1.5 per skill point	피해량이 10 + 기술 포인트당 1.5만큼 증가합니다	translated	spell	1	reviewed_preserved_or_moved_display:1	Scripts/General/zzMaw-Spells.lua	"Game.SpellsTxt[51].Master=""Increases damage by 10 plus 1.5 per skill point"""
Increases damage by 10 plus 2 per skill point	피해량이 10 + 기술 포인트당 2만큼 증가합니다	translated	spell	1	reviewed_preserved_or_moved_display:1	Scripts/General/zzMaw-Spells.lua	"Game.SpellsTxt[51].GM=""Increases damage by 10 plus 2 per skill point"""
Increases spell damage and healing at the expense of higher mana cost and cast time.	마나 소모량과 시전 시간이 늘어나는 대신 주문 피해와 치유량이 증가합니다.	translated	spell	1	reviewed_preserved_or_moved_display:1	Scripts/General/zzMAW-Skills.lua	"baseAscStr= ""Increases spell damage and healing at the expense of higher mana cost and cast time."""
"Increases spell damage and healing at the expense of higher mana cost and cast time.
"	"마나 소모량과 시전 시간이 늘어나는 대신 주문 피해와 치유량이 증가합니다.
"	translated	spell	1	reviewed_preserved_or_moved_display:1	Scripts/General/zzMAW-Skills.lua	"Skillz.setDesc(const.Skills.Learning,1,""Increases spell damage and healing at the expense of higher mana cost and cast time.\n"")"
Increases your Attack Speed by 	공격 속도가 증가하는 양: 	translated	spell	1	reviewed_preserved_or_moved_display:1	Scripts/General/zzAlchemy.lua	"return ""Increases your Attack Speed by "" .. pct(const.Spells.Haste, power) .. ""% for 6 hours."""
Increases your Melee Damage by 	근접 피해가 증가하는 양: 	translated	spell	1	reviewed_preserved_or_moved_display:1	Scripts/General/zzAlchemy.lua	"return ""Increases your Melee Damage by "" .. pct(const.Spells.Heroism, power) .. ""% for 6 hours."""
Ink like pooled night that drinks the torchglow; a shadow-ward devours the lines, revealing them only to readers skilled in Dark.	횃불빛마저 삼키는 밤의 웅덩이 같은 잉크입니다. 그림자의 결계가 글줄을 집어삼키며, 어둠 마법에 숙련된 독자에게만 글을 드러냅니다.	translated	spell	1	reviewed_preserved_or_moved_display:1	Scripts/General/zzMaw-Spells.lua	"txt[979].Notes=""Ink like pooled night that drinks the torchglow; a shadow-ward devours the lines, revealing them only to readers skilled in Dark."""
Insanity	광기	translated	spell	2	reviewed_preserved_or_moved_display:2	Scripts/General/zzMaw-Monsters.lua; Scripts/General/zzzMaw_Artifacts.lua	"[5] = ""Insanity"", [22] = ""Spell drain"", [12] = ""Paralysis"", [23] = ""Fear"","
Leech amount increased by 50%	흡수량 50% 증가	translated	spell	1	reviewed_preserved_or_moved_display:1	Scripts/Modules/MawCore/Classes.lua	"Game.SpellsTxt[90].Master=""Leech amount increased by 50%"""
Leeches 	생명력 흡수: 	translated	spell	5	proven_game_display_assignment:5	Scripts/Modules/MawCore/Classes.lua	"Game.SpellsTxt[68].Normal=""Leeches "" .. round(leech(FHP, bloodS, 1)) .. "" Hit Points"""
Light Magic Book	빛 마법서	translated	spell	1	reviewed_preserved_or_moved_display:1	Scripts/General/zzMaw-Spells.lua	"txt[978].Name=""Light Magic Book"""
Margins of tight glyphs that reorder themselves; a thought-lock scrambles the text into riddles unless a Mind disciple aligns it.	여백을 빽빽하게 채운 문양이 스스로 순서를 바꿉니다. 사고의 자물쇠가 글을 수수께끼처럼 뒤섞지만, 정신 마법을 익힌 자라면 올바르게 정렬할 수 있습니다.	translated	spell	1	reviewed_preserved_or_moved_display:1	Scripts/General/zzMaw-Spells.lua	"txt[976].Notes=""Margins of tight glyphs that reorder themselves; a thought-lock scrambles the text into riddles unless a Mind disciple aligns it."""
Melee attacks restore 	근접 공격 시 회복량: 	translated	spell	2	reviewed_preserved_or_moved_display:2	Scripts/Modules/MawCore/SkillTooltip.lua	"return MawSchoolDescBase[17] .. ASC .. ""Melee attacks restore "" .. spLeech .. "" Spell Points\n"""
"Melee Power: %s
Ranged Power: %s
Spell Power: %s"	"근접 위력: %s
원거리 위력: %s
주문 위력: %s"	translated	spell	1	reviewed_preserved_or_moved_display:1	Scripts/General/zzMaw-Stats.lua	"local txt=string.format(""Melee Power: %s\nRanged Power: %s\nSpell Power: %s"",StrColor(255,0,0,DPS1),StrColor(200,200,0,DPS2),StrColor(50,50,220,DPS3))"
Mind Magic Book	정신 마법서	translated	spell	1	reviewed_preserved_or_moved_display:1	Scripts/General/zzMaw-Spells.lua	"txt[976].Name=""Mind Magic Book"""
Monster slows by 1/2 of speed	몬스터의 속도가 50% 감소합니다	translated	spell	1	reviewed_preserved_or_moved_display:1	Scripts/Modules/MawCore/Classes.lua	"Game.SpellsTxt[26].Expert=""Monster slows by 1/2 of speed"""
Monster slows by 1/4 of speed	몬스터의 속도가 25% 감소합니다	translated	spell	1	reviewed_preserved_or_moved_display:1	Scripts/Modules/MawCore/Classes.lua	"Game.SpellsTxt[26].GM=""Monster slows by 1/4 of speed"""
No additional effects	추가 효과 없음	translated	spell	2	reviewed_preserved_or_moved_display:2	Scripts/Modules/MawCore/Classes.lua	"Game.SpellsTxt[76].Master=""No additional effects"""
Normal	보통	translated	spell	4	reviewed_preserved_or_moved_display:4	Scripts/General/MenuExtraSettings.lua; Scripts/General/zzMaw-Spells.lua	"gameMode={[0]=""Normal"", [2]=""Doom"", [4]=""Road to\ninsanity"",[6]=""Beyond\nMadness"",[8]="" Austerity"" }"
Novice	초보	translated	spell	1	reviewed_preserved_or_moved_display:1	Scripts/Modules/MawCore/SkillTooltip.lua	"SkillTooltip.masteryNames = {"""", ""Novice"", ""Expert"", ""Master"", ""Grand"","
Paralysis	마비	translated	spell	2	reviewed_preserved_or_moved_display:2	Scripts/General/zzMaw-Monsters.lua; Scripts/General/zzzMaw_Artifacts.lua	"[5] = ""Insanity"", [22] = ""Spell drain"", [12] = ""Paralysis"", [23] = ""Fear"","
Players spell recovery speed increased by 	플레이어 주문 회복 속도 증가: 	translated	spell	1	reviewed_preserved_or_moved_display:1	Scripts/Modules/MawCore/Tooltip.lua	"[27]=""Players spell recovery speed increased by "" .. getMapAffixPower(27, power) .. ""%"","
Quick Spell	퀵스펠	translated	spell	1	reviewed_preserved_or_moved_display:1	Scripts/General/zzMaw-Stats.lua	"Game.GlobalTxt[172]=""Quick Spell"""
Reduces magic damage taken by 	받는 마법 피해가 감소하는 양: 	translated	spell	1	reviewed_preserved_or_moved_display:1	Scripts/General/zzAlchemy.lua	"return ""Reduces magic damage taken by "" .. pct(const.Spells.Shield, power) .. ""% and grants Preservation for 6 hours.\nRequire 20 power to work.\n"""
Removes Death and Eradication with no time limit	시간 제한 없이 죽음과 소멸을 제거합니다	translated	spell	1	reviewed_preserved_or_moved_display:1	Scripts/General/zzMaw-Spells.lua	"Game.SpellsTxt[53].GM=""Removes Death and Eradication with no time limit"""
Restores based on the potion's power of spell points.	물약의 위력에 따라 주문력을 회복합니다.	translated	spell	1	reviewed_preserved_or_moved_display:1	Scripts/General/zzAlchemy.lua	"[248] = ""Restores based on the potion's power of spell points."","
Shrinks even the grandest of monsters down to more manageable sizes. A shrunken monster deals %d%% less damage. Each impact covers one monster per mastery nearby, preferring those not already shrunk. Base duration %gs at every mastery, extended by Ascension. Does not stack with Dark Grasp.	아무리 거대한 몬스터라도 다루기 쉬운 크기로 축소합니다. 축소된 몬스터가 가하는 피해는 %d%% 감소합니다. 적중할 때마다 주변에서 숙련도당 한 마리를 축소하며, 아직 축소되지 않은 몬스터를 우선합니다. 모든 숙련도에서 기본 지속 시간은 %g초이며 승천으로 연장됩니다. 어둠의 손아귀와 중첩되지 않습니다.	translated	spell	1	reviewed_preserved_or_moved_display:1	Scripts/General/zzMaw-Spells.lua	"""Shrinks even the grandest of monsters down to more manageable sizes. A shrunken monster deals %d%% less damage. Each impact covers one monster per mastery nearby, preferring those not already shrunk. Base duration %gs at every mastery, extended by Ascension. Does not stack with Dark Grasp."","
Spell drain	주문력 흡수	translated	spell	1	reviewed_preserved_or_moved_display:1	Scripts/General/zzMaw-Monsters.lua	"[5] = ""Insanity"", [22] = ""Spell drain"", [12] = ""Paralysis"", [23] = ""Fear"","
Spell hits up to 2 times	최대 2회 적중합니다	translated	spell	2	reviewed_preserved_or_moved_display:2	Scripts/General/zzMaw-Spells.lua; Scripts/Modules/MawCore/Classes.lua	"Game.SpellsTxt[18].Expert=""Spell hits up to 2 times"""
Spell hits up to 3 times	최대 3회 적중합니다	translated	spell	2	reviewed_preserved_or_moved_display:2	Scripts/General/zzMaw-Spells.lua; Scripts/Modules/MawCore/Classes.lua	"Game.SpellsTxt[18].Master=""Spell hits up to 3 times"""
Spell hits up to 4 times	최대 4회 적중합니다	translated	spell	2	reviewed_preserved_or_moved_display:2	Scripts/General/zzMaw-Spells.lua; Scripts/Modules/MawCore/Classes.lua	"Game.SpellsTxt[18].GM=""Spell hits up to 4 times"""
Spirit Magic Book	영혼 마법서	translated	spell	1	reviewed_preserved_or_moved_display:1	Scripts/General/zzMaw-Spells.lua	"txt[975].Name=""Spirit Magic Book"""
Superior Blood Leech	상급 피 흡수	translated	spell	1	reviewed_preserved_or_moved_display:1	Scripts/Modules/MawCore/Classes.lua	"Game.SpellsTxt[74].Name=""Superior Blood Leech"""
Target also loses the ability to attack at range	대상은 원거리 공격도 할 수 없게 됩니다	translated	spell	1	proven_game_display_assignment:1	Scripts/Modules/MawCore/Classes.lua	"Game.SpellsTxt[96].GM=""Target also loses the ability to attack at range"""
Thick, herb-scented vellum warm to the pulse; a vigor-ward stiffens the pages, relaxing only for the steady hands of Body practitioners.	약초 향이 나는 두꺼운 양피지가 맥박에 맞춰 따뜻해집니다. 활력의 결계가 책장을 뻣뻣하게 굳혀 두었지만, 육체 마법 수행자의 안정된 손길에는 부드럽게 풀립니다.	translated	spell	1	reviewed_preserved_or_moved_display:1	Scripts/General/zzMaw-Spells.lua	"txt[977].Notes=""Thick, herb-scented vellum warm to the pulse; a vigor-ward stiffens the pages, relaxing only for the steady hands of Body practitioners."""
This spell is as good as it will ever be!	이 주문은 이미 최고의 성능을 발휘하고 있습니다!	translated	spell	1	reviewed_preserved_or_moved_display:1	Scripts/Modules/MawCore/Classes.lua	"Game.SpellsTxt[97].GM=""This spell is as good as it will ever be!"""
This spell surrounds its target with the power of raw darkness, rendering it unable to fire missile attacks or cast spells. Further the target's movement is slowed, its armor class is halved and it deals %d%% less damage. Base duration %gs at Grandmaster, less below, extended by Ascension. Does not stack with Shrinking Ray.	순수한 어둠의 힘으로 대상을 감싸 원거리 공격과 주문 시전을 봉쇄합니다. 이동 속도가 느려지고 방어 등급이 절반으로 감소하며, 가하는 피해가 %d%% 감소합니다. 그랜드마스터에서 기본 지속 시간은 %g초이며 낮은 숙련도에서는 더 짧습니다. 승천으로 지속 시간이 연장됩니다. 축소 광선과 중첩되지 않습니다.	translated	spell	1	reviewed_preserved_or_moved_display:1	Scripts/General/zzMaw-Spells.lua	"""This spell surrounds its target with the power of raw darkness, rendering it unable to fire missile attacks or cast spells. Further the target's movement is slowed, its armor class is halved and it deals %d%% less damage. Base duration %gs at Grandmaster, less below, extended by Ascension. Does not stack with Shrinking Ray."","
touch	접촉 거리	translated	spell	1	formatted_colored_text:1	Scripts/Modules/Multiplayer/UI/RemotePlayers.lua	"local range = self.data.touch and StrColor(0, 255, 0, ""touch"") or self.data.cast and StrColor(255, 255, 0, ""spell"") or ""far away"""
Vampiric Aura	흡혈의 오라	translated	spell	1	reviewed_preserved_or_moved_display:1	Scripts/General/zzMaw-Spells.lua	"sp.Name=""Vampiric Aura"""
Water Magic Book	물 마법서	translated	spell	1	reviewed_preserved_or_moved_display:1	Scripts/General/zzMaw-Spells.lua	"txt[973].Name=""Water Magic Book"""
"

Realms: Detached. Time: Detached."	"

영역: 분리됨. 시간: 분리됨."	translated	status	1	reviewed_preserved_or_moved_display:1	Scripts/Global/Quest_SavingGoobers.lua	"CurMes = ""Targets found. Realms: Attuned. Time: Attuned.\n\n"" .. table.concat(Messages, ""\n"") .. ""\n\nRealms: Detached. Time: Detached."""
  heals 	 → 	translated	status	1	reviewed_preserved_or_moved_display:1	Scripts/General/zzMaw-Spells.lua	"Game.ShowStatusText(string.format(name .. ""  heals "" .. Party[t.TargetId].Name .. "" for "" .. healData[3] .. "" hit points(crit)""))"
 completed!	 완료!	translated	status	1	reviewed_preserved_or_moved_display:1	Scripts/Global/zzMaw_Arena.lua	"Message(""Level "" .. currentArenaLevel .. "" completed!"")"
 cover 	 → 엄호: 	translated	status	1	reviewed_preserved_or_moved_display:1	Scripts/General/zzMaw-Monsters.lua	"Game.ShowStatusText(Party[coverPlayerIndex].Name .. "" cover "" .. Party[target].Name)"
 covers the blow	의 엄호가 공격을 막아냈습니다	translated	status	1	status_text_call:1	Scripts/General/zzMaw-Monsters.lua	"Game.ShowStatusText(Party[coverPlayerIndex].Name .. "" covers the blow"")"
 crafting items	개의 제작 재료	translated	status	2	reviewed_preserved_or_moved_display:2	Scripts/General/zzMaw-Monsters.lua	"Game.ShowStatusText(""Teleported "" .. objCount .. "" crafting items"")"
 Exp, 	 경험치, 	translated	status	2	reviewed_preserved_or_moved_display:2	Scripts/General/zzMaw-Monsters.lua	"Game.ShowStatusText(""Map Completed! You gain "" .. experience .. "" Exp, "" .. gold .. "" Gold and a Crafting Material"")"
 filtered)	 필터됨)	translated	status	1	reviewed_preserved_or_moved_display:1	Scripts/General/zzMaw-Items.lua	"Game.ShowStatusText(""You found "" .. itemGold+goldGained .. "" gold! ("" .. tierList[itemPower] .. "" "" .. Game.ItemsTxt[itemID].NotIdentifiedName .. "" filtered)"")"
 for 	: 회복량 	translated	status	8	reviewed_preserved_or_moved_display:8	Scripts/General/zzMaw-Spells.lua	"Game.ShowStatusText(string.format(name .. "" heals "" .. Party[t.TargetId].Name .. "" for "" .. healData[1] .. "" hit points(crit)""))"
 Gold and a Crafting Material	 금화 및 제작 재료	translated	status	2	reviewed_preserved_or_moved_display:2	Scripts/General/zzMaw-Monsters.lua	"Game.ShowStatusText(""Map Completed! You gain "" .. experience .. "" Exp, "" .. gold .. "" Gold and a Crafting Material"")"
 gold! (	 금화! (	translated	status	1	reviewed_preserved_or_moved_display:1	Scripts/General/zzMaw-Items.lua	"Game.ShowStatusText(""You found "" .. itemGold+goldGained .. "" gold! ("" .. tierList[itemPower] .. "" "" .. Game.ItemsTxt[itemID].NotIdentifiedName .. "" filtered)"")"
 heals 	 → 	translated	status	7	reviewed_preserved_or_moved_display:7	Scripts/General/zzMaw-Spells.lua	"Game.ShowStatusText(string.format(name .. "" heals "" .. Party[t.TargetId].Name .. "" for "" .. healData[1] .. "" hit points(crit)""))"
 heals the party for 	: 파티 회복량 	translated	status	2	reviewed_preserved_or_moved_display:2	Scripts/General/zzMaw-Spells.lua	"Game.ShowStatusText(name .. "" heals the party for "" .. shown .. "" hit points (crit)"")"
 heals you for 	: 회복량 	translated	status	9	reviewed_preserved_or_moved_display:9	Scripts/General/zzMaw-Spells.lua; Scripts/General/zzzOnlineVariableSender.lua	"Game.ShowStatusText(string.format(name .. "" heals you for "" .. healData[1] .. "" hit points(crit)""))"
 Hit points	 생명력	translated	status	6	reviewed_preserved_or_moved_display:6	Scripts/General/zzMaw-Spells.lua	"Game.ShowStatusText(string.format(""You Heal for "" .. round(totHeal) .. "" Hit points""))"
 hit points	 생명력	translated	status	10	reviewed_preserved_or_moved_display:10	Scripts/General/zzMaw-Spells.lua	"Game.ShowStatusText(string.format(name .. "" heals you for "" .. healData[1] .. "" hit points""))"
 hit points (crit)	 생명력 (치명타)	translated	status	2	reviewed_preserved_or_moved_display:2	Scripts/General/zzMaw-Spells.lua	"Game.ShowStatusText(""You heal the party for "" .. tooltipHeal .. "" hit points (crit)"")"
 Hit points(crit)	 생명력 (치명타)	translated	status	6	reviewed_preserved_or_moved_display:6	Scripts/General/zzMaw-Spells.lua	"Game.ShowStatusText(string.format(""You Heal for "" .. round(totHeal) .. "" Hit points(crit)""))"
 hit points(crit)	 생명력 (치명타)	translated	status	8	reviewed_preserved_or_moved_display:8	Scripts/General/zzMaw-Spells.lua	"Game.ShowStatusText(string.format(name .. "" heals you for "" .. healData[1] .. "" hit points(crit)""))"
 monsters	마리의 몬스터	translated	status	1	reviewed_preserved_or_moved_display:1	Scripts/General/zzMaw-Monsters.lua	"Game.ShowStatusText(""Teleported "" .. count .. "" monsters"")"
 monsters and 	마리의 몬스터와 	translated	status	1	reviewed_preserved_or_moved_display:1	Scripts/General/zzMaw-Monsters.lua	"Game.ShowStatusText(""Teleported "" .. count .. "" monsters and "" .. objCount .. "" crafting items"")"
 on attack activated	 공격 시 발동 활성화	translated	status	2	reviewed_preserved_or_moved_display:2	Scripts/Modules/MawCore/Classes.lua	"Game.ShowStatusText(Game.SpellsTxt[t.Param].Name .. "" on attack activated"")"
 on attack disabled	 공격 시 발동 비활성화	translated	status	2	reviewed_preserved_or_moved_display:2	Scripts/Modules/MawCore/Classes.lua	"Game.ShowStatusText(Game.SpellsTxt[t.Param].Name .. "" on attack disabled"")"
 required)	)	translated	status	2	reviewed_preserved_or_moved_display:2	Scripts/General/zzAlchemy.lua	"Game.ShowStatusText(""Your level is too low (Level "" .. levelRequired .. "" required)"")"
 will now take alchemy items when sorting	 → 정렬 시 연금술 아이템 담당	translated	status	1	reviewed_preserved_or_moved_display:1	Scripts/General/zzMaw-Item-Sorter.lua	"Game.ShowStatusText(Party[Game.CurrentPlayer].Name .. "" will now take alchemy items when sorting"")"
%s casts Charge stunning the enemy	%s의 돌진이 적을 기절시킵니다	translated	status	1	reviewed_preserved_or_moved_display:1	Scripts/General/zzMAW-Skills.lua	"Game.ShowStatusText(string.format(""%s casts Charge stunning the enemy"",Party[0].Name))"
%s created	%s 제작 완료	translated	status	1	reviewed_preserved_or_moved_display:1	Scripts/General/zzMaw-Items.lua	"Game.ShowStatusText(string.format(""%s created"", craftingNames[i+1]))"
%s gave you %s potion.	%s 플레이어가 %s 물약을 건넸습니다.	translated	status	1	status_text_call:1	Scripts/Modules/Multiplayer/UI/RemotePlayers.lua	"Game.ShowStatusText(string.format(""%s gave you %s potion."","
%s hits %s for %s points!%s	%s이(가) %s에게 %s의 피해를 입혔습니다!%s	translated	status	1	reviewed_preserved_or_moved_display:1	Scripts/Modules/MawCore/Damage.lua	"msg=string.format(""%s hits %s for %s points!%s"", name, monName, msgTxt, critMessage)"
%s hits for a total of %s points!%s	%s이(가) 총 %s의 피해를 입혔습니다!%s	translated	status	1	reviewed_preserved_or_moved_display:1	Scripts/Modules/MawCore/Damage.lua	"msg=string.format(""%s hits for a total of %s points!%s"", name, msgTxt, critMessage)"
%s inflicts %s points killing %s!%s	%s이(가) %s의 피해를 입혀 %s을(를) 처치했습니다!%s	translated	status	1	reviewed_preserved_or_moved_display:1	Scripts/Modules/MawCore/Damage.lua	"msg=string.format(""%s inflicts %s points killing %s!%s"", name, msgTxt, monName, critMessage)"
%s shoots %s for %s points!%s	%s이(가) %s에게 원거리 공격으로 %s의 피해를 입혔습니다!%s	translated	status	1	reviewed_preserved_or_moved_display:1	Scripts/Modules/MawCore/Damage.lua	"msg=string.format(""%s shoots %s for %s points!%s"", name, monName, msgTxt, critMessage)"
%s's poison effect expired	%s: 독 효과가 끝났습니다	translated	status	3	reviewed_preserved_or_moved_display:3	Scripts/General/zzMaw-Items.lua	"Game.ShowStatusText(string.format(""%s's poison effect expired"",Party[i].Name))"
's bag is no longer a crafting bag	의 가방이 제작 가방에서 해제됐습니다	translated	status	1	status_text_call:1	Scripts/General/zzzMaw_CraftingBag.lua	"Game.ShowStatusText(pl.Name .. ""'s bag is no longer a crafting bag"")"
's bag is now a crafting bag	의 가방이 제작 가방으로 지정됐습니다	translated	status	1	status_text_call:1	Scripts/General/zzzMaw_CraftingBag.lua	"Game.ShowStatusText(pl.Name .. ""'s bag is now a crafting bag"")"
's bags sorted	의 모든 가방	translated	status	2	reviewed_preserved_or_moved_display:2	Scripts/General/zzMaw-Item-Sorter.lua	"Game.ShowStatusText(""All "" .. name .. ""'s bags sorted"")"
(CRIT!)	(치명타!)	translated	status	1	reviewed_preserved_or_moved_display:1	Scripts/Modules/MawCore/Damage.lua	"critMessage=StrColor(255,255,30,""(CRIT!)"")"
*Swap*	*교대*	translated	status	3	reviewed_preserved_or_moved_display:3	Scripts/Modules/MawCore/Damage.lua	"Game.ShowStatusText(""*Swap*"")"
*You don't have any philosopher stone to charge the telelocator.*	*텔레로케이터를 충전할 철학자의 돌이 없습니다.*	translated	status	1	reviewed_preserved_or_moved_display:1	Scripts/Global/Quest_SavingGoobers.lua	"Message(""*You don't have any philosopher stone to charge the telelocator.*"")"
+50 Fire Resistance temporary.	일시적으로 화염 저항 +50.	translated	status	1	reviewed_preserved_or_moved_display:1	Scripts/Maps/7out01.lua	"Game.ShowStatusText(""+50 Fire Resistance temporary."")          -- ""+50 Fire Resistance temporary."""
Access have been destroyed	접근로가 파괴되었습니다	translated	status	1	reviewed_preserved_or_moved_display:1	Scripts/Maps/outb3.lua	"Game.ShowStatusText(""Access have been destroyed"")"
All 	정렬 완료: 	translated	status	2	reviewed_preserved_or_moved_display:2	Scripts/General/zzMaw-Item-Sorter.lua	"Game.ShowStatusText(""All "" .. name .. ""'s bags sorted"")"
All buffs have been removed	모든 버프가 제거되었습니다	translated	status	1	reviewed_preserved_or_moved_display:1	Scripts/General/zzMaw-Spells.lua	"Game.ShowStatusText(""All buffs have been removed"")"
All inventories have been sorted	모든 인벤토리를 정렬했습니다	translated	status	1	reviewed_preserved_or_moved_display:1	Scripts/General/zzMaw-Item-Sorter.lua	"Game.ShowStatusText(""All inventories have been sorted"")"
All Party bags sorted	파티의 모든 가방을 정렬했습니다	translated	status	1	reviewed_preserved_or_moved_display:1	Scripts/General/zzMaw-Item-Sorter.lua	"Game.ShowStatusText(""All Party bags sorted"")"
All players on the map must be nearby to start rest.	휴식을 시작하려면 지도에 있는 모든 플레이어가 가까이 모여야 합니다.	translated	status	1	display_variable_assignment:1	Scripts/Modules/Multiplayer/Synchronization/RestScreen.lua	"local GatherPartyMessage = ""All players on the map must be nearby to start rest."""
"Beyond Madness - a word of warning.

No bolster here (except on starting maps).

Quest timing matters:
- Finish early: immediate power now, less XP.
- Finish late: bigger XP later, no early power.

Run-wide tracking:
- On the character screen, you'll see a death counter shared across all saves of this run.
- On the map, a red counter appears after you take damage and clears when no monsters are nearby.
- Loading or leaving the game while that counter is red counts as a death.

If Insanity wasn't enough for you, you're in the right place."	"광란을 넘어 - 경고.

이곳에서는 보정이 적용되지 않습니다(시작 맵 제외).

퀘스트 완료 시점이 중요합니다:
- 일찍 완료: 즉시 강해지지만 경험치는 적습니다.
- 늦게 완료: 초반 강화는 없지만 나중에 더 많은 경험치를 얻습니다.

플레이 전체 추적:
- 캐릭터 화면에는 이번 플레이의 모든 저장 파일에서 공유되는 사망 횟수가 표시됩니다.
- 맵에서는 피해를 입은 뒤 빨간 카운터가 나타나며, 주변에 몬스터가 없으면 사라집니다.
- 카운터가 빨간 상태에서 게임을 불러오거나 종료하면 사망 1회로 계산됩니다.

광기 모드로도 부족했다면 제대로 찾아왔습니다."	translated	status	1	reviewed_preserved_or_moved_display:1	Scripts/General/zzMaw-Monsters.lua	"Message(""Beyond Madness - a word of warning.\n\nNo bolster here (except on starting maps).\n\nQuest timing matters:\n- Finish early: immediate power now, less XP.\n- Finish late: bigger XP later, no early power.\n\nRun-wide tracking:\n- On the character screen, you'll see a death counter shared across all saves of this run.\n- On the map, a red counter appears after you take damage and clears when no monsters are nearby.\n- Loading or leaving the game while that counter is red counts as a death."
Bow Disabled	활 사용 비활성화	translated	status	1	reviewed_preserved_or_moved_display:1	Scripts/General/zz_Maw-initialize.lua	"Game.ShowStatusText(""Bow Disabled"")"
Bow Enabled	활 사용 활성화	translated	status	1	reviewed_preserved_or_moved_display:1	Scripts/General/zz_Maw-initialize.lua	"Game.ShowStatusText(""Bow Enabled"")"
Buff Disabled	버프 비활성화	translated	status	1	reviewed_preserved_or_moved_display:1	Scripts/General/zzMaw-Spells.lua	"Game.ShowStatusText(""Buff Disabled"")"
Can't benefit anymore	더 이상 효과를 받을 수 없습니다	translated	status	2	reviewed_preserved_or_moved_display:2	Scripts/General/zzAlchemy.lua	"Game.ShowStatusText(""Can't benefit anymore"")"
Can't teleport now	지금은 순간이동할 수 없습니다	translated	status	1	reviewed_preserved_or_moved_display:1	Scripts/General/zzMaw-Monsters.lua	"Game.ShowStatusText(""Can't teleport now"")"
Charge has %s seconds of cooldown	돌진 재사용 대기시간이 %s초 남았습니다	translated	status	1	reviewed_preserved_or_moved_display:1	Scripts/General/zzMAW-Skills.lua	"Game.ShowStatusText(string.format(""Charge has %s seconds of cooldown"",vars.chargeCooldown))"
Charged. Insert request.	충전 완료. 요청을 입력하십시오.	translated	status	1	reviewed_preserved_or_moved_display:1	Scripts/Global/Quest_SavingGoobers.lua	"Message(""Charged. Insert request."")"
Convert %s into %s? (U)	%s을(를) %s(으)로 변환하시겠습니까? (U)	translated	status	1	reviewed_preserved_or_moved_display:1	Scripts/General/zzMaw-Items.lua	"Game.ShowStatusText(string.format(""Convert %s into %s? (U)"",craftingNames[i], craftingNames[i+1]))"
Cover Disabled	엄호 비활성화	translated	status	1	reviewed_preserved_or_moved_display:1	Scripts/General/zzMAW-Skills.lua	"Game.ShowStatusText(""Cover Disabled"")"
Cover Enabled	엄호 활성화	translated	status	1	reviewed_preserved_or_moved_display:1	Scripts/General/zzMAW-Skills.lua	"Game.ShowStatusText(""Cover Enabled"")"
Current map data reset.	현재 맵 데이터를 초기화했습니다.	translated	status	1	reviewed_preserved_or_moved_display:1	Scripts/General/zzMaw-Stats.lua	"Game.ShowStatusText(""Current map data reset."")"
Curse Immunity	저주 면역	translated	status	1	reviewed_preserved_or_moved_display:1	Scripts/General/zzAlchemy.lua	"Game.ShowStatusText(""Curse Immunity"")"
Difficulty reverted to Hell	난이도가 지옥으로 되돌아갔습니다	translated	status	1	reviewed_preserved_or_moved_display:1	Scripts/General/zzMaw-Monsters.lua	"Message(""Difficulty reverted to Hell"")"
Disease Immunity	질병 면역	translated	status	1	reviewed_preserved_or_moved_display:1	Scripts/General/zzAlchemy.lua	"Game.ShowStatusText(""Disease Immunity"")"
Disintegrated	소멸됨	translated	status	1	reviewed_preserved_or_moved_display:1	Scripts/Modules/MawCore/Damage.lua	"Game.ShowStatusText(""Disintegrated"")"
Divine Protection saves you from lethal damage	신성한 보호가 치명적인 피해로부터 당신을 구했습니다	translated	status	1	reviewed_preserved_or_moved_display:1	Scripts/Modules/MawCore/Damage.lua	"Game.ShowStatusText(""Divine Protection saves you from lethal damage"")"
Dungeon Completed!	던전 완료!	translated	status	2	reviewed_preserved_or_moved_display:2	Scripts/General/zzMaw-Monsters.lua	"Game.ShowStatusText(""Dungeon Completed!"")"
"Dungeon Completed!
Reset is possible again."	"던전 완료!
이제 다시 초기화할 수 있습니다."	translated	status	2	reviewed_preserved_or_moved_display:2	Scripts/General/zzMaw-Monsters.lua	"Game.ShowStatusText(""Dungeon Completed!\nReset is possible again."")"
Elementalist Rotation Disabled	원소술사 로테이션 비활성화	translated	status	1	reviewed_preserved_or_moved_display:1	Scripts/General/zzMAW-Skills.lua	"Game.ShowStatusText(""Elementalist Rotation Disabled"")"
Elementalist Rotation Enabled	원소술사 로테이션 활성화	translated	status	1	reviewed_preserved_or_moved_display:1	Scripts/General/zzMAW-Skills.lua	"Game.ShowStatusText(""Elementalist Rotation Enabled"")"
Elementalists learn their spells through practice	원소술사는 실전을 통해 주문을 익힙니다	translated	status	1	reviewed_preserved_or_moved_display:1	Scripts/Modules/MawCore/Classes.lua	"Game.ShowStatusText(""Elementalists learn their spells through practice"")"
empty	비어 있음	translated	status	1	reviewed_preserved_or_moved_display:1	Scripts/Maps/znwc.lua	"Game.ShowStatusText(""empty"")"
Enchantment protects %s from %s	마법 부여가 %s을(를) %s(으)로부터 보호합니다	translated	status	1	reviewed_preserved_or_moved_display:1	Scripts/General/zzMaw-Items.lua	"Game.ShowStatusText(string.format(""Enchantment protects %s from %s"", t.Player.Name, protectionType))"
Entering will reset the dungeon	입장하면 던전이 초기화됩니다	translated	status	1	reviewed_preserved_or_moved_display:1	Scripts/General/zzMaw-Maps.lua	"Game.ShowStatusText(""Entering will reset the dungeon"")"
Fear Immunity	공포 면역	translated	status	1	reviewed_preserved_or_moved_display:1	Scripts/General/zzAlchemy.lua	"Game.ShowStatusText(""Fear Immunity"")"
Fly is allowed without restrictions here	이곳에서는 제한 없이 비행할 수 있습니다	translated	status	1	reviewed_preserved_or_moved_display:1	Scripts/General/zzMaw-Spells.lua	"Game.ShowStatusText(""Fly is allowed without restrictions here"")"
Forced Sleep Immunity	강제 수면 면역	translated	status	1	reviewed_preserved_or_moved_display:1	Scripts/General/zzAlchemy.lua	"Game.ShowStatusText(""Forced Sleep Immunity"")"
Gem power is not enough	보석의 힘이 부족합니다	translated	status	1	reviewed_preserved_or_moved_display:1	Scripts/General/zzAlchemy.lua	"Game.ShowStatusText(""Gem power is not enough"")"
Goblin Reinforcements	고블린 증원군	translated	status	1	reviewed_preserved_or_moved_display:1	Scripts/Maps/7out02.lua	"Game.ShowStatusText(""Goblin Reinforcements"")"
"Greeting adventurer!
Your journey is about to start, but first make sure to check the difficulty settings (ESC-->Controls-->Extra Settings(on the top)-->Bolstering Power)"	"모험가여, 환영합니다!
여정이 곧 시작됩니다. 먼저 난이도 설정을 확인하세요. (ESC-->조작-->추가 설정(상단)-->강화 수치)"	translated	status	1	reviewed_preserved_or_moved_display:1	Scripts/General/zzMaw-Monsters.lua	"Message(""Greeting adventurer!\nYour journey is about to start, but first make sure to check the difficulty settings (ESC-->Controls-->Extra Settings(on the top)-->Bolstering Power)"")"
Health Potion has %s seconds of cooldown remaining	생명력 물약 재사용 대기시간이 %s초 남았습니다	translated	status	1	reviewed_preserved_or_moved_display:1	Scripts/General/zzMAW-Skills.lua	"Game.ShowStatusText(string.format(""Health Potion has %s seconds of cooldown remaining"",vars.healthPotionCooldown))"
Health Potion heals for %s hit points	생명력 물약으로 생명력 %s 회복	translated	status	1	reviewed_preserved_or_moved_display:1	Scripts/General/zzMAW-Skills.lua	"Game.ShowStatusText(string.format(""Health Potion heals for %s hit points"",healAmount))"
Hide remote players UI	다른 플레이어 UI 숨기기	translated	status	1	status_text_call:1	Scripts/Modules/Multiplayer/UI/RemotePlayers.lua	"Game.ShowStatusText(""Hide remote players UI"")"
Host saved the game.	호스트가 게임을 저장했습니다.	translated	status	1	reviewed_preserved_or_moved_display:1	Scripts/Modules/Multiplayer/Synchronization/SaveLoadExit.lua	"Game.ShowStatusText(""Host saved the game."")"
I wouldn't join in your reckless adventure, not even for all the wealth in the world.	그 무모한 모험에는 세상의 모든 부를 준다 해도 함께하지 않겠소.	translated	status	1	reviewed_preserved_or_moved_display:1	Scripts/General/NPCFollowers.lua	"Message(""I wouldn't join in your reckless adventure, not even for all the wealth in the world."")"
In the night the deads rise	밤이 되면 망자들이 일어납니다	translated	status	1	reviewed_preserved_or_moved_display:1	Scripts/Maps/7out05.lua	"Game.ShowStatusText(""In the night the deads rise"")"
Insanity Immunity	광기 면역	translated	status	1	reviewed_preserved_or_moved_display:1	Scripts/General/zzAlchemy.lua	"Game.ShowStatusText(""Insanity Immunity"")"
Invalid Item	잘못된 아이템	translated	status	1	reviewed_preserved_or_moved_display:1	Scripts/General/zzAlchemy.lua	"Game.ShowStatusText(""Invalid Item"")"
Inventory sorted	인벤토리를 정렬했습니다	translated	status	1	reviewed_preserved_or_moved_display:1	Scripts/General/zzMaw-Item-Sorter.lua	"Game.ShowStatusText(""Inventory sorted"")"
It's a trap!	함정이다!	translated	status	1	reviewed_preserved_or_moved_display:1	Scripts/Maps/7d21.lua	"Game.ShowStatusText(""It's a trap!"")"
It's an ambush!	매복이다!	translated	status	1	reviewed_preserved_or_moved_display:1	Scripts/Maps/7out02.lua	"Game.ShowStatusText(""It's an ambush!"")"
Item power reached the limit for your level (	현재 레벨에서 가능한 아이템 위력의 한계에 도달했습니다 (	translated	status	1	status_text_call:1	Scripts/General/zzAlchemy.lua	"Game.ShowStatusText(""Item power reached the limit for your level ("" .. maxChargesCap .. "")"")"
Item quality reached its limit	아이템 품질이 한계에 도달했습니다	translated	status	1	status_text_call:1	Scripts/General/zzAlchemy.lua	"Game.ShowStatusText(""Item quality reached its limit"")"
Learned 	습득: 	translated	status	1	reviewed_preserved_or_moved_display:1	Scripts/Modules/MawCore/Damage.lua	"Message(""Learned "" .. Game.SpellsTxt[spell2].Name)"
Legendary power saves you from lethal damage	전설의 힘이 치명적인 피해로부터 당신을 구했습니다	translated	status	1	reviewed_preserved_or_moved_display:1	Scripts/Modules/MawCore/Damage.lua	"Game.ShowStatusText(""Legendary power saves you from lethal damage"")"
Level 	레벨 	translated	status	1	reviewed_preserved_or_moved_display:1	Scripts/Global/zzMaw_Arena.lua	"Message(""Level "" .. currentArenaLevel .. "" completed!"")"
Loading now will count as death, are you sure to proceed?	지금 불러오면 사망으로 처리됩니다. 계속하시겠습니까?	translated	status	1	reviewed_preserved_or_moved_display:1	Scripts/General/zzMaw-Monsters.lua	"Game.ShowStatusText(""Loading now will count as death, are you sure to proceed?"")"
Madness is not a place for cowards	광란은 겁쟁이가 올 곳이 아닙니다	translated	status	1	reviewed_preserved_or_moved_display:1	Scripts/General/zzMaw-Spells.lua	"Game.ShowStatusText(""Madness is not a place for cowards"")"
Mana Potion has %s seconds of cooldown remaining	마나 물약 재사용 대기시간이 %s초 남았습니다	translated	status	1	reviewed_preserved_or_moved_display:1	Scripts/General/zzMAW-Skills.lua	"Game.ShowStatusText(string.format(""Mana Potion has %s seconds of cooldown remaining"",vars.manaPotionCooldown))"
Mana Potion restores %s mana	마나 물약으로 마나 %s 회복	translated	status	1	reviewed_preserved_or_moved_display:1	Scripts/General/zzMAW-Skills.lua	"Game.ShowStatusText(string.format(""Mana Potion restores %s mana"",spAmount))"
Mana Shield Disabled	마나 방패 비활성화	translated	status	1	reviewed_preserved_or_moved_display:1	Scripts/General/zzMAW-Skills.lua	"Game.ShowStatusText(""Mana Shield Disabled"")"
Mana Shield Enabled	마나 방패 활성화	translated	status	1	reviewed_preserved_or_moved_display:1	Scripts/General/zzMAW-Skills.lua	"Game.ShowStatusText(""Mana Shield Enabled"")"
Map Completed! You gain 	맵 완료! 획득: 	translated	status	2	reviewed_preserved_or_moved_display:2	Scripts/General/zzMaw-Monsters.lua	"Game.ShowStatusText(""Map Completed! You gain "" .. experience .. "" Exp, "" .. gold .. "" Gold and a Crafting Material"")"
Map data reset, press Y to continue...	맵 데이터 초기화 완료. 계속하려면 Y를 누르세요...	translated	status	1	reviewed_preserved_or_moved_display:1	Scripts/General/zzMaw-Stats.lua	"Game.ShowStatusText(""Map data reset, press Y to continue..."")"
Monsters are weakened and can no longer resurrect	몬스터들이 약화되어 더 이상 부활할 수 없습니다	translated	status	2	reviewed_preserved_or_moved_display:2	Scripts/General/zzMaw-Monsters.lua	"Game.ShowStatusText(""Monsters are weakened and can no longer resurrect"")"
Monsters swarming...	몬스터들이 몰려옵니다...	translated	status	1	reviewed_preserved_or_moved_display:1	Scripts/Maps/7d24.lua	"Game.ShowStatusText(""Monsters swarming..."")"
No alchemy preference when sorting	정렬 시 연금술 우선 대상 없음	translated	status	1	reviewed_preserved_or_moved_display:1	Scripts/General/zzMaw-Item-Sorter.lua	"Game.ShowStatusText(""No alchemy preference when sorting"")"
No enchants	마법 부여 없음	translated	status	1	reviewed_preserved_or_moved_display:1	Scripts/General/zzAlchemy.lua	"Game.ShowStatusText(""No enchants"")"
No gem to upgrade	업그레이드할 보석이 없습니다	translated	status	2	reviewed_preserved_or_moved_display:2	Scripts/General/zzMaw-Items.lua	"Game.ShowStatusText(""No gem to upgrade"")"
No other completed dungeon to move this map to	이 지도를 옮길 수 있는 다른 완료된 던전이 없습니다	translated	status	1	status_text_call:1	Scripts/General/zzAlchemy.lua	"Game.ShowStatusText(""No other completed dungeon to move this map to"")"
Noises from the throne room	왕좌실에서 소리가 들려옵니다	translated	status	1	reviewed_preserved_or_moved_display:1	Scripts/Maps/7d29.lua	"Game.ShowStatusText(""Noises from the throne room"")"
Not enough disarm skill	함정 해제 기술이 부족합니다	translated	status	1	reviewed_preserved_or_moved_display:1	Scripts/General/zzMaw-Items.lua	"Game.ShowStatusText(""Not enough disarm skill"")"
Not enough food	식량이 부족합니다	translated	status	1	reviewed_preserved_or_moved_display:1	Scripts/General/zzMaw-Monsters.lua	"Game.ShowStatusText(""Not enough food"")"
Not enough gold.	금화가 부족합니다.	translated	status	1	reviewed_preserved_or_moved_display:1	Scripts/Global/zzMAWRespec.lua	"Message(""Not enough gold."")"
Not enough Hit Points	생명력이 부족합니다	translated	status	1	reviewed_preserved_or_moved_display:1	Scripts/General/zzMaw-Spells.lua	"Game.ShowStatusText(""Not enough Hit Points"")"
Not enough Mana	마나가 부족합니다	translated	status	1	reviewed_preserved_or_moved_display:1	Scripts/General/zzMaw-Spells.lua	"Game.ShowStatusText(""Not enough Mana"")"
Only weapons and armor can be refined	무기와 방어구만 정련할 수 있습니다	translated	status	1	status_text_call:1	Scripts/General/zzAlchemy.lua	"Game.ShowStatusText(""Only weapons and armor can be refined"")"
Out of range	사정거리 밖입니다	translated	status	1	reviewed_preserved_or_moved_display:1	Scripts/General/zzMAW-Skills.lua	"Game.ShowStatusText(""Out of range"")"
Paralysis Immunity	마비 면역	translated	status	1	reviewed_preserved_or_moved_display:1	Scripts/General/zzAlchemy.lua	"Game.ShowStatusText(""Paralysis Immunity"")"
Petrify Immunity	석화 면역	translated	status	1	reviewed_preserved_or_moved_display:1	Scripts/General/zzAlchemy.lua	"Game.ShowStatusText(""Petrify Immunity"")"
Player %s left the game.	플레이어 %s님이 게임을 떠났습니다.	translated	status	1	reviewed_preserved_or_moved_display:1	Scripts/Modules/Multiplayer/Synchronization/SaveLoadExit.lua	"Game.ShowStatusText(string.format(""Player %s left the game."", client.name))"
Player must be active to consume the potion	물약을 마시려면 해당 캐릭터가 활성 상태여야 합니다	translated	status	1	reviewed_preserved_or_moved_display:1	Scripts/General/zzAlchemy.lua	"Game.ShowStatusText(""Player must be active to consume the potion"")"
Player must be in 'touch' range to have item applied.	아이템을 사용하려면 플레이어가 접촉 거리 안에 있어야 합니다.	translated	status	1	status_text_call:1	Scripts/Modules/Multiplayer/UI/RemotePlayers.lua	"Game.ShowStatusText(""Player must be in 'touch' range to have item applied."")"
Poison Immunity	독 면역	translated	status	1	reviewed_preserved_or_moved_display:1	Scripts/General/zzAlchemy.lua	"Game.ShowStatusText(""Poison Immunity"")"
Press R to refresh new items (20000 gold)	새 아이템 갱신: R (20,000 금화)	translated	status	1	reviewed_preserved_or_moved_display:1	Scripts/General/zzMaw-Items.lua	"Game.ShowStatusText(""Press R to refresh new items (20000 gold)"") --not working"
Protection from Magic keeps %s conscious	마법 보호가 %s의 의식을 유지해 줍니다	translated	status	1	status_text_call:1	Scripts/General/zzMaw-Spells.lua	"Game.ShowStatusText(string.format(""Protection from Magic keeps %s conscious"", t.Player.Name))"
Queen Arrived!	여왕이 도착했습니다!	translated	status	1	reviewed_preserved_or_moved_display:1	Scripts/Maps/7d21.lua	"Game.ShowStatusText(""Queen Arrived!"")"
Re-record: enter the data.	재기록: 데이터를 입력하십시오.	translated	status	3	reviewed_preserved_or_moved_display:3	Scripts/Global/Quest_SavingGoobers.lua	"Message(""Re-record: enter the data."")"
Re-record: unable to locate.	재기록: 위치를 찾을 수 없습니다.	translated	status	4	reviewed_preserved_or_moved_display:4	Scripts/Global/Quest_SavingGoobers.lua	"Message(""Re-record: unable to locate."")"
Refreshing!	갱신 중!	translated	status	1	reviewed_preserved_or_moved_display:1	Scripts/Maps/7out01.lua	"Game.ShowStatusText (""Refreshing!"")         -- ""Refreshing!"""
Repaired	수리 완료	translated	status	1	reviewed_preserved_or_moved_display:1	Scripts/General/zzMAW-Skills.lua	"Game.ShowStatusText(""Repaired"")"
Resistance Ignored	저항 무시	translated	status	1	reviewed_preserved_or_moved_display:1	Scripts/Global/zzMaw_Mapping.lua	"Game.ShowStatusText(""Resistance Ignored"")"
Shared Life heals for 	생명 공유 회복량: 	translated	status	2	reviewed_preserved_or_moved_display:2	Scripts/General/zzMaw-Spells.lua	"Game.ShowStatusText(string.format(""Shared Life heals for "" .. round(totHeal) .. "" Hit points(crit)""))"
Show remote players UI	다른 플레이어 UI 표시	translated	status	1	status_text_call:1	Scripts/Modules/Multiplayer/UI/RemotePlayers.lua	"Game.ShowStatusText(""Show remote players UI"")"
Spell Failed	주문 실패	translated	status	1	status_text_call:1	Scripts/General/zzMaw-Spells.lua	"Game.ShowStatusText(""Spell Failed"")"
SUPREME UNLOCKED!!!	최상위 숙련 해금!!!	translated	status	1	reviewed_preserved_or_moved_display:1	Scripts/General/zzMAW-Skills.lua	"Game.ShowStatusText(""SUPREME UNLOCKED!!!"")"
Target is out of sight.	대상이 시야 밖에 있습니다.	translated	status	1	reviewed_preserved_or_moved_display:1	Scripts/Modules/Multiplayer/UI/RemotePlayers.lua	"Multiplayer.utils.delayed_call(Game.ShowStatusText, 2,""Target is out of sight."")"
Target is too far away.	대상이 너무 멀리 있습니다.	translated	status	1	reviewed_preserved_or_moved_display:1	Scripts/Modules/Multiplayer/UI/RemotePlayers.lua	"Multiplayer.utils.delayed_call(Game.ShowStatusText, 2, ""Target is too far away."")"
Teleported 	순간이동: 	translated	status	3	reviewed_preserved_or_moved_display:3	Scripts/General/zzMaw-Monsters.lua	"Game.ShowStatusText(""Teleported "" .. count .. "" monsters"")"
The night is dark and full of terrors	밤은 어둡고 공포로 가득하다	translated	status	1	reviewed_preserved_or_moved_display:1	Scripts/Maps/7out05.lua	"Game.ShowStatusText(""The night is dark and full of terrors"")"
This corpse has no more gold.	이 시체에는 더 이상 금화가 없습니다.	translated	status	1	status_text_call:1	Scripts/Modules/Multiplayer/Synchronization/Players/Monster.lua	"Game.ShowStatusText(""This corpse has no more gold."")"
This item cannot be applied to player remotely.	이 아이템은 다른 플레이어에게 원격으로 사용할 수 없습니다.	translated	status	1	status_text_call:1	Scripts/Modules/Multiplayer/UI/RemotePlayers.lua	"Game.ShowStatusText(""This item cannot be applied to player remotely."")"
This potion has not enough power	이 물약의 위력이 부족합니다	translated	status	5	reviewed_preserved_or_moved_display:5	Scripts/General/zzAlchemy.lua; Scripts/Global/zzMAWPotions.lua	"Game.ShowStatusText(""This potion has not enough power"")"
This skill has reached its limit (	이 기술이 한계에 도달했습니다 (	translated	status	1	status_text_call:1	Scripts/General/zzMAW-Skills.lua	"Game.ShowStatusText(""This skill has reached its limit ("" .. cap .. "")"")"
Unconscious Immunity	의식불명 면역	translated	status	1	reviewed_preserved_or_moved_display:1	Scripts/General/zzAlchemy.lua	"Game.ShowStatusText(""Unconscious Immunity"")"
We have no more items to trade for kegs	술통으로 교환할 아이템이 더 이상 없습니다	translated	status	3	reviewed_preserved_or_moved_display:3	Scripts/Global/GLOBAL.lua	"Message(""We have no more items to trade for kegs"")"
We have no more items to trade for pyramids	피라미드로 교환할 아이템이 더 이상 없습니다	translated	status	3	reviewed_preserved_or_moved_display:3	Scripts/Global/GLOBAL.lua	"Message(""We have no more items to trade for pyramids"")"
Weakness Immunity	쇠약 면역	translated	status	1	reviewed_preserved_or_moved_display:1	Scripts/General/zzAlchemy.lua	"Game.ShowStatusText(""Weakness Immunity"")"
"Welcome to the Nightmare...
Good luck.. you will need"	"악몽에 온 것을 환영합니다...
행운을 빕니다... 필요할 겁니다"	translated	status	1	reviewed_preserved_or_moved_display:1	Scripts/General/zzMaw-Monsters.lua	"Message(""Welcome to the Nightmare...\nGood luck.. you will need"")"
You found 	획득: 	translated	status	1	reviewed_preserved_or_moved_display:1	Scripts/General/zzMaw-Items.lua	"Game.ShowStatusText(""You found "" .. itemGold+goldGained .. "" gold! ("" .. tierList[itemPower] .. "" "" .. Game.ItemsTxt[itemID].NotIdentifiedName .. "" filtered)"")"
You found an item (	아이템을 발견했습니다 (	translated	status	1	status_text_call:1	Scripts/General/zzzMaw_CraftingBag.lua	"Game.ShowStatusText(""You found an item ("" .. displayName .. "")!"" .. who)"
You Heal for 	회복량: 	translated	status	10	reviewed_preserved_or_moved_display:10	Scripts/General/zzMaw-Spells.lua	"Game.ShowStatusText(string.format(""You Heal for "" .. round(totHeal) .. "" Hit points(crit)""))"
You heal the party for 	파티 회복량: 	translated	status	2	reviewed_preserved_or_moved_display:2	Scripts/General/zzMaw-Spells.lua	"Game.ShowStatusText(""You heal the party for "" .. tooltipHeal .. "" hit points (crit)"")"
YOU LEARNED RETALIATION!!	반격을 습득했습니다!!	translated	status	1	reviewed_preserved_or_moved_display:1	Scripts/General/zzMAW-Skills.lua	"Game.ShowStatusText(""YOU LEARNED RETALIATION!!"")"
You must prove your worth first	먼저 자신의 가치를 증명해야 합니다	translated	status	1	reviewed_preserved_or_moved_display:1	Scripts/Maps/outb3.lua	"Game.ShowStatusText(""You must prove your worth first"")"
You need a key to teleport to Emerald Island.	에메랄드 섬으로 순간이동하려면 열쇠가 필요합니다.	translated	status	1	reviewed_preserved_or_moved_display:1	Scripts/Maps/7out02.lua	"Game.ShowStatusText(""You need a key to teleport to Emerald Island."")  -- ""You need a key to teleport to Emerald Island."""
You need a key to teleport to Erathia.	에라시아로 순간이동하려면 열쇠가 필요합니다.	translated	status	1	reviewed_preserved_or_moved_display:1	Scripts/Maps/7out05.lua	"Game.ShowStatusText(""You need a key to teleport to Erathia."")  -- ""You need a key to teleport to Erathia."""
You need a key to teleport to Evenmorn Island.	이븐모른 섬으로 순간이동하려면 열쇠가 필요합니다.	translated	status	1	reviewed_preserved_or_moved_display:1	Scripts/Maps/7out02.lua	"Game.ShowStatusText(""You need a key to teleport to Evenmorn Island."")  -- ""You need a key to teleport to Evenmorn Island."""
You need a key to use this hub. Talk to Illene Farswell.	이 허브를 사용하려면 열쇠가 필요합니다. 일린 파스웰과 대화하세요.	translated	status	1	reviewed_preserved_or_moved_display:1	Scripts/Maps/7out02.lua	"Game.ShowStatusText(""You need a key to use this hub. Talk to Illene Farswell."")     -- ""You need a key to use this hub. Talk to Illene Farswell!"""
Your level is too low (Level 	레벨이 너무 낮습니다 (필요 레벨 	translated	status	2	reviewed_preserved_or_moved_display:2	Scripts/General/zzAlchemy.lua	"Game.ShowStatusText(""Your level is too low (Level "" .. levelRequired .. "" required)"")"
Your skill points has been reset!	기술 포인트가 초기화되었습니다!	translated	status	1	reviewed_preserved_or_moved_display:1	Scripts/Global/zzMAWRespec.lua	"Message(""Your skill points has been reset!"")"
Charm	매혹	translated	table	1	reviewed_preserved_or_moved_display:1	Scripts/General/zzMaw-Monsters.lua	"[const.MonsterBuff.Charm] = ""Charm"","
Dodging	회피	translated	table	1	reviewed_preserved_or_moved_display:1	Scripts/General/zzClasses.lua	"Skillz.setName(32,""Dodging"")"
Enslave	노예화	translated	table	1	reviewed_preserved_or_moved_display:1	Scripts/General/zzMaw-Monsters.lua	"[const.MonsterBuff.Enslave] = ""Enslave"","
Meditation	명상	translated	table	1	reviewed_preserved_or_moved_display:1	Scripts/General/zzMaw-Spells.lua	"sp.Name = ""Meditation"""
Paralyze	마비	translated	table	1	reviewed_preserved_or_moved_display:1	Scripts/General/zzMaw-Monsters.lua	"[const.MonsterBuff.Paralyze] = ""Paralyze"","
Unarmed	맨손 전투	translated	table	1	reviewed_preserved_or_moved_display:1	Scripts/General/zzClasses.lua	"Skillz.setName(33,""Unarmed"")"
"

Best step already taken: "	"

기존에 적용된 최고 단계: "	translated	tooltip	1	reviewed_preserved_or_moved_display:1	Scripts/Modules/MawCore/Tooltip.lua	"t.Description=t.Description .. ""\n\nBest step already taken: "" .. reached"
"

Control Spell duration is reduced by monster level but increased by Ascension; Recovery time is reduced by Spell Skill. Duration shown is against a level "	"

제어 주문의 지속시간은 몬스터 레벨에 따라 감소하고 승천으로 증가합니다. 회복 시간은 주문 기술에 따라 감소합니다. 표시된 지속시간의 대상 몬스터 레벨: "	translated	tooltip	1	proven_game_display_assignment:1	Scripts/General/zzMaw-Spells.lua	"Game.SpellsTxt[i].Description=oldSpellTooltips[i] .. ""\n\nControl Spell duration is reduced by monster level but increased by Ascension; Recovery time is reduced by Spell Skill. Duration shown is against a level "" .. pl.LevelBase .. "" monster. Control duration against bosses is halved.\n\nRecovery time: "" .. speed"
"

Expert has 1 hour limit per skill point, Master has 1 day per skill point, Grand has not time limit."	"

전문가는 기술 포인트당 1시간, 마스터는 기술 포인트당 1일의 제한이 있으며 그랜드마스터는 시간 제한이 없습니다."	translated	tooltip	1	reviewed_preserved_or_moved_display:1	Scripts/General/zzMaw-Spells.lua	"Game.SpellsTxt[49].Description=string.format(Game.SpellsTxt[49].Description .. ""\n\nExpert has 1 hour limit per skill point, Master has 1 day per skill point, Grand has not time limit."")"
"

Health Reserved: "	"

예약 생명력: "	translated	tooltip	2	reviewed_preserved_or_moved_display:2	Scripts/General/zzMaw-Spells.lua	"Game.SpellsTxt[sp].Description=Game.SpellsTxt[sp].Description .. ""\n\nHealth Reserved: "" .. StrColor(0,255,0,percent .. ""%"" .. txt)"
"

Increases Charges by "	"

충전 횟수 증가: "	translated	tooltip	1	reviewed_preserved_or_moved_display:1	Scripts/Modules/MawCore/Tooltip.lua	"t.Description=t.Description .. StrColor(255,255,30, ""\n\nIncreases Charges by "" .. t.Item.BonusStrength)"
"

Mana Reserved: "	"

예약 마나: "	translated	tooltip	2	reviewed_preserved_or_moved_display:2	Scripts/General/zzMaw-Spells.lua	"Game.SpellsTxt[sp].Description=Game.SpellsTxt[sp].Description .. ""\n\nMana Reserved: "" .. StrColor(0,100,255,percent .. ""%"" .. txt)"
"

Press alt to show recipe list"	"

조합법 목록을 보려면 Alt를 누르세요"	translated	tooltip	1	reviewed_preserved_or_moved_display:1	Scripts/Modules/MawCore/Tooltip.lua	"t.Description=t.Description .. StrColor(100,100,100,""\n\nPress alt to show recipe list"")"
"

Recovery time: "	"

회복 시간: "	translated	tooltip	4	reviewed_preserved_or_moved_display:4	Scripts/General/zzMaw-Spells.lua	"Game.SpellsTxt[i].Description=Game.SpellsTxt[i].Description .. ""\n\nRecovery time: "" .. speed"
"

This Ability requires "	"

이 능력을 사용하려면 "	translated	tooltip	1	reviewed_preserved_or_moved_display:1	Scripts/Modules/MawCore/Classes.lua	"Game.SpellsTxt[key].Description=Game.SpellsTxt[key].Description .. ""\n\nThis Ability requires "" .. assassinSpells[key].StackCost .. "" Combo Points to be casted."""
"

You need at least "	"

이 책을 열려면 최소 "	translated	tooltip	2	reviewed_preserved_or_moved_display:2	Scripts/General/zzMAW-Skills.lua; Scripts/Modules/MawCore/Tooltip.lua	"text=text .. ""\n\nYou need at least "" .. req .. "" skill and "" .. cost .. "" gold."""
"
The Celestial Orb allows the transfer of celestial essence from one item to another, preserving the divine property while freeing the original item of its blessing.

(right-click on a celestial item to extract its power charging the Celestial orb, then right-click on a non celestial item to transfer its power.)"	"
천상의 오브는 한 아이템의 천상 정수를 다른 아이템으로 옮겨, 신성한 속성을 보존하면서 원래 아이템에서 그 축복을 제거할 수 있습니다.

(천상 아이템을 우클릭하면 힘을 추출해 천상의 오브를 충전하고, 이후 천상이 아닌 아이템을 우클릭하면 그 힘을 이전합니다.)"	translated	tooltip	1	reviewed_preserved_or_moved_display:1	Scripts/Modules/MawCore/Tooltip.lua	"t.Description=""\nThe Celestial Orb allows the transfer of celestial essence from one item to another, preserving the divine property while freeing the original item of its blessing.\n\n(right-click on a celestial item to extract its power charging the Celestial orb, then right-click on a non celestial item to transfer its power.)"""
 bonus to Meditation skill for 6 hours.	 (6시간)	translated	tooltip	1	formatted_colored_text:1	Scripts/Modules/MawCore/Tooltip.lua	"t.Description=""Grants "" .. StrColor(0,0,200,math.ceil(power^0.5/1.5) + 1) .. "" bonus to Meditation skill for 6 hours."""
" can only be made by upgrading with U.

Tier: "	"단계는 U 키를 눌러 합성해야만 만들 수 있습니다.

등급: "	translated	tooltip	1	formatted_colored_text:1	Scripts/Modules/MawCore/Tooltip.lua	"t.Description = ""A special Gem that allows to increase an item Enchant Strength (right-click on an item with a base enchant to use)\nMax Power is the highest Enchant Strength a Primordial item can roll, scaled by the gem tier.\n\nIt is possible to upgrade 3 gems into 1 of upper tier by pressing U in the inventory page.\nGems drop only up to tier "" .. GEM_DROP_MAX_TIER .. "": tiers "" .. GEM_DROP_MAX_TIER+1 .. ""-"" .. GEM_TIERS .. "" can only be made by upgrading with U.\n\nTier: "" .. StrColor(255, 1"
 Combo Points to be casted.	 콤보 포인트가 필요합니다.	translated	tooltip	1	reviewed_preserved_or_moved_display:1	Scripts/Modules/MawCore/Classes.lua	"Game.SpellsTxt[key].Description=Game.SpellsTxt[key].Description .. ""\n\nThis Ability requires "" .. assassinSpells[key].StackCost .. "" Combo Points to be casted."""
" monster. Control duration against bosses is halved.

Recovery time: "	". 우두머리 상대 제어 지속시간은 절반입니다.

회복 시간: "	translated	tooltip	1	proven_game_display_assignment:1	Scripts/General/zzMaw-Spells.lua	"Game.SpellsTxt[i].Description=oldSpellTooltips[i] .. ""\n\nControl Spell duration is reduced by monster level but increased by Ascension; Recovery time is reduced by Spell Skill. Duration shown is against a level "" .. pl.LevelBase .. "" monster. Control duration against bosses is halved.\n\nRecovery time: "" .. speed"
 skill in 	 단계 이상의 	translated	tooltip	1	reviewed_preserved_or_moved_display:1	Scripts/Modules/MawCore/Tooltip.lua	"t.Description=t.Description .. StrColor(255,0,0, ""\n\nYou need at least "" .. mastery[m] .. "" skill in "" ..  name .. "" to open the book"")"
 Spell Points	 주문력	translated	tooltip	2	formatted_colored_text:2	Scripts/Modules/MawCore/Tooltip.lua	"t.Description=StrColor(255,255,153,""Restores "" .. GetPotionHeal(223, power) .. "" Spell Points"") .. ""\n"" .. t.Description"
 to open the book	 기술이 필요합니다	translated	tooltip	1	reviewed_preserved_or_moved_display:1	Scripts/Modules/MawCore/Tooltip.lua	"t.Description=t.Description .. StrColor(255,0,0, ""\n\nYou need at least "" .. mastery[m] .. "" skill in "" ..  name .. "" to open the book"")"
% and making him unable to act for 4 seconds	%의 피해를 주고 4초 동안 행동할 수 없게 합니다.	translated	tooltip	1	reviewed_preserved_or_moved_display:1	Scripts/Modules/MawCore/Classes.lua	"Game.SpellsTxt[76].Description=""Asphyxiate the target deal damage equal to "" .. (mult76[3]*100) .. ""% and making him unable to act for 4 seconds"""
% of current weapon damage.	% (현재 무기 피해 기준).	translated	tooltip	3	reviewed_preserved_or_moved_display:3	Scripts/Modules/MawCore/Classes.lua	"Game.SpellsTxt[26].Description=""This spell is exclusive to Death Knights and deals damage equal to "" .. (mult26[1]*100) .. ""% of current weapon damage."""
% of the base weapon damage	% (기본 무기 피해 기준)	translated	tooltip	1	reviewed_preserved_or_moved_display:1	Scripts/Modules/MawCore/Classes.lua	"Game.SpellsTxt[90].Description=""A deadly spell capable to heal the caster upon hitting the target by an amount equal to double the Life leech enchant. Deals damage equal to "" .. (mult90[1]*100) .. ""% of the base weapon damage"""
% of weapon damage	% (무기 피해 기준)	translated	tooltip	1	reviewed_preserved_or_moved_display:1	Scripts/Modules/MawCore/Classes.lua	"Game.SpellsTxt[97].Description=""A lethal explosion dealing huge damage to all monsters in the area. Can be used safely also in close combat.\nDeals damage equal to "" .. (mult97[1]*100) .. ""% of weapon damage"""
"%s
	070Each spear attack makes the target take %s%% more physical damage, stacking until it dies
Increased by 50%% with Halberds"	"%s
	070창 공격마다 대상이 받는 물리 피해가 %s%% 증가하며, 죽을 때까지 중첩됩니다.
미늘창 사용 시 효과가 50%% 증가합니다"	translated	tooltip	1	reviewed_preserved_or_moved_display:1	Scripts/Modules/MawCore/SkillTooltip.lua	"return string.format(""%s\n\t070Each spear attack makes the target take %s%% more physical damage, stacking until it dies\nIncreased by 50%% with Halberds"", baseSpearTooltip, damageIncrease)"
"%s

Bonus Melee/Bow Damage: %s%s"	"%s

근접/활 추가 피해: %s%s"	translated	tooltip	1	proven_stat_tooltip_text:1	Scripts/General/zzMaw-Stats.lua	"t.Text=string.format(""%s\n\nBonus Melee/Bow Damage: %s%s"",Game.StatsDescriptions[0],bonus,""%"")"
"%s

Critical melee and bow strike damage bonus: %s%s"	"%s

근접 및 활 치명타 피해 보너스: %s%s"	translated	tooltip	1	reviewed_preserved_or_moved_display:1	Scripts/General/zzMaw-Stats.lua	"t.Text=string.format(""%s\n\nCritical melee and bow strike damage bonus: %s%s"",Game.StatsDescriptions[4],critDmg*100-100,""%"")"
"%s

Critical strike chance vs level %s: %s%%"	"%s

레벨 %s 상대 치명타 확률: %s%%"	translated	tooltip	1	proven_stat_tooltip_text:1	Scripts/General/zzMaw-Stats.lua	"t.Text=string.format(""%s\n\nCritical strike chance vs level %s: %s%%"",Game.StatsDescriptions[6],lvl,critChance)"
"%s

Critical strike chance vs level %s: %s%%(%s%% with dagger)"	"%s

레벨 %s 상대 치명타 확률: %s%% (단검 사용 시 %s%%)"	translated	tooltip	1	proven_stat_tooltip_text:1	Scripts/General/zzMaw-Stats.lua	"t.Text=string.format(""%s\n\nCritical strike chance vs level %s: %s%%(%s%% with dagger)"",Game.StatsDescriptions[6],lvl,critChance, daggerCritBonus)"
"%s

Dodge chance: %s%%"	"%s

회피 확률: %s%%"	translated	tooltip	1	reviewed_preserved_or_moved_display:1	Scripts/General/zzMaw-Stats.lua	"t.Text=string.format(""%s\n\nDodge chance: %s%%"",Game.StatsDescriptions[5],math.floor(dodgeChance*1000)/10)"
"%s

Health bonus from Endurance: %s%s

Flat HP bonus from Endurance: %s"	"%s

지구력으로 얻는 생명력 보너스: %s%s

지구력으로 얻는 고정 생명력 보너스: %s"	translated	tooltip	1	proven_stat_tooltip_text:1	Scripts/General/zzMaw-Stats.lua	"t.Text=string.format(""%s\n\nHealth bonus from Endurance: %s%s\n\nFlat HP bonus from Endurance: %s"",Game.StatsDescriptions[3],round(endurance/STAT_DAMAGE_DIVISOR*1000)/10,""%"",Game.GetStatisticEffect(endurance)*HPScaling)"
: tiers 	단계까지만 드롭됩니다. 	translated	tooltip	1	formatted_colored_text:1	Scripts/Modules/MawCore/Tooltip.lua	"t.Description = ""A special Gem that allows to increase an item Enchant Strength (right-click on an item with a base enchant to use)\nMax Power is the highest Enchant Strength a Primordial item can roll, scaled by the gem tier.\n\nIt is possible to upgrade 3 gems into 1 of upper tier by pressing U in the inventory page.\nGems drop only up to tier "" .. GEM_DROP_MAX_TIER .. "": tiers "" .. GEM_DROP_MAX_TIER+1 .. ""-"" .. GEM_TIERS .. "" can only be made by upgrading with U.\n\nTier: "" .. StrColor(255, 1"
A deadly spell capable to heal the caster upon hitting the target by an amount equal to double the Life leech enchant. Deals damage equal to 	대상을 적중하면 생명력 흡수 마법 부여 효과의 두 배만큼 시전자의 생명력을 회복시키는 치명적인 주문입니다. 피해량: 	translated	tooltip	1	reviewed_preserved_or_moved_display:1	Scripts/Modules/MawCore/Classes.lua	"Game.SpellsTxt[90].Description=""A deadly spell capable to heal the caster upon hitting the target by an amount equal to double the Life leech enchant. Deals damage equal to "" .. (mult90[1]*100) .. ""% of the base weapon damage"""
"A lethal explosion dealing huge damage to all monsters in the area. Can be used safely also in close combat.
Deals damage equal to "	"치명적인 폭발을 일으켜 범위 내 모든 몬스터에게 막대한 피해를 줍니다. 근접전에서도 안전하게 사용할 수 있습니다.
피해량은 무기 피해의 "	translated	tooltip	1	reviewed_preserved_or_moved_display:1	Scripts/Modules/MawCore/Classes.lua	"Game.SpellsTxt[97].Description=""A lethal explosion dealing huge damage to all monsters in the area. Can be used safely also in close combat.\nDeals damage equal to "" .. (mult97[1]*100) .. ""% of weapon damage"""
A poisonous cloud of noxious gases is formed in front of the caster and moves slowly away from your characters.  The cloud does %s points of damage plus 1-%s per point of skill in Dark Magic and lasts until something runs into it.	시전자 앞에 유독 가스 구름을 만들어 파티에서 천천히 멀어지게 합니다. 구름은 %s의 기본 피해와 어둠 마법 기술 포인트당 1-%s의 추가 피해를 주며, 대상과 충돌할 때까지 유지됩니다.	translated	tooltip	1	reviewed_preserved_or_moved_display:1	Scripts/General/zzMaw-Spells.lua	"Game.SpellsTxt[90].Description=string.format(""A poisonous cloud of noxious gases is formed in front of the caster and moves slowly away from your characters.  The cloud does %s points of damage plus 1-%s per point of skill in Dark Magic and lasts until something runs into it."",dmgAddTooltip(s, m,90),diceMaxTooltip(s, m,90))"
"A special Gem that allows to increase an item Enchant Strength (right-click on an item with a base enchant to use)
Max Power is the highest Enchant Strength a Primordial item can roll, scaled by the gem tier.

It is possible to upgrade 3 gems into 1 of upper tier by pressing U in the inventory page.
Gems drop only up to tier "	"아이템의 마법부여 강도를 높이는 특수 보석입니다 (기본 마법부여가 있는 아이템을 우클릭하여 사용).
최대 위력은 태고 아이템에 붙을 수 있는 최대 마법부여 강도이며, 보석 등급에 따라 달라집니다.

인벤토리 화면에서 U 키를 누르면 보석 3개를 상위 등급 1개로 합성할 수 있습니다.
보석은 "	translated	tooltip	1	formatted_colored_text:1	Scripts/Modules/MawCore/Tooltip.lua	"t.Description = ""A special Gem that allows to increase an item Enchant Strength (right-click on an item with a base enchant to use)\nMax Power is the highest Enchant Strength a Primordial item can roll, scaled by the gem tier.\n\nIt is possible to upgrade 3 gems into 1 of upper tier by pressing U in the inventory page.\nGems drop only up to tier "" .. GEM_DROP_MAX_TIER .. "": tiers "" .. GEM_DROP_MAX_TIER+1 .. ""-"" .. GEM_TIERS .. "" can only be made by upgrading with U.\n\nTier: "" .. StrColor(255, 1"
Acid burst squirts a jet of extremely caustic acid at a single victim.  It always hits and does %s points of damage plus 1-%s per point of skill.	단일 대상에게 강한 부식성 산을 분사합니다. 항상 명중하며 %s의 기본 피해와 기술 포인트당 1-%s의 추가 피해를 줍니다.	translated	tooltip	1	reviewed_preserved_or_moved_display:1	Scripts/General/zzMaw-Spells.lua	"Game.SpellsTxt[29].Description=string.format(""Acid burst squirts a jet of extremely caustic acid at a single victim.  It always hits and does %s points of damage plus 1-%s per point of skill."",dmgAddTooltip(s, m,29),diceMaxTooltip(s, m,29))"
Acid burst squirts a jet of extremely caustic acid at a single victim.  It always hits and does %s%% of a melee attack damage.	단일 대상에게 강한 부식성 산을 분사합니다. 항상 명중하며 근접 공격 피해의 %s%%만큼 피해를 줍니다.	translated	tooltip	1	reviewed_preserved_or_moved_display:1	Scripts/Modules/MawCore/Classes.lua	"Game.SpellsTxt[29].Description=string.format(""Acid burst squirts a jet of extremely caustic acid at a single victim.  It always hits and does %s%% of a melee attack damage."",assassinSpells[29].DamageMult*100)"
Activating this spell imbues the knight body with blood, leeching life upon attacking at the cost of 6 spell points.	이 주문을 활성화하면 기사의 몸에 피의 힘을 부여하여 공격할 때마다 생명력을 흡수합니다. 주문력 6을 소모합니다.	translated	tooltip	1	reviewed_preserved_or_moved_display:1	Scripts/Modules/MawCore/Classes.lua	"Game.SpellsTxt[68].Description=""Activating this spell imbues the knight body with blood, leeching life upon attacking at the cost of 6 spell points."""
Activating this spell imbues the knight essence with blood, leeching a superior amount of life upon attacking at the cost of 12 spell points.	이 주문을 활성화하면 기사의 본질에 피의 힘을 부여하여 공격할 때 더 많은 생명력을 흡수합니다. 주문력 12를 소모합니다.	translated	tooltip	1	reviewed_preserved_or_moved_display:1	Scripts/Modules/MawCore/Classes.lua	"Game.SpellsTxt[74].Description=""Activating this spell imbues the knight essence with blood, leeching a superior amount of life upon attacking at the cost of 12 spell points."""
Activating this spell imbues the knight's body with dark powers. Every melee hit costs %d spell points and leaves the target dealing %d%% less damage for %gs, refreshed on each hit.	이 주문을 활성화하면 기사의 몸에 어둠의 힘이 깃듭니다. 근접 공격이 명중할 때마다 주문력을 %d 소모하며, 대상이 주는 피해를 %d%% 감소시킵니다. 효과는 %g초 동안 지속되며 명중할 때마다 갱신됩니다.	translated	tooltip	1	proven_game_display_assignment:1	Scripts/Modules/MawCore/Classes.lua	"Game.SpellsTxt[96].Description=string.format(""Activating this spell imbues the knight's body with dark powers. Every melee hit costs %d spell points and leaves the target dealing %d%% less damage for %gs, refreshed on each hit."","
Among the strongest direct damage spells available, Incinerate inflicts massive damage on a single target.  Only the strongest of monsters can expect to survive this spell.  Damage is %s points plus 1-%s per point of skill in Fire Magic.	가장 강력한 단일 대상 피해 주문 중 하나입니다. 소각은 한 대상에게 막대한 피해를 주며, 매우 강한 몬스터만이 살아남을 수 있습니다. 피해량은 %s + 화염 마법 기술 포인트당 1-%s입니다.	translated	tooltip	1	reviewed_preserved_or_moved_display:1	Scripts/General/zzMaw-Spells.lua	"Game.SpellsTxt[11].Description=string.format(""Among the strongest direct damage spells available, Incinerate inflicts massive damage on a single target.  Only the strongest of monsters can expect to survive this spell.  Damage is %s points plus 1-%s per point of skill in Fire Magic."",dmgAddTooltip(s, m,11),diceMaxTooltip(s, m,11))"
Apply to player:	사용할 플레이어:	translated	tooltip	1	display_field_assignment:1	Scripts/Modules/Multiplayer/UI/RemotePlayers.lua	"local Tooltip = PropText(""Apply to player:"", MMPatch_UI and 132 or 0, (MMPatch_UI and 320 or 66) + 46)"
Asphyxiate the target deal damage equal to 	대상을 질식시킵니다. 피해량: 	translated	tooltip	1	reviewed_preserved_or_moved_display:1	Scripts/Modules/MawCore/Classes.lua	"Game.SpellsTxt[76].Description=""Asphyxiate the target deal damage equal to "" .. (mult76[3]*100) .. ""% and making him unable to act for 4 seconds"""
Calls stars from the heavens to smite and burn your enemies.  Twenty stars are called, and the damage for each star is %s points plus %s per point of skill in Air Magic. Try not to get caught in the blast! This spell only works outdoors.	하늘의 별을 불러 적을 강타하고 불태웁니다. 20개의 별이 떨어지며, 별 하나당 %s + 공기 마법 기술 포인트당 %s의 피해를 줍니다. 폭발에 휘말리지 않게 주의하십시오. 야외에서만 사용할 수 있습니다.	translated	tooltip	1	reviewed_preserved_or_moved_display:1	Scripts/General/zzMaw-Spells.lua	"Game.SpellsTxt[22].Description=string.format(""Calls stars from the heavens to smite and burn your enemies.  Twenty stars are called, and the damage for each star is %s points plus %s per point of skill in Air Magic. Try not to get caught in the blast! This spell only works outdoors."",dmgAddTooltip(s, m,22),diceMaxTooltip(s, m,22))"
Calls upon the power of heaven to undo the evil magic that extends the lives of the undead, inflicting %s points of damage plus 1-%s per point of skill in Light Magic upon a single, unlucky target.  This spell only works on the undead.	천상의 힘으로 언데드의 생명을 연장하는 사악한 마법을 끊어, 단일 언데드 대상에게 %s + 빛 마법 기술 포인트당 1-%s의 피해를 줍니다. 언데드에게만 효과가 있습니다.	translated	tooltip	1	reviewed_preserved_or_moved_display:1	Scripts/General/zzMaw-Spells.lua	"Game.SpellsTxt[79].Description=string.format(""Calls upon the power of heaven to undo the evil magic that extends the lives of the undead, inflicting %s points of damage plus 1-%s per point of skill in Light Magic upon a single, unlucky target.  This spell only works on the undead."",dmgAddTooltip(s, m,79),diceMaxTooltip(s, m,79))"
Causes 1-%s points of damage per point of skill, 5 spikes maximum	기술 포인트당 1-%s의 피해를 주며, 화염 가시는 최대 5개까지 설치할 수 있습니다	translated	tooltip	3	reviewed_preserved_or_moved_display:3	Scripts/General/zzMaw-Spells.lua	"Game.SpellsTxt[7].Expert=string.format(""Causes 1-%s points of damage per point of skill, 5 spikes maximum"",diceMaxTooltip(s, m,7))"
Causes your party weapons to burn with a magical fire, giving the weapons fire enchant, on top of any other enchants	파티의 무기에 마법의 불꽃을 둘러 기존 마법부여와 별개로 화염 마법부여를 추가합니다.	translated	tooltip	1	reviewed_preserved_or_moved_display:1	Scripts/General/zzMaw-Spells.lua	"sp.Description = string.format(""Causes your party weapons to burn with a magical fire, giving the weapons fire enchant, on top of any other enchants"")"
Celestial orb is charged and it's ready to grant celestial powers to any non-Artifact Equipment	천상 오브의 충전이 완료되어 유물이 아닌 장비에 천상의 힘을 부여할 준비가 되었습니다	translated	tooltip	1	reviewed_preserved_or_moved_display:1	Scripts/Modules/MawCore/Tooltip.lua	"t.Description = t.Description .. ""\n\n"" .. StrColor(120, 240, 255,""Celestial orb is charged and it's ready to grant celestial powers to any non-Artifact Equipment"")"
Charges: 	충전 횟수: 	translated	tooltip	1	reviewed_preserved_or_moved_display:1	Scripts/Modules/MawCore/Tooltip.lua	"t.Description=StrColor(255,255,153,""Charges: "" .. charges) .. ""\n\n"" .. t.Description"
"Closed hosts accept only direct connections.
  
Open LAN hosts are discoverable in local network
  
Open internet hosts publish themselves on accessible Lobby servers."	"비공개 서버는 직접 연결만 허용합니다.
  
공개 LAN 서버는 로컬 네트워크에서 찾을 수 있습니다.
  
인터넷 공개 서버는 접속 가능한 로비 서버에 등록됩니다."	translated	tooltip	1	proven_customui_tooltip:1	Scripts/Modules/Multiplayer/UI/Lobby.lua	"CustomUI.DisplayTooltip(""Closed hosts accept only direct connections.\n  \nOpen LAN hosts are discoverable in local network\n  \nOpen internet hosts publish themselves on accessible Lobby servers."", 30)"
"Creator's Hourglass and Eye of the void can be used to unlock new affixes, Crafting Cube to change the Map and emerald of power to increase the map Level.
Using this map will teleport you to the entrance."	"창조자의 모래시계와 공허의 눈으로 새 속성을 해금하고, 제작 큐브로 지도를 변경하며, 힘의 에메랄드로 지도 레벨을 높일 수 있습니다.
이 지도를 사용하면 입구로 순간이동합니다."	translated	tooltip	1	reviewed_preserved_or_moved_display:1	Scripts/Modules/MawCore/Tooltip.lua	"t.Description=""\n"" .. txt .. ""Creator's Hourglass and Eye of the void can be used to unlock new affixes, Crafting Cube to change the Map and emerald of power to increase the map Level.\nUsing this map will teleport you to the entrance."""
Damage 1-%s per point of skill	기술 포인트당 피해 1-%s	translated	tooltip	2	reviewed_preserved_or_moved_display:2	Scripts/General/zzMaw-Spells.lua	"Game.SpellsTxt[111].Master=string.format(""Damage 1-%s per point of skill"",round(diceMaxTooltip(s, m,111)/3*5))"
Description:	설명:	translated	tooltip	1	reviewed_preserved_or_moved_display:1	Scripts/Modules/Multiplayer/UI/Lobby.lua	"{header = ""Description:"", default = conn.MyHostGlobals.Description, empty = ""Enter server description"", multiline = true},"
Directly inflicts magical damage upon a single creature.  Harm does %s points of damage plus 1-%s per point of skill in Body Magic.	단일 대상에게 직접 마법 피해를 줍니다. 해악은 %s의 기본 피해와 육체 마법 기술 포인트당 1-%s의 추가 피해를 줍니다.	translated	tooltip	1	reviewed_preserved_or_moved_display:1	Scripts/General/zzMaw-Spells.lua	"Game.SpellsTxt[70].Description=string.format(""Directly inflicts magical damage upon a single creature.  Harm does %s points of damage plus 1-%s per point of skill in Body Magic."",dmgAddTooltip(s, m,70),diceMaxTooltip(s, m,70))"
Dragon Breath empowers the caster to exhale a cloud of toxic vapors that targets a single monster and damage all creatures nearby, doing 1-%s points of damage per point of skill in Dark Magic.	시전자가 독성 증기를 내뿜어 한 몬스터를 지정하고 주변의 모든 생물에게 피해를 줍니다. 피해량은 어둠 마법 기술 포인트당 1-%s입니다.	translated	tooltip	1	reviewed_preserved_or_moved_display:1	Scripts/General/zzMaw-Spells.lua	"Game.SpellsTxt[97].Description=string.format(""Dragon Breath empowers the caster to exhale a cloud of toxic vapors that targets a single monster and damage all creatures nearby, doing 1-%s points of damage per point of skill in Dark Magic."",diceMaxTooltip(s, m,97))"
Drops a Fire Spike on the ground that waits for a creature to get near it before exploding.  Fire Spikes last until you leave the map or they are triggered.	지면에 화염 가시를 설치합니다. 근처에 적이 다가오면 폭발하며, 맵을 떠나거나 폭발할 때까지 유지됩니다.	translated	tooltip	1	reviewed_preserved_or_moved_display:1	Scripts/General/zzMaw-Spells.lua	"Game.SpellsTxt[7].Description=""Drops a Fire Spike on the ground that waits for a creature to get near it before exploding.  Fire Spikes last until you leave the map or they are triggered."""
Drops a Fire Spike on the ground that waits for a creature to get near it before exploding.  Fire Spikes last until you leave the map or they are triggered. Fire Spike does %s%% of a melee attack damage.	지면에 화염 가시를 설치합니다. 근처에 적이 다가오면 폭발하며, 맵을 떠나거나 발동할 때까지 유지됩니다. 화염 가시는 근접 공격 피해의 %s%%만큼 피해를 줍니다.	translated	tooltip	1	reviewed_preserved_or_moved_display:1	Scripts/Modules/MawCore/Classes.lua	"Game.SpellsTxt[7].Description=string.format(""Drops a Fire Spike on the ground that waits for a creature to get near it before exploding.  Fire Spikes last until you leave the map or they are triggered. Fire Spike does %s%% of a melee attack damage."",assassinSpells[7].DamageMult*100)"
Enchants party weapons with the Vampiric ability.  Damage inflicted on monsters will be given to the weapon's wielder as extra hit points, up to his or her normal hit point maximum.	파티의 무기에 흡혈 능력을 부여합니다. 몬스터에게 준 피해가 무기 사용자의 추가 생명력으로 전환되며, 원래의 최대 생명력을 넘을 수는 없습니다.	translated	tooltip	1	reviewed_preserved_or_moved_display:1	Scripts/General/zzMaw-Spells.lua	"sp.Description = ""Enchants party weapons with the Vampiric ability.  Damage inflicted on monsters will be given to the weapon's wielder as extra hit points, up to his or her normal hit point maximum."""
Enter server description	서버 설명 입력	translated	tooltip	1	reviewed_preserved_or_moved_display:1	Scripts/Modules/Multiplayer/UI/Lobby.lua	"{header = ""Description:"", default = conn.MyHostGlobals.Description, empty = ""Enter server description"", multiline = true},"
Fires a ball of fire at a single target. When it hits, the ball explodes damaging all those nearby, including your characters if they're too close.  Fireball does %s%% of a melee attack damage.	단일 대상에게 화염구를 발사합니다. 명중하면 폭발하여 주변 모두에게 피해를 주며, 너무 가까우면 파티원도 피해를 받습니다. 화염구는 근접 공격 피해의 %s%%만큼 피해를 줍니다.	translated	tooltip	1	reviewed_preserved_or_moved_display:1	Scripts/Modules/MawCore/Classes.lua	"Game.SpellsTxt[6].Description=string.format(""Fires a ball of fire at a single target. When it hits, the ball explodes damaging all those nearby, including your characters if they're too close.  Fireball does %s%% of a melee attack damage."",assassinSpells[6].DamageMult*100)"
Fires a ball of fire at a single target. When it hits, the ball explodes damaging all those nearby, including your characters if they're too close.  Fireball does 1-%s points of damage per point of skill in Fire Magic.	단일 대상에게 화염구를 발사합니다. 명중하면 폭발하여 주변 모두에게 피해를 주며, 너무 가까우면 파티원도 피해를 받습니다. 화염구는 화염 마법 기술 포인트당 1-%s의 피해를 줍니다.	translated	tooltip	1	reviewed_preserved_or_moved_display:1	Scripts/General/zzMaw-Spells.lua	"Game.SpellsTxt[6].Description=string.format(""Fires a ball of fire at a single target. When it hits, the ball explodes damaging all those nearby, including your characters if they're too close.  Fireball does 1-%s points of damage per point of skill in Fire Magic."",diceMaxTooltip(s, m,6))"
Fires a ball of ice in the direction the caster is facing.  The ball will shatter when it hits something, launching 7 shards of ice in all directions except the caster's.  The shards will ricochet until they strike a creature or melt.  Each shard does %s points of damage plus 1-%s per point of skill in Water Magic.	시전자가 바라보는 방향으로 얼음 구체를 발사합니다. 충돌하면 산산이 부서져 시전자 방향을 제외한 모든 방향으로 7개의 얼음 파편을 날립니다. 파편은 생물에 맞거나 녹을 때까지 튕겨 다닙니다. 파편 하나당 %s의 기본 피해와 물 마법 기술 포인트당 1-%s의 추가 피해를 줍니다.	translated	tooltip	1	reviewed_preserved_or_moved_display:1	Scripts/General/zzMaw-Spells.lua	"Game.SpellsTxt[32].Description=string.format(""Fires a ball of ice in the direction the caster is facing.  The ball will shatter when it hits something, launching 7 shards of ice in all directions except the caster's.  The shards will ricochet until they strike a creature or melt.  Each shard does %s points of damage plus 1-%s per point of skill in Water Magic."",dmgAddTooltip(s, m,32),diceMaxTooltip(s, m,32))"
Fires a blast of hot, jagged metal in front of the caster, striking any creature that gets in the way.  Each piece inflicts 1-%s points of damage per point of skill in Dark Magic.	시전자 앞쪽으로 뜨겁고 날카로운 금속 파편을 발사하여 경로상의 생물을 타격합니다. 파편 하나당 어둠 마법 기술 포인트당 1-%s의 피해를 줍니다.	translated	tooltip	1	reviewed_preserved_or_moved_display:1	Scripts/General/zzMaw-Spells.lua	"Game.SpellsTxt[93].Description=string.format(""Fires a blast of hot, jagged metal in front of the caster, striking any creature that gets in the way.  Each piece inflicts 1-%s points of damage per point of skill in Dark Magic."",diceMaxTooltip(s, m,93))"
Fires a bolt of ice at a single target.  The missile does %s + 1-%s points of damage per point of skill in Water Magic.	단일 대상에게 얼음 화살을 발사합니다. %s + 물 마법 기술 포인트당 1-%s의 피해를 줍니다.	translated	tooltip	1	reviewed_preserved_or_moved_display:1	Scripts/General/zzMaw-Spells.lua	"Game.SpellsTxt[26].Description=string.format(""Fires a bolt of ice at a single target.  The missile does %s + 1-%s points of damage per point of skill in Water Magic."",dmgAddTooltip(s, m,26),diceMaxTooltip(s, m,26))"
Fires a bolt of light at a single target that does %s + 1-%s points of damage per point of skill in light magic.  Damage vs. Undead is doubled.	단일 대상에게 빛의 화살을 발사하여 %s + 빛 마법 기술 포인트당 1-%s의 피해를 줍니다. 언데드에게는 피해가 두 배입니다.	translated	tooltip	1	reviewed_preserved_or_moved_display:1	Scripts/General/zzMaw-Spells.lua	"Game.SpellsTxt[78].Description=string.format(""Fires a bolt of light at a single target that does %s + 1-%s points of damage per point of skill in light magic.  Damage vs. Undead is doubled."",dmgAddTooltip(s, m,78),diceMaxTooltip(s, m,78))"
Fires a bolt of mental force which damages a single target's nervous system.  Mind Blast does %s points of damage plus 1-%s per point of skill in Mind Magic.	정신력의 화살로 단일 대상의 신경계를 공격합니다. 정신 폭발은 %s의 기본 피해와 정신 마법 기술 포인트당 1-%s의 추가 피해를 줍니다.	translated	tooltip	1	reviewed_preserved_or_moved_display:1	Scripts/General/zzMaw-Spells.lua	"Game.SpellsTxt[59].Description=string.format(""Fires a bolt of mental force which damages a single target's nervous system.  Mind Blast does %s points of damage plus 1-%s per point of skill in Mind Magic."",dmgAddTooltip(s, m,59),diceMaxTooltip(s, m,59))"
"Fires a rotating, razor-thin metal blade at a single monster.  The blade does %s%% of a melee attack damage.

Blades is the only spell capable to deal Physical damage."	"회전하는 면도날처럼 얇은 금속 칼날을 몬스터 하나에게 발사합니다. 칼날은 근접 공격 피해의 %s%%만큼 피해를 줍니다.

칼날은 물리 피해를 줄 수 있는 유일한 주문입니다."	translated	tooltip	1	reviewed_preserved_or_moved_display:1	Scripts/Modules/MawCore/Classes.lua	"Game.SpellsTxt[39].Description=string.format(""Fires a rotating, razor-thin metal blade at a single monster.  The blade does %s%% of a melee attack damage.\n\nBlades is the only spell capable to deal Physical damage."",assassinSpells[39].DamageMult*100)"
"Fires a rotating, razor-thin metal blade at a single monster.  The blade does 1-%s points of damage per point of skill in Earth Magic.

Blades is the only spell capable to deal Physical damage."	"회전하는 면도날처럼 얇은 금속 칼날을 몬스터 하나에게 발사합니다. 칼날은 대지 마법 기술 포인트당 1-%s의 피해를 줍니다.

칼날은 물리 피해를 줄 수 있는 유일한 주문입니다."	translated	tooltip	1	reviewed_preserved_or_moved_display:1	Scripts/General/zzMaw-Spells.lua	"Game.SpellsTxt[39].Description=string.format(""Fires a rotating, razor-thin metal blade at a single monster.  The blade does 1-%s points of damage per point of skill in Earth Magic.\n\nBlades is the only spell capable to deal Physical damage."",diceMaxTooltip(s, m,39))"
Flying Fist throws a heavy magical force at a single opponent that does %s points of damage plus 1-%s per point of skill in Body Magic.	강력한 마법의 주먹을 단일 대상에게 날려 %s의 기본 피해와 육체 마법 기술 포인트당 1-%s의 추가 피해를 줍니다.	translated	tooltip	2	reviewed_preserved_or_moved_display:2	Scripts/General/zzMaw-Spells.lua	"Game.SpellsTxt[76].Description=string.format(""Flying Fist throws a heavy magical force at a single opponent that does %s points of damage plus 1-%s per point of skill in Body Magic."",dmgAddTooltip(s, m,76),diceMaxTooltip(s, m,76))"
Grants 	명상 기술 보너스 +	translated	tooltip	1	formatted_colored_text:1	Scripts/Modules/MawCore/Tooltip.lua	"t.Description=""Grants "" .. StrColor(0,0,200,math.ceil(power^0.5/1.5) + 1) .. "" bonus to Meditation skill for 6 hours."""
"Grants the power of flight to your characters!  This spell is very expensive and only works outdoors, but it is very useful.  Fly will drain one spell point every five minutes it is in use (i.e. when you aren't touching the ground).

At higher difficulties, with the exception of few places, attacking monsters will cancel the effect"	"캐릭터들에게 비행 능력을 부여합니다! 이 주문은 비용이 매우 높고 야외에서만 작동하지만 매우 유용합니다. 비행 중에는(땅에 닿지 않은 동안) 5분마다 주문력 1을 소모합니다.

고난도에서는 일부 지역을 제외하고 몬스터를 공격하면 효과가 해제됩니다."	translated	tooltip	1	reviewed_preserved_or_moved_display:1	Scripts/General/zzMaw-Spells.lua	"Game.SpellsTxt[21].Description= ""Grants the power of flight to your characters!  This spell is very expensive and only works outdoors, but it is very useful.  Fly will drain one spell point every five minutes it is in use (i.e. when you aren't touching the ground).\n\nAt higher difficulties, with the exception of few places, attacking monsters will cancel the effect"""
Heals 	생명력 회복: 	translated	tooltip	2	formatted_colored_text:2	Scripts/Modules/MawCore/Tooltip.lua	"t.Description=StrColor(255,255,153,""Heals "" .. GetPotionHeal(222, power) .. "" Hit Points"") .. ""\n"" .. t.Description"
"Heroism increases the damage a character does on a successful attack by 10 + 1 point per point of skill in Spirit Magic. This spell affects the entire party at once.
Lasts for 2 hours plus 1 hour per point of skill"	"영웅심은 공격 명중 시 주는 피해를 10 + 정신 마법 기술 포인트당 1만큼 증가시킵니다. 이 주문은 파티 전체에 적용됩니다.
기본 2시간에 기술 포인트당 1시간 동안 지속됩니다."	translated	tooltip	1	reviewed_preserved_or_moved_display:1	Scripts/General/zzMaw-Spells.lua	"Game.SpellsTxt[51].Description=""Heroism increases the damage a character does on a successful attack by 10 + 1 point per point of skill in Spirit Magic. This spell affects the entire party at once.\nLasts for 2 hours plus 1 hour per point of skill"""
Host have closed the game	호스트가 게임을 종료했습니다	translated	tooltip	1	reviewed_preserved_or_moved_display:1	Scripts/Modules/Multiplayer/Synchronization/SaveLoadExit.lua	"CustomUI.DisplayTooltip(""Host have closed the game"", 20, 100, 160, 440, 0)"
Implosion is a nasty spell that affects a single target by destroying the air around it, causing a sudden inrush from the surrounding air, a thunderclap, and %s points plus 1-%s points of damage per point of skill in Air Magic.	단일 대상 주변의 공기를 파괴해 급격한 공기 유입과 충격파를 일으킵니다. 피해량은 %s + 공기 마법 기술 포인트당 1-%s입니다.	translated	tooltip	1	reviewed_preserved_or_moved_display:1	Scripts/General/zzMaw-Spells.lua	"Game.SpellsTxt[20].Description=string.format(""Implosion is a nasty spell that affects a single target by destroying the air around it, causing a sudden inrush from the surrounding air, a thunderclap, and %s points plus 1-%s points of damage per point of skill in Air Magic."",dmgAddTooltip(s, m,20),diceMaxTooltip(s, m,20))"
Increases the weight of a single target enormously for an instant, causing internal damage equal to %s%% of a melee attack damage.	순간적으로 단일 대상의 무게를 엄청나게 늘려 내부 피해를 줍니다. 근접 공격 피해의 %s%%만큼 피해를 줍니다.	translated	tooltip	1	reviewed_preserved_or_moved_display:1	Scripts/Modules/MawCore/Classes.lua	"Game.SpellsTxt[44].Description=string.format(""Increases the weight of a single target enormously for an instant, causing internal damage equal to %s%% of a melee attack damage."",assassinSpells[44].DamageMult*100)"
Increases the weight of a single target enormously for an instant, causing internal damage equal to 15%% of the monster's hit points plus another 0.5%% per point of skill in Earth Magic. The bigger they are, the harder they fall.	순간적으로 단일 대상의 무게를 엄청나게 늘려 내부 피해를 줍니다. 몬스터 생명력의 15%% + 대지 마법 기술 포인트당 0.5%%만큼 피해를 줍니다. 몸집이 클수록 더 큰 피해를 받습니다.	translated	tooltip	1	reviewed_preserved_or_moved_display:1	Scripts/General/zzMaw-Spells.lua	"Game.SpellsTxt[44].Description=""Increases the weight of a single target enormously for an instant, causing internal damage equal to 15%% of the monster's hit points plus another 0.5%% per point of skill in Earth Magic. The bigger they are, the harder they fall."""
Inferno burns all monsters in sight when cast, excluding your characters.  One or two castings can clear out a room of weak or moderately powerful creatures. Each monster takes %s points of damage plus %s per point of skill in Fire Magic.  This spell only works indoors.	시야 안의 모든 몬스터를 불태우되 파티원은 제외합니다. 한두 번만 시전해도 약하거나 중간 정도의 적이 가득한 방을 정리할 수 있습니다. 각 몬스터는 %s + 화염 마법 기술 포인트당 %s의 피해를 받습니다. 실내에서만 사용할 수 있습니다.	translated	tooltip	1	reviewed_preserved_or_moved_display:1	Scripts/General/zzMaw-Spells.lua	"Game.SpellsTxt[10].Description=string.format(""Inferno burns all monsters in sight when cast, excluding your characters.  One or two castings can clear out a room of weak or moderately powerful creatures. Each monster takes %s points of damage plus %s per point of skill in Fire Magic.  This spell only works indoors."",dmgAddTooltip(s, m,10),diceMaxTooltip(s, m,10))"
Inflicts %s points of damage plus %s per point of skill in Light Magic on all creatures in sight.  This spell can only be cast indoors.	시야 안의 모든 생물에게 %s + 빛 마법 기술 포인트당 %s의 피해를 줍니다. 실내에서만 사용할 수 있습니다.	translated	tooltip	1	reviewed_preserved_or_moved_display:1	Scripts/General/zzMaw-Spells.lua	"Game.SpellsTxt[84].Description=string.format(""Inflicts %s points of damage plus %s per point of skill in Light Magic on all creatures in sight.  This spell can only be cast indoors."",dmgAddTooltip(s, m,84),diceMaxTooltip(s, m,84))"
Join request rejected: 	참가 요청 거부: 	translated	tooltip	1	proven_customui_tooltip:1	Scripts/Modules/Multiplayer/UI/Lobby.lua	"CustomUI.DisplayTooltip(""Join request rejected: "" .. reason, 30, nil, nil, nil, Multiplayer.UI_SCREEN)"
Launches a burst of fire at a single target.  Damage is %s+1-%s points of damage per point of skill in Fire Magic.   Firebolt is safe, effective and has a low casting cost.	단일 대상에게 화염탄을 발사합니다. 피해량은 %s + 화염 마법 기술 포인트당 1-%s입니다. 화염탄은 안전하고 효율적이며 주문 소모가 적습니다.	translated	tooltip	1	reviewed_preserved_or_moved_display:1	Scripts/General/zzMaw-Spells.lua	"Game.SpellsTxt[2].Description=string.format(""Launches a burst of fire at a single target.  Damage is %s+1-%s points of damage per point of skill in Fire Magic.   Firebolt is safe, effective and has a low casting cost."",dmgAddTooltip(s, m,2),diceMaxTooltip(s, m,2))"
Launches a magical stone which bursts in air, sending shards of explosive earth raining to the ground.  The damage is 1-%s per point of skill in Earth Magic for each shard.  This spell can only be used outdoors.	마법의 돌을 공중에서 폭발시켜 폭발성 대지 파편을 비처럼 떨어뜨립니다. 파편 하나당 피해량은 대지 마법 기술 포인트당 1-%s입니다. 야외에서만 사용할 수 있습니다.	translated	tooltip	1	reviewed_preserved_or_moved_display:1	Scripts/General/zzMaw-Spells.lua	"Game.SpellsTxt[43].Description=string.format(""Launches a magical stone which bursts in air, sending shards of explosive earth raining to the ground.  The damage is 1-%s per point of skill in Earth Magic for each shard.  This spell can only be used outdoors."",diceMaxTooltip(s, m,43))"
Lifedrain allows the vampire to damage his or her target and simultaneously heal based on the damage done in the Lifedrain.  This ability does 1-%s points of damage per skill.	흡혈은 뱀파이어가 대상에게 피해를 주는 동시에, 입힌 피해에 따라 자신을 회복하게 합니다. 피해량은 기술 포인트당 1-%s입니다.	translated	tooltip	1	reviewed_preserved_or_moved_display:1	Scripts/General/zzMaw-Spells.lua	"Game.SpellsTxt[111].Description=string.format(""Lifedrain allows the vampire to damage his or her target and simultaneously heal based on the damage done in the Lifedrain.  This ability does 1-%s points of damage per skill."",diceMaxTooltip(s, m,111))"
"Lightning Bolt discharges electricity from the caster's hand to a single target.  It always hits and does %s points plus 1-%s points of damage per point of skill in Air Magic.

The spell then arcs to a second target, hitting it as well."	"번개 화살은 시전자의 손에서 대상 하나에게 전기를 방출합니다. 항상 명중하며 공기 마법 기술 포인트당 %s + 1-%s의 피해를 줍니다.

그 후 번개가 두 번째 대상으로 튀어 추가로 명중합니다."	translated	tooltip	1	reviewed_preserved_or_moved_display:1	Scripts/General/zzMaw-Spells.lua	"Game.SpellsTxt[18].Description=string.format(""Lightning Bolt discharges electricity from the caster's hand to a single target.  It always hits and does %s points plus 1-%s points of damage per point of skill in Air Magic.\n\nThe spell then arcs to a second target, hitting it as well."",dmgAddTooltip(s, m,18),diceMaxTooltip(s, m,18))"
"Lightning Bolt discharges electricity from the caster's hand to a single target.  It always hits and does %s%% of a melee attack damage.

The spell then arcs to a second target, hitting it as well."	"번개 화살은 시전자의 손에서 대상 하나에게 전기를 방출합니다. 항상 명중하며 근접 공격 피해의 %s%%만큼 피해를 줍니다.

그 후 번개가 두 번째 대상으로 튀어 추가로 명중합니다."	translated	tooltip	1	reviewed_preserved_or_moved_display:1	Scripts/Modules/MawCore/Classes.lua	"Game.SpellsTxt[18].Description=string.format(""Lightning Bolt discharges electricity from the caster's hand to a single target.  It always hits and does %s%% of a melee attack damage.\n\nThe spell then arcs to a second target, hitting it as well."",assassinSpells[18].DamageMult*100)"
Mistform allows the vampire to reduce physical damage by 75%.  However, a vampire in Mistform cannot perform any physical attacks.  Vampires in Mistform are able to use spells and abilities and are affected by spells and abilities.	안개 형상은 뱀파이어가 받는 물리 피해를 75% 줄입니다. 대신 안개 형상에서는 물리 공격을 할 수 없습니다. 주문과 능력은 사용할 수 있으며, 주문과 능력의 영향도 정상적으로 받습니다.	translated	tooltip	1	reviewed_preserved_or_moved_display:1	Scripts/General/zzMaw-Spells.lua	"Game.SpellsTxt[114].Description=""Mistform allows the vampire to reduce physical damage by 75%.  However, a vampire in Mistform cannot perform any physical attacks.  Vampires in Mistform are able to use spells and abilities and are affected by spells and abilities."""
"Oracle's Orb is a mysterious and powerful artifact, a large, purple orb with a haunting face suspended within its core. This enigmatic relic is known for storing legendary abilities upon items it enchants.

Adds the following legendary power to an item:"	"오라클의 오브는 중심부에 섬뜩한 얼굴이 떠 있는 크고 보랏빛인 신비롭고 강력한 유물입니다. 이 수수께끼의 유물은 자신이 마법부여한 아이템에 전설 능력을 저장하는 것으로 알려져 있습니다.

다음 전설 능력을 아이템에 부여합니다:"	translated	tooltip	1	reviewed_preserved_or_moved_display:1	Scripts/Modules/MawCore/Tooltip.lua	"t.Description=""Oracle's Orb is a mysterious and powerful artifact, a large, purple orb with a haunting face suspended within its core. This enigmatic relic is known for storing legendary abilities upon items it enchants.\n\nAdds the following legendary power to an item:"""
"Oracle's Orb is a mysterious and powerful artifact, a large, purple orb with a haunting face suspended within its core. This enigmatic relic is known for storing legendary abilities upon items it enchants.

Right click a legendary item to store its power"	"오라클의 오브는 중심부에 섬뜩한 얼굴이 떠 있는 크고 보랏빛인 신비롭고 강력한 유물입니다. 이 수수께끼의 유물은 자신이 마법부여한 아이템에 전설 능력을 저장하는 것으로 알려져 있습니다.

전설 아이템을 우클릭하면 그 능력을 저장합니다."	translated	tooltip	1	reviewed_preserved_or_moved_display:1	Scripts/Modules/MawCore/Tooltip.lua	"t.Description=""Oracle's Orb is a mysterious and powerful artifact, a large, purple orb with a haunting face suspended within its core. This enigmatic relic is known for storing legendary abilities upon items it enchants.\n\nRight click a legendary item to store its power"""
Power: 	위력: 	translated	tooltip	4	reviewed_preserved_or_moved_display:4	Scripts/General/zzMaw-Items.lua; Scripts/Modules/MawCore/Tooltip.lua	"t.Enchantment=""Power: "" .. bonus"
Press alt to show craftable stats	제작 가능한 능력치를 보려면 Alt를 누르세요	translated	tooltip	1	reviewed_preserved_or_moved_display:1	Scripts/Modules/MawCore/Tooltip.lua	"t.Description = t.Description .. ""\n\n"" .. StrColor(100,100,100,""Press alt to show craftable stats"")"
Protection from Magic affects the entire party at once, granting immunity to certain spells and monster abilities that cause debilitation conditions.  These are:  Poison, Disease, Stone, Paralyze, and Weak.  Every time this spell saves a character from an effect, it weakens.  The spell can survive 1 attack per point of skill in body magic up to 10 attacks--after that, Protection from Magic is broken.	마법으로부터의 보호는 파티 전체에 적용되어 일부 주문과 몬스터 능력이 유발하는 약화 상태에 면역을 부여합니다. 대상 상태는 독, 질병, 석화, 마비, 약화입니다. 효과를 한 번 막을 때마다 주문이 약해집니다. 육체 마법 기술 포인트당 1회의 공격을 막을 수 있으며 최대 10회까지 유지되고, 그 뒤에는 효과가 사라집니다.	translated	tooltip	1	reviewed_preserved_or_moved_display:1	Scripts/General/zzMaw-Spells.lua	"Game.SpellsTxt[75].Description=""Protection from Magic affects the entire party at once, granting immunity to certain spells and monster abilities that cause debilitation conditions.  These are:  Poison, Disease, Stone, Paralyze, and Weak.  Every time this spell saves a character from an effect, it weakens.  The spell can survive 1 attack per point of skill in body magic up to 10 attacks--after that, Protection from Magic is broken."""
Releases a magical stone into the world that will explode when it comes into contact with a creature or enough time passes.  The rock will bounce and roll until it finds a resting spot, so be careful not to be caught in the blast.  The explosion causes %s points of damage plus 1-%s points of damage per point of skill in Earth Magic.	마법의 돌을 발사합니다. 생물과 충돌하거나 일정 시간이 지나면 폭발합니다. 돌은 멈출 때까지 튕기고 굴러가므로 폭발에 휘말리지 않게 주의하십시오. 폭발 피해량은 %s + 대지 마법 기술 포인트당 1-%s입니다.	translated	tooltip	1	reviewed_preserved_or_moved_display:1	Scripts/General/zzMaw-Spells.lua	"Game.SpellsTxt[41].Description=string.format(""Releases a magical stone into the world that will explode when it comes into contact with a creature or enough time passes.  The rock will bounce and roll until it finds a resting spot, so be careful not to be caught in the blast.  The explosion causes %s points of damage plus 1-%s points of damage per point of skill in Earth Magic."",dmgAddTooltip(s, m,41),diceMaxTooltip(s, m,41))"
"Reserve a flat amount of mana
Only useful outdoors, Water Walk lets your characters walk along the surface of water without sinking.
This effect remains active until deactivated or lose consciousness."	"일정량의 마나를 점유합니다.
야외에서만 사용할 수 있으며, 수면 보행은 캐릭터가 가라앉지 않고 물 위를 걸을 수 있게 합니다.
이 효과는 해제하거나 의식을 잃을 때까지 유지됩니다."	translated	tooltip	1	reviewed_preserved_or_moved_display:1	Scripts/General/zzMaw-Spells.lua	"sp.Description = string.format(""Reserve a flat amount of mana\nOnly useful outdoors, Water Walk lets your characters walk along the surface of water without sinking.\nThis effect remains active until deactivated or lose consciousness."")"
"Reserve a flat amount of mana to grants the power of flight to your characters!  Only works outdoors, but it is very useful.  Fly will drain one spell point every five minutes it is in use (i.e. when you aren't touching the ground).
This effect remains active until deactivated or lose consciousness."	"일정량의 마나를 점유해 캐릭터에게 비행 능력을 부여합니다! 야외에서만 작동하지만 매우 유용합니다. 비행 중에는 5분마다 주문력 1을 소모합니다(즉, 땅에 닿아 있지 않을 때).
이 효과는 해제하거나 의식을 잃을 때까지 유지됩니다."	translated	tooltip	1	reviewed_preserved_or_moved_display:1	Scripts/General/zzMaw-Spells.lua	"sp.Description = string.format(""Reserve a flat amount of mana to grants the power of flight to your characters!  Only works outdoors, but it is very useful.  Fly will drain one spell point every five minutes it is in use (i.e. when you aren't touching the ground).\nThis effect remains active until deactivated or lose consciousness."")"
"Reserve a flat amount of mana to increase the radius of light surrounding your party in the dark.
This effect remains active until deactivated or lose consciousness."	"일정량의 마나를 점유해 어둠 속에서 파티 주변을 밝히는 빛의 범위를 넓힙니다.
이 효과는 해제하거나 의식을 잃을 때까지 유지됩니다."	translated	tooltip	1	reviewed_preserved_or_moved_display:1	Scripts/General/zzMaw-Spells.lua	"sp.Description = string.format(""Reserve a flat amount of mana to increase the radius of light surrounding your party in the dark.\nThis effect remains active until deactivated or lose consciousness."")"
"Reserve a flat amount of mana to show the locations of monsters and other points of interest while outdoors in the minimap.
This effect remains active until deactivated or lose consciousness."	"일정량의 마나를 점유해 야외에서 미니맵에 몬스터와 기타 주요 지점의 위치를 표시합니다.
이 효과는 해제하거나 의식을 잃을 때까지 유지됩니다."	translated	tooltip	1	reviewed_preserved_or_moved_display:1	Scripts/General/zzMaw-Spells.lua	"sp.Description = string.format(""Reserve a flat amount of mana to show the locations of monsters and other points of interest while outdoors in the minimap.\nThis effect remains active until deactivated or lose consciousness."")"
Reserve a mana percentage to surround your characters with a very hot fire that is only harmful to others.  The spell will deliver %s points of damage plus 1-%s per point of skill to all nearby monsters for as long as they remain in the area of effect.	마나의 일부를 예약해 파티 주변을 뜨거운 불길로 감쌉니다. 불길은 파티원에게는 해를 주지 않으며, 효과 범위 안의 주변 몬스터에게 %s + 기술 포인트당 1-%s의 피해를 지속적으로 줍니다.	translated	tooltip	1	reviewed_preserved_or_moved_display:1	Scripts/General/zzMaw-Spells.lua	"Game.SpellsTxt[8].Description=string.format(""Reserve a mana percentage to surround your characters with a very hot fire that is only harmful to others.  The spell will deliver %s points of damage plus 1-%s per point of skill to all nearby monsters for as long as they remain in the area of effect."",dmgAddTooltip(s, m,8),diceMaxTooltip(s, m,8))"
"Reserve a percentage of your mana to  tightly binds the soul to the body. This will delay death due to massive hit point loss, but will not stop a character from going unconscious. If a preserved character's hit points are too low when the spell wears off, he or she will die.
This effect remains active until deactivated or lose consciousness."	"마나의 일정 비율을 점유해 영혼을 육체에 단단히 묶습니다. 막대한 생명력 손실로 인한 죽음을 늦추지만 의식불명은 막지 못합니다. 보존 효과가 끝날 때 캐릭터의 생명력이 지나치게 낮다면 사망합니다.
이 효과는 해제하거나 의식을 잃을 때까지 유지됩니다."	translated	tooltip	1	reviewed_preserved_or_moved_display:1	Scripts/General/zzMaw-Spells.lua	"sp.Description = string.format(""Reserve a percentage of your mana to  tightly binds the soul to the body. This will delay death due to massive hit point loss, but will not stop a character from going unconscious. If a preserved character's hit points are too low when the spell wears off, he or she will die.\nThis effect remains active until deactivated or lose consciousness."")"
"Reserve a percentage of your mana to affect the entire party at once, granting immunity to certain spells and monster abilities that cause debilitation conditions.  These are:  Poison, Disease, Stone, Paralyze, Weak, Death and Eradicated.
This effect remains active until deactivated or lose consciousness."	"마나의 일정 비율을 점유해 파티 전체에 동시에 적용되며, 약화 상태를 유발하는 일부 주문과 몬스터 능력에 면역을 부여합니다. 해당 상태는 중독, 질병, 석화, 마비, 약화, 죽음, 소멸입니다.
이 효과는 해제하거나 의식을 잃을 때까지 유지됩니다."	translated	tooltip	1	reviewed_preserved_or_moved_display:1	Scripts/General/zzMaw-Spells.lua	"sp.Description = string.format(""Reserve a percentage of your mana to affect the entire party at once, granting immunity to certain spells and monster abilities that cause debilitation conditions.  These are:  Poison, Disease, Stone, Paralyze, Weak, Death and Eradicated.\nThis effect remains active until deactivated or lose consciousness."")"
"Reserve a percentage of your mana to enhance all of your party's Resistances by %s.
While the base effects remain consistent, each additional 3 levels in Light Magic will enhance the effects equivalently to only 2 levels.
This effect remains active until deactivated or lose consciousness."	"마나의 일정 비율을 점유해 파티의 모든 저항을 %s만큼 높입니다.
기본 효과는 그대로 유지되며, 빛 마법 레벨이 추가로 3 오를 때마다 효과는 2레벨분만큼 증가합니다.
이 효과는 해제하거나 의식을 잃을 때까지 유지됩니다."	translated	tooltip	1	reviewed_preserved_or_moved_display:1	Scripts/General/zzMaw-Spells.lua	"sp.Description = string.format(""Reserve a percentage of your mana to enhance all of your party's Resistances by %s.\nWhile the base effects remain consistent, each additional 3 levels in Light Magic will enhance the effects equivalently to only 2 levels.\nThis effect remains active until deactivated or lose consciousness."", bf.Base[1], bf.Scaling[1])"
"Reserve a percentage of your mana to enhance your party's Air Resistance by %s (plus 1 for every 4 caster levels, increased by %s%% per skill level, up to double bonus) and Speed by 10%% of the total stat, plus 1%% every 5 skill levels, up to 20%%.
This effect remains active until deactivated or lose consciousness."	"주문력의 일정 비율을 할당하여 파티의 공기 저항을 %s 높입니다. 시전자 4레벨마다 1이 추가되고 기술 레벨당 %s%% 증가하여 최대 두 배가 됩니다. 또한 속도 능력치가 총합의 10%% 증가하며, 기술 5레벨마다 1%%가 추가되어 최대 20%%가 됩니다.
비활성화하거나 의식을 잃을 때까지 지속됩니다."	translated	tooltip	1	proven_spelltxt_alias_display:1	Scripts/General/zzMaw-Spells.lua	"sp.Description = string.format(""Reserve a percentage of your mana to enhance your party's Air Resistance by %s (plus 1 for every 4 caster levels, increased by %s%% per skill level, up to double bonus) and Speed by 10%% of the total stat, plus 1%% every 5 skill levels, up to 20%%.\nThis effect remains active until deactivated or lose consciousness."", bf.Base[1], bf.Scaling[1])"
"Reserve a percentage of your mana to enhance your party's Armor Class by %s.
You get an additional 1 point for every 2 caster levels, increased by %s%% per skill level, up to double bonus.
This effect remains active until deactivated or lose consciousness."	"마나의 일정 비율을 점유해 파티의 방어력을 %s만큼 높입니다.
시전자 레벨 2마다 1점이 추가되며, 기술 레벨당 %s%%씩 증가하여 최대 두 배의 보너스를 받습니다.
이 효과는 해제하거나 의식을 잃을 때까지 유지됩니다."	translated	tooltip	1	reviewed_preserved_or_moved_display:1	Scripts/General/zzMaw-Spells.lua	"sp.Description = string.format(""Reserve a percentage of your mana to enhance your party's Armor Class by %s.\nYou get an additional 1 point for every 2 caster levels, increased by %s%% per skill level, up to double bonus.\nThis effect remains active until deactivated or lose consciousness."", bf.Base[1],bf.Scaling[1])"
"Reserve a percentage of your mana to enhance your party's Attack by a flat %s plus 1 for every 2 caster levels, increased by %s%% per skill level, up to double bonus, and Accuracy by 10%% of the total stat, plus 1%% every 5 skill levels, up to 20%%.
This effect remains active until deactivated or lose consciousness."	"주문력의 일정 비율을 할당하여 파티의 공격을 %s 높입니다. 시전자 2레벨마다 1이 추가되고 기술 레벨당 %s%% 증가하여 최대 두 배가 됩니다. 또한 정확도가 총합의 10%% 증가하며, 기술 5레벨마다 1%%가 추가되어 최대 20%%가 됩니다.
비활성화하거나 의식을 잃을 때까지 지속됩니다."	translated	tooltip	1	proven_spelltxt_alias_display:1	Scripts/General/zzMaw-Spells.lua	"sp.Description = string.format(""Reserve a percentage of your mana to enhance your party's Attack by a flat %s plus 1 for every 2 caster levels, increased by %s%% per skill level, up to double bonus, and Accuracy by 10%% of the total stat, plus 1%% every 5 skill levels, up to 20%%.\nThis effect remains active until deactivated or lose consciousness."", bf.Base[1], bf.Scaling[1])"
"Reserve a percentage of your mana to enhance your party's Body Resistance by %s (plus 1 for every 4 caster levels, increased by %s%% per skill level, up to double bonus) and Might by 10%% of the total stat, plus 1%% every 5 skill levels, up to 20%%.
This effect remains active until deactivated or lose consciousness."	"주문력의 일정 비율을 할당하여 파티의 육체 저항을 %s 높입니다. 시전자 4레벨마다 1이 추가되고 기술 레벨당 %s%% 증가하여 최대 두 배가 됩니다. 또한 힘 능력치가 총합의 10%% 증가하며, 기술 5레벨마다 1%%가 추가되어 최대 20%%가 됩니다.
비활성화하거나 의식을 잃을 때까지 지속됩니다."	translated	tooltip	1	proven_spelltxt_alias_display:1	Scripts/General/zzMaw-Spells.lua	"sp.Description = string.format(""Reserve a percentage of your mana to enhance your party's Body Resistance by %s (plus 1 for every 4 caster levels, increased by %s%% per skill level, up to double bonus) and Might by 10%% of the total stat, plus 1%% every 5 skill levels, up to 20%%.\nThis effect remains active until deactivated or lose consciousness."", bf.Base[1], bf.Scaling[1])"
"Reserve a percentage of your mana to enhance your party's Earth Resistance by %s (plus 1 for every 4 caster levels, increased by %s%% per skill level, up to double bonus) and Endurance by 10%% of the total stat, plus 1%% every 5 skill levels, up to 20%%.
This effect remains active until deactivated or lose consciousness."	"주문력의 일정 비율을 할당하여 파티의 대지 저항을 %s 높입니다. 시전자 4레벨마다 1이 추가되고 기술 레벨당 %s%% 증가하여 최대 두 배가 됩니다. 또한 인내력 능력치가 총합의 10%% 증가하며, 기술 5레벨마다 1%%가 추가되어 최대 20%%가 됩니다.
비활성화하거나 의식을 잃을 때까지 지속됩니다."	translated	tooltip	1	proven_spelltxt_alias_display:1	Scripts/General/zzMaw-Spells.lua	"sp.Description = string.format(""Reserve a percentage of your mana to enhance your party's Earth Resistance by %s (plus 1 for every 4 caster levels, increased by %s%% per skill level, up to double bonus) and Endurance by 10%% of the total stat, plus 1%% every 5 skill levels, up to 20%%.\nThis effect remains active until deactivated or lose consciousness."", bf.Base[1], bf.Scaling[1])"
"Reserve a percentage of your mana to enhance your party's Fire Resistance by %s (plus 1 for every 4 caster levels, increased by %s%% per skill level, up to double bonus) and Intellect by 10%% of the total stat, plus 1%% every 5 skill levels, up to 20%%.
This effect remains active until deactivated or lose consciousness."	"주문력의 일정 비율을 할당하여 파티의 화염 저항을 %s 높입니다. 시전자 4레벨마다 1이 추가되고 기술 레벨당 %s%% 증가하여 최대 두 배가 됩니다. 또한 지능 능력치가 총합의 10%% 증가하며, 기술 5레벨마다 1%%가 추가되어 최대 20%%가 됩니다.
비활성화하거나 의식을 잃을 때까지 지속됩니다."	translated	tooltip	1	proven_spelltxt_alias_display:1	Scripts/General/zzMaw-Spells.lua	"sp.Description = string.format(""Reserve a percentage of your mana to enhance your party's Fire Resistance by %s (plus 1 for every 4 caster levels, increased by %s%% per skill level, up to double bonus) and Intellect by 10%% of the total stat, plus 1%% every 5 skill levels, up to 20%%.\nThis effect remains active until deactivated or lose consciousness."", bf.Base[1], bf.Scaling[1])"
"Reserve a percentage of your mana to enhance your party's Mind Resistance by %s (plus 1 for every 4 caster levels, increased by %s%% per skill level, up to double bonus) and Personality by 10%% of the total stat, plus 1%% every 5 skill levels, up to 20%%.
This effect remains active until deactivated or lose consciousness."	"주문력의 일정 비율을 할당하여 파티의 정신 저항을 %s 높입니다. 시전자 4레벨마다 1이 추가되고 기술 레벨당 %s%% 증가하여 최대 두 배가 됩니다. 또한 성격 능력치가 총합의 10%% 증가하며, 기술 5레벨마다 1%%가 추가되어 최대 20%%가 됩니다.
비활성화하거나 의식을 잃을 때까지 지속됩니다."	translated	tooltip	1	proven_spelltxt_alias_display:1	Scripts/General/zzMaw-Spells.lua	"sp.Description = string.format(""Reserve a percentage of your mana to enhance your party's Mind Resistance by %s (plus 1 for every 4 caster levels, increased by %s%% per skill level, up to double bonus) and Personality by 10%% of the total stat, plus 1%% every 5 skill levels, up to 20%%.\nThis effect remains active until deactivated or lose consciousness."", bf.Base[1], bf.Scaling[1])"
"Reserve a percentage of your mana to enhance your party's Water Resistance by %s (plus 1 for every 4 caster levels, increased by %s%% per skill level, up to double bonus) and Luck by 10%% of the total stat, plus 1%% every 5 skill levels, up to 20%%.
This effect remains active until deactivated or lose consciousness."	"주문력의 일정 비율을 할당하여 파티의 물 저항을 %s 높입니다. 시전자 4레벨마다 1이 추가되고 기술 레벨당 %s%% 증가하여 최대 두 배가 됩니다. 또한 행운 능력치가 총합의 10%% 증가하며, 기술 5레벨마다 1%%가 추가되어 최대 20%%가 됩니다.
비활성화하거나 의식을 잃을 때까지 지속됩니다."	translated	tooltip	1	proven_spelltxt_alias_display:1	Scripts/General/zzMaw-Spells.lua	"sp.Description = string.format(""Reserve a percentage of your mana to enhance your party's Water Resistance by %s (plus 1 for every 4 caster levels, increased by %s%% per skill level, up to double bonus) and Luck by 10%% of the total stat, plus 1%% every 5 skill levels, up to 20%%.\nThis effect remains active until deactivated or lose consciousness."", bf.Base[1], bf.Scaling[1])"
"Reserve a percentage of your mana to increase all seven stats on all your characters by 10%% of the total stat, plus 1%% every 7 Light skill levels, up to 20%%.
This effect remains active until deactivated or lose consciousness."	"주문력의 일정 비율을 할당하여 모든 캐릭터의 일곱 능력치를 총합의 10%%만큼 높입니다. 빛 마법 기술 7레벨마다 1%%가 추가되어 최대 20%%가 됩니다.
비활성화하거나 의식을 잃을 때까지 지속됩니다."	translated	tooltip	1	proven_spelltxt_alias_display:1	Scripts/General/zzMaw-Spells.lua	"sp.Description = string.format(""Reserve a percentage of your mana to increase all seven stats on all your characters by 10%% of the total stat, plus 1%% every 7 Light skill levels, up to 20%%.\nThis effect remains active until deactivated or lose consciousness."")"
"Reserve a percentage of your mana to increase critical chance of your party by %s%% plus %s%% per Skill Level, up to double bonus.
This effect remains active until deactivated or lose consciousness."	"마나의 일정 비율을 점유해 파티의 치명타 확률을 %s%% 높이고, 기술 레벨당 %s%%를 추가로 높여 최대 두 배의 보너스를 받습니다.
이 효과는 해제하거나 의식을 잃을 때까지 유지됩니다."	translated	tooltip	1	reviewed_preserved_or_moved_display:1	Scripts/General/zzMaw-Spells.lua	"sp.Description = string.format(""Reserve a percentage of your mana to increase critical chance of your party by %s%% plus %s%% per Skill Level, up to double bonus.\nThis effect remains active until deactivated or lose consciousness."", bf.Base[1],bf.Scaling[1]/10)"
"Reserve a percentage of your mana to increase spell damage of your party by %s%% plus %s%% per Skill Level, up to double bonus.
This effect remains active until deactivated or lose consciousness."	"마나의 일정 비율을 점유해 파티의 주문 피해를 %s%% 높이고, 기술 레벨당 %s%%를 추가로 높여 최대 두 배의 보너스를 받습니다.
이 효과는 해제하거나 의식을 잃을 때까지 유지됩니다."	translated	tooltip	1	reviewed_preserved_or_moved_display:1	Scripts/General/zzMaw-Spells.lua	"sp.Description = string.format(""Reserve a percentage of your mana to increase spell damage of your party by %s%% plus %s%% per Skill Level, up to double bonus.\nThis effect remains active until deactivated or lose consciousness."", bf.Base[1],bf.Scaling[1]/10)"
"Reserve a percentage of your mana to increase your party health regen.
Regen depends on the health pool, caster level and it's increased by %s%% per skill point, up to double bonus.
This effect remains active until deactivated or lose consciousness."	"마나의 일정 비율을 점유해 파티의 생명력 재생을 높입니다.
재생량은 최대 생명력과 시전자 레벨에 따라 달라지며, 기술 포인트당 %s%%씩 증가하여 최대 두 배의 보너스를 받습니다.
이 효과는 해제하거나 의식을 잃을 때까지 유지됩니다."	translated	tooltip	1	reviewed_preserved_or_moved_display:1	Scripts/General/zzMaw-Spells.lua	"sp.Description = string.format(""Reserve a percentage of your mana to increase your party health regen.\nRegen depends on the health pool, caster level and it's increased by %s%% per skill point, up to double bonus.\nThis effect remains active until deactivated or lose consciousness."", bf.Scaling[1])"
"Reserve a percentage of your mana to increase your party mana regen.
Regen depends on the mana pool, caster level and it's increased by %s%% per skill point, up to double bonus.
This effect remains active until deactivated or lose consciousness."	"마나의 일정 비율을 점유해 파티의 마나 재생을 높입니다.
재생량은 최대 마나와 시전자 레벨에 따라 달라지며, 기술 포인트당 %s%%씩 증가하여 최대 두 배의 보너스를 받습니다.
이 효과는 해제하거나 의식을 잃을 때까지 유지됩니다."	translated	tooltip	1	reviewed_preserved_or_moved_display:1	Scripts/General/zzMaw-Spells.lua	"sp.Description = string.format(""Reserve a percentage of your mana to increase your party mana regen.\nRegen depends on the mana pool, caster level and it's increased by %s%% per skill point, up to double bonus.\nThis effect remains active until deactivated or lose consciousness."", bf.Scaling[1])"
"Reserve a percentage of your mana to increase your party melee damage by %s%% plus %s%% per Skill Level, up to double bonus.
This effect remains active until deactivated or lose consciousness."	"마나의 일정 비율을 점유해 파티의 근접 피해를 %s%% 높이고, 기술 레벨당 %s%%를 추가로 높여 최대 두 배의 보너스를 받습니다.
이 효과는 해제하거나 의식을 잃을 때까지 유지됩니다."	translated	tooltip	1	reviewed_preserved_or_moved_display:1	Scripts/General/zzMaw-Spells.lua	"sp.Description = string.format(""Reserve a percentage of your mana to increase your party melee damage by %s%% plus %s%% per Skill Level, up to double bonus.\nThis effect remains active until deactivated or lose consciousness."", bf.Base[1],bf.Scaling[1]/10)"
"Reserve a percentage of your mana to increase your party Recovery speed by %s%% plus %s%% per Skill Level, up to double bonus.
This effect remains active until deactivated or lose consciousness."	"마나의 일정 비율을 점유해 파티의 회복 속도를 %s%% 높이고, 기술 레벨당 %s%%를 추가로 높여 최대 두 배의 보너스를 받습니다.
이 효과는 해제하거나 의식을 잃을 때까지 유지됩니다."	translated	tooltip	1	reviewed_preserved_or_moved_display:1	Scripts/General/zzMaw-Spells.lua	"sp.Description = string.format(""Reserve a percentage of your mana to increase your party Recovery speed by %s%% plus %s%% per Skill Level, up to double bonus.\nThis effect remains active until deactivated or lose consciousness."", bf.Base[1],bf.Scaling[1]/10)"
"Reserve a percentage of your mana to increase your party unarmed damage by %s%% plus %s%% per Skill Level, up to double bonus.
Staves with GM skill and Unarmed is considered as unarmed as well.
This effect remains active until deactivated or lose consciousness."	"마나의 일정 비율을 점유해 파티의 맨손 피해를 %s%% 높이고, 기술 레벨당 %s%%를 추가로 높여 최대 두 배의 보너스를 받습니다.
지팡이 기술이 그랜드마스터이고 맨손 전투를 함께 사용하는 경우도 맨손으로 간주합니다.
이 효과는 해제하거나 의식을 잃을 때까지 유지됩니다."	translated	tooltip	1	reviewed_preserved_or_moved_display:1	Scripts/General/zzMaw-Spells.lua	"sp.Description = string.format(""Reserve a percentage of your mana to increase your party unarmed damage by %s%% plus %s%% per Skill Level, up to double bonus.\nStaves with GM skill and Unarmed is considered as unarmed as well.\nThis effect remains active until deactivated or lose consciousness."", bf.Base[1],bf.Scaling[1]/10)"
"Reserve a percentage of your mana to reduce any incoming magic damage to your party by %s%% plus %s%% per Skill Level, up to double bonus.
This effect remains active until deactivated or lose consciousness."	"마나의 일정 비율을 점유해 파티가 받는 모든 마법 피해를 %s%% 줄이고, 기술 레벨당 %s%%를 추가로 줄여 최대 두 배의 보너스를 받습니다.
이 효과는 해제하거나 의식을 잃을 때까지 유지됩니다."	translated	tooltip	1	reviewed_preserved_or_moved_display:1	Scripts/General/zzMaw-Spells.lua	"sp.Description = string.format(""Reserve a percentage of your mana to reduce any incoming magic damage to your party by %s%% plus %s%% per Skill Level, up to double bonus.\nThis effect remains active until deactivated or lose consciousness."", bf.Base[1],bf.Scaling[1]/10)"
"Reserve a percentage of your mana to simultaneously casts Haste, Shield, Stone Skin, and Fate on all your characters.
While the base effects remain consistent, each additional 3 levels in Light Magic will enhance the effects equivalently to only 2 levels.
This effect remains active until deactivated or lose consciousness."	"마나의 일정 비율을 점유해 모든 캐릭터에게 가속, 방패, 돌가죽, 운명을 동시에 시전합니다.
기본 효과는 그대로 유지되며, 빛 마법 레벨이 추가로 3 오를 때마다 효과는 2레벨분만큼 증가합니다.
이 효과는 해제하거나 의식을 잃을 때까지 유지됩니다."	translated	tooltip	1	reviewed_preserved_or_moved_display:1	Scripts/General/zzMaw-Spells.lua	"sp.Description = string.format(""Reserve a percentage of your mana to simultaneously casts Haste, Shield, Stone Skin, and Fate on all your characters.\nWhile the base effects remain consistent, each additional 3 levels in Light Magic will enhance the effects equivalently to only 2 levels.\nThis effect remains active until deactivated or lose consciousness."")"
"Reserve a percentage of your mana.
When a monster hits a character with Pain Reflection active, the monster takes damage equal to what it inflicted on the character."	"마나의 일정 비율을 점유합니다.
고통 반사가 활성화된 캐릭터를 몬스터가 공격하면, 몬스터는 그 캐릭터에게 준 피해와 같은 양의 피해를 받습니다."	translated	tooltip	1	reviewed_preserved_or_moved_display:1	Scripts/General/zzMaw-Spells.lua	"sp.Description = string.format(""Reserve a percentage of your mana.\nWhen a monster hits a character with Pain Reflection active, the monster takes damage equal to what it inflicted on the character."")"
Restores 	주문력 회복: 	translated	tooltip	2	formatted_colored_text:2	Scripts/Modules/MawCore/Tooltip.lua	"t.Description=StrColor(255,255,153,""Restores "" .. GetPotionHeal(223, power) .. "" Spell Points"") .. ""\n"" .. t.Description"
"Seraphim is a divine warrior, blessed by the gods with otherworldly powers that set him apart from mortal fighters. His origins are shrouded in mystery, but it is said that he was chosen by the divine to carry out their will on the mortal plane. Some whisper that he was born from the union of a mortal and an angel, while others believe that he was created by the gods themselves. Regardless of his origins, there is no denying the power that Seraphim wields, and his presence on the battlefield is a testament to the will of the divine.

Proficiency in Plate, Sword, Mace, and Shield (can't dual wield)
3 HP and 1 mana points gained per level

Abilities:

Gods Wrath: Attacks deal extra magic damage based on Light skill (2 damage added per point in Light and Mind)

Holy Strikes: Attacking will heal the most injured party member based on Body skill (2 points per point in Body and Spirit)

Divine Protection: self-heals by 25% of your HP when facing lethal attacks, 5 minutes cooldown."	"세라핌은 신들의 축복을 받아 범인과는 다른 초월적인 힘을 지닌 신성한 전사입니다. 그의 기원은 수수께끼에 싸여 있지만, 인간계에서 신들의 뜻을 수행하도록 선택받았다고 전해집니다. 어떤 이는 인간과 천사의 사이에서 태어났다고 수군거리고, 또 어떤 이는 신들이 직접 창조했다고 믿습니다. 기원이 무엇이든 세라핌이 휘두르는 힘은 부정할 수 없으며, 전장에서 그의 존재는 신의 의지를 증명합니다.

판금 갑옷, 검, 철퇴, 방패에 능숙함 (쌍수 사용 불가)
레벨당 생명력 3, 마나 1 획득

능력:

신의 분노: 공격 시 빛 기술에 따라 추가 마법 피해를 줍니다 (빛과 정신 기술 포인트당 피해 +2)

신성한 일격: 공격 시 육체 기술에 따라 파티에서 가장 부상당한 아군을 치유합니다 (육체와 영혼 기술 포인트당 2)

신성한 보호: 치명적인 공격을 받을 때 최대 생명력의 25%를 회복합니다. 재사용 대기시간 5분."	translated	tooltip	1	reviewed_preserved_or_moved_display:1	Scripts/General/zzClasses.lua	"Game.ClassDescriptions[53]=""Seraphim is a divine warrior, blessed by the gods with otherworldly powers that set him apart from mortal fighters. His origins are shrouded in mystery, but it is said that he was chosen by the divine to carry out their will on the mortal plane. Some whisper that he was born from the union of a mortal and an angel, while others believe that he was created by the gods themselves. Regardless of his origins, there is no denying the power that Seraphim wields, and his pre"
Similar to Mind Blast, Psychic Shock targets a single creature with mind damaging magic--only it has a much greater effect.  Psychic Shock does %s points of damage plus 1-%s per point of skill in Mind Magic.	정신 폭발과 비슷하지만 훨씬 강력한 정신 마법으로 단일 대상을 공격합니다. 정신 충격은 %s의 기본 피해와 정신 마법 기술 포인트당 1-%s의 추가 피해를 줍니다.	translated	tooltip	1	reviewed_preserved_or_moved_display:1	Scripts/General/zzMaw-Spells.lua	"Game.SpellsTxt[65].Description=string.format(""Similar to Mind Blast, Psychic Shock targets a single creature with mind damaging magic--only it has a much greater effect.  Psychic Shock does %s points of damage plus 1-%s per point of skill in Mind Magic."",dmgAddTooltip(s, m,65),diceMaxTooltip(s, m,65))"
Simultaneously casts Protection from Fire, Air, Water, Earth, Mind, and Body, plus Feather Fall and Wizard Eye on all your characters at two times your skill in Light Magic.	파티 전체에 화염, 공기, 물, 대지, 정신, 육체 보호와 낙하 완화, 마법의 눈을 동시에 시전합니다. 각 효과는 빛 마법 기술 수치의 두 배로 적용됩니다.	translated	tooltip	1	reviewed_preserved_or_moved_display:1	Scripts/General/zzMaw-Spells.lua	"Game.SpellsTxt[85].Description=""Simultaneously casts Protection from Fire, Air, Water, Earth, Mind, and Body, plus Feather Fall and Wizard Eye on all your characters at two times your skill in Light Magic."""
Slaps a monster with magical force, forcing it to recover from the stun spell before it can do anything else.  Stun also knocks monsters back a little, giving you a chance to get away while the getting is good.  The greater your skill in Earth Magic, the greater the effect of the spell.	마법의 힘으로 괴물을 강타하여, 기절 상태에서 회복될 때까지 아무것도 할 수 없게 만듭니다. 기절은 괴물을 뒤로 밀쳐내어 도망칠 기회를 제공합니다. 대지 마법 숙련도가 높을수록 주문의 효과가 강력해집니다.	translated	tooltip	1	reviewed_preserved_or_moved_display:1	Scripts/General/zzMaw-Spells.lua	"Game.SpellsTxt[34].Description=""Slaps a monster with magical force, forcing it to recover from the stun spell before it can do anything else.  Stun also knocks monsters back a little, giving you a chance to get away while the getting is good.  The greater your skill in Earth Magic, the greater the effect of the spell."""
Slaps a monster with magical force, forcing it to recover from the stun spell before it can do anything else.  Stun also knocks monsters back a little, giving you a chance to get away while the getting is good.  The greater your skill in Earth Magic, the greater the effect of the spell. Stun does %s%% of a melee attack damage.	마법의 힘으로 괴물을 강타하여 기절에서 회복할 때까지 다른 행동을 하지 못하게 합니다. 또한 괴물을 조금 뒤로 밀쳐 도망칠 기회를 줍니다. 대지 마법 숙련도가 높을수록 효과가 강해집니다. 기절은 근접 공격 피해의 %s%%만큼 피해를 줍니다.	translated	tooltip	1	reviewed_preserved_or_moved_display:1	Scripts/Modules/MawCore/Classes.lua	"Game.SpellsTxt[34].Description=string.format(""Slaps a monster with magical force, forcing it to recover from the stun spell before it can do anything else.  Stun also knocks monsters back a little, giving you a chance to get away while the getting is good.  The greater your skill in Earth Magic, the greater the effect of the spell. Stun does %s%% of a melee attack damage."",assassinSpells[34].DamageMult*100)"
Sparks fires small balls of lightning into the world that bounce around until they hit something or dissipate. It is hard to tell where they will go, so this spell is best used in a room crowded with small monsters. Each spark does 1-%s per point of skill in Air Magic.	작은 번개 구체 여러 개를 발사합니다. 구체는 무언가에 부딪히거나 사라질 때까지 튕겨 다니므로 이동 경로를 예측하기 어렵습니다. 작은 몬스터가 많은 방에서 특히 유용합니다. 구체 하나당 피해량은 공기 마법 기술 포인트당 1-%s입니다.	translated	tooltip	1	reviewed_preserved_or_moved_display:1	Scripts/General/zzMaw-Spells.lua	"Game.SpellsTxt[15].Description=string.format(""Sparks fires small balls of lightning into the world that bounce around until they hit something or dissipate. It is hard to tell where they will go, so this spell is best used in a room crowded with small monsters. Each spark does 1-%s per point of skill in Air Magic."",diceMaxTooltip(s, m,15))"
Sprays poison at monsters directly in front of your characters.  Damage is low, but few monsters have resistance to Water Magic, so it usually works.  Each shot does %s points of damage plus 1-%s per point of skill.	파티 바로 앞의 몬스터에게 독을 분사합니다. 피해량은 낮지만 물 마법 저항을 가진 몬스터가 적어 대체로 효과적입니다. 각 분사는 %s의 기본 피해와 기술 포인트당 1-%s의 추가 피해를 줍니다.	translated	tooltip	1	reviewed_preserved_or_moved_display:1	Scripts/General/zzMaw-Spells.lua	"Game.SpellsTxt[24].Description=string.format(""Sprays poison at monsters directly in front of your characters.  Damage is low, but few monsters have resistance to Water Magic, so it usually works.  Each shot does %s points of damage plus 1-%s per point of skill."",dmgAddTooltip(s, m,24),diceMaxTooltip(s, m,24))"
Sprays poison at monsters directly in front of your characters.  Damage is low, but few monsters have resistance to Water Magic, so it usually works.  Each shot does %s%% of a melee attack damage.	파티 바로 앞의 몬스터에게 독을 분사합니다. 피해량은 낮지만 물 마법 저항을 가진 몬스터가 적어 대체로 효과적입니다. 각 분사는 근접 공격 피해의 %s%%만큼 피해를 줍니다.	translated	tooltip	1	reviewed_preserved_or_moved_display:1	Scripts/Modules/MawCore/Classes.lua	"Game.SpellsTxt[24].Description=string.format(""Sprays poison at monsters directly in front of your characters.  Damage is low, but few monsters have resistance to Water Magic, so it usually works.  Each shot does %s%% of a melee attack damage."",assassinSpells[24].DamageMult*100)"
Summons a swarm of biting, stinging insects to bedevil a single target.  The swarm does %s points of damage plus 1-%s per point of skill in Earth Magic.	물고 쏘는 벌레 떼를 소환해 단일 대상을 괴롭힙니다. 벌레 떼는 %s의 기본 피해와 대지 마법 기술 포인트당 1-%s의 추가 피해를 줍니다.	translated	tooltip	1	reviewed_preserved_or_moved_display:1	Scripts/General/zzMaw-Spells.lua	"Game.SpellsTxt[37].Description=string.format(""Summons a swarm of biting, stinging insects to bedevil a single target.  The swarm does %s points of damage plus 1-%s per point of skill in Earth Magic."",dmgAddTooltip(s, m,37),diceMaxTooltip(s, m,37))"
Summons flaming rocks from the sky which fall in a large radius surrounding your chosen target.  Try not to be near the victim when you use this spell.  A single meteor does %s points of damage plus %s per point of skill in Fire Magic.  This spell only works outdoors.	하늘에서 불타는 바위를 소환해 지정한 대상 주변의 넓은 범위에 떨어뜨립니다. 시전할 때 대상 가까이에 있지 않는 것이 좋습니다. 운석 하나당 %s + 화염 마법 기술 포인트당 %s의 피해를 줍니다. 야외에서만 사용할 수 있습니다.	translated	tooltip	1	reviewed_preserved_or_moved_display:1	Scripts/General/zzMaw-Spells.lua	"Game.SpellsTxt[9].Description=string.format(""Summons flaming rocks from the sky which fall in a large radius surrounding your chosen target.  Try not to be near the victim when you use this spell.  A single meteor does %s points of damage plus %s per point of skill in Fire Magic.  This spell only works outdoors."",dmgAddTooltip(s, m,9),diceMaxTooltip(s, m,9))"
Sunray is the second most devastating damage spell in the game. It does %s points of damage plus 1-%s points per point of skill in Light Magic, by concentrating the light of the sun on one unfortunate creature. Indoors it can be cast at any time; outdoors it only works during the day.	게임에서 두 번째로 강력한 피해 주문입니다. 태양빛을 한 대상에게 집중하여 %s의 기본 피해와 빛 마법 기술 포인트당 1-%s의 추가 피해를 줍니다. 실내에서는 언제든 시전할 수 있지만, 야외에서는 낮에만 사용할 수 있습니다.	translated	tooltip	1	reviewed_preserved_or_moved_display:1	Scripts/General/zzMaw-Spells.lua	"Game.SpellsTxt[87].Description=string.format(""Sunray is the second most devastating damage spell in the game. It does %s points of damage plus 1-%s points per point of skill in Light Magic, by concentrating the light of the sun on one unfortunate creature. Indoors it can be cast at any time; outdoors it only works during the day."",dmgAddTooltip(s, m,87),diceMaxTooltip(s, m,87))"
Temporarily increases all seven stats on all your characters by 1 per skill in Light Magic.  This spell lasts until you rest.	파티원 모두의 일곱 능력치를 빛 마법 기술 포인트당 1만큼 일시적으로 증가시킵니다. 휴식할 때까지 지속됩니다.	translated	tooltip	1	reviewed_preserved_or_moved_display:1	Scripts/General/zzMaw-Spells.lua	"Game.SpellsTxt[83].Description=""Temporarily increases all seven stats on all your characters by 1 per skill in Light Magic.  This spell lasts until you rest."""
"The Elementalist is the caster with the highest mana pool, who learns spells not from the book, but from casting spells of the same elemental school. He can't learn Ascension, but his ascension level is directly tied to the sum of the school levels divided by 4. Baseline spell recovery time is 50% higher; however, when he casts Magic, he gains stacks, which increase:

Spell Damage: 10% per stack
Spell Recovery Speed: 5% per stack
Mana Cost: +1 to the spell's BASE cost, before ascension scaling, and +7.5% of the total.

After a few seconds without casting, the stacks decay by 50%. Dealing damage with a bow, melee weapon, or from the spellbook will break concentration, instantly resetting all stacks.

Spells are cast randomly but divided into three categories: Single Target, Area of Effect, and Shotgun. Depending on the chosen quick-cast spell, the rotation is adjusted accordingly. For example, setting Fireball as a quick-cast spell will automatically prioritize AoE spells."	"원소술사는 마나가 가장 많은 마법사이며, 책 대신 같은 원소 계열의 주문을 시전하여 주문을 배웁니다. 승천 기술은 배울 수 없으며, 승천 레벨은 원소 마법 기술 레벨 합계의 4분의 1입니다. 기본 주문 회복 시간이 50% 길지만, 마법을 시전하면 중첩을 얻어 다음 효과가 증가합니다:

주문 피해: 중첩당 10%
주문 회복 속도: 중첩당 5%
마나 비용: 승천 보정을 적용하기 전 기본 비용에 +1, 총비용에 +7.5%.

몇 초 동안 시전하지 않으면 중첩이 50% 감소합니다. 활이나 근접 무기로 피해를 가하거나 주문서에서 시전하면 집중이 깨져 모든 중첩이 즉시 초기화됩니다.

주문은 무작위로 시전되지만 단일 대상, 범위, 산탄의 세 유형으로 나뉩니다. 선택한 빠른 시전 주문에 따라 순환이 조정됩니다. 예를 들어 화염구를 빠른 시전 주문으로 지정하면 범위 주문을 우선합니다."	translated	tooltip	1	reviewed_preserved_or_moved_display:1	Scripts/General/zzClasses.lua	"Game.ClassDescriptions[62] = ""The Elementalist is the caster with the highest mana pool, who learns spells not from the book, but from casting spells of the same elemental school. He can't learn Ascension, but his ascension level is directly tied to the sum of the school levels divided by 4. Baseline spell recovery time is 50% higher; however, when he casts Magic, he gains stacks, which increase:\n\nSpell Damage: 10% per stack\nSpell Recovery Speed: 5% per stack\nMana Cost: +1 to the spell's BAS"
"The Shaman is a mystical warrior whose knowledge of magic enhances his martial prowess.
You can check following values by checking magic schools description in skills menu.
 - Each school will provide a unique bonus. There is strength in diversifying as well as specialization
 - Each point in Air will reduce damage a % pr rank reduced by level
 - Each point in Water will reduce damage by a flat number, making water better for weaker enemies, or if your defenses are already strong
 - Each point in spirit will increase healing and spell damage by a %
 - Fire will deal a % of current monster HP as fire damage, partially piercing this resistance. The bosskiller.
 - Each point in Earth will increase melee damage by a flat amount
 - Each point in Body will heal by flat amount
 - Each point in mind will restore a flat amount of mana"	"주술사는 마법 지식으로 무예를 강화하는 신비한 전사입니다.
기술 메뉴의 마법 계열 설명에서 다음 수치를 확인할 수 있습니다.
 - 각 마법 계열은 고유한 보너스를 제공합니다. 여러 계열에 분산 투자하는 것과 한 계열에 집중하는 것 모두 장점이 있습니다.
 - 공기 기술 포인트마다 받는 피해를 일정 비율 감소시키며, 효과는 레벨에 따라 감소합니다.
 - 물 기술 포인트마다 받는 피해를 고정 수치로 감소시킵니다. 따라서 약한 적을 상대하거나 이미 방어력이 높은 경우 물이 더 효과적입니다.
 - 영혼 기술 포인트마다 치유량과 주문 피해가 일정 비율 증가합니다.
 - 화염은 몬스터의 현재 생명력에 비례한 화염 피해를 주며 저항을 일부 관통합니다. 보스 처치에 특화됩니다.
 - 대지 기술 포인트마다 근접 피해가 고정 수치로 증가합니다.
 - 육체 기술 포인트마다 고정 수치만큼 치유합니다.
 - 정신 기술 포인트마다 고정 수치만큼 마나를 회복합니다."	translated	tooltip	1	reviewed_preserved_or_moved_display:1	Scripts/General/zzClasses.lua	"Game.ClassDescriptions[59] = ""The Shaman is a mystical warrior whose knowledge of magic enhances his martial prowess.\nYou can check following values by checking magic schools description in skills menu.\n - Each school will provide a unique bonus. There is strength in diversifying as well as specialization\n - Each point in Air will reduce damage a % pr rank reduced by level\n - Each point in Water will reduce damage by a flat number, making water better for weaker enemies, or if your defenses "
This ability is an upgraded version of the normal Dragon breath weapon attack.  It acts much like a fireball, striking its target and exploding out to hit everything near it, except the explosion does much more damage than most fireballs.	이 능력은 일반적인 용의 숨결 공격의 강화 버전입니다. 화염구와 비슷하게 작동하여 대상을 타격하고 폭발하여 근처의 모든 것을 공격하지만, 폭발 피해량은 대부분의 화염구보다 훨씬 강력합니다.	translated	tooltip	2	reviewed_preserved_or_moved_display:2	Scripts/General/zzClasses.lua; Scripts/General/zzMaw-Spells.lua	"Game.SpellsTxt[123].Description=""This ability is an upgraded version of the normal Dragon breath weapon attack.  It acts much like a fireball, striking its target and exploding out to hit everything near it, except the explosion does much more damage than most fireballs."""
"This class combines the evil forces with brute power, making it powerful and versatile.
 Learning Frost/Blood/Unholy E/M/GM will unlock automatically new spells. However death knight can't learn spells from books.

Frost:

Increases damage by 1-2-3 (at Novice, Master, Grandmaster levels) and boosts attack speed by 1% for every skill point invested.

Blood:

This skill fortifies their resilience, reducing physical damage taken by 1% per skill point. Additionally, it endows their attacks with a leech effect, converting a portion of the damage dealt into health recovery.

Unholy:

It amplifies damage by 1-2-3 (at Novice, Master, Grandmaster levels) and diminishes magical damage received by 1% for each skill point allocated."	"이 직업은 사악한 힘과 강인한 육체를 결합해 강력하면서도 다재다능합니다.
 냉기/혈기/부정 기술을 전문가/마스터/그랜드마스터로 올리면 새로운 주문을 자동으로 해금합니다. 단, 죽음의 기사는 주문서로 주문을 배울 수 없습니다.

냉기:

초보/마스터/그랜드마스터 단계에서 피해가 각각 1/2/3 증가하며, 투자한 기술 포인트마다 공격 속도가 1% 증가합니다.

혈기:

생존력을 강화해 기술 포인트당 받는 물리 피해를 1% 감소시킵니다. 또한 공격에 생명력 흡수 효과를 부여해 준 피해의 일부를 생명력으로 회복합니다.

부정:

초보/마스터/그랜드마스터 단계에서 피해가 각각 1/2/3 증가하며, 투자한 기술 포인트마다 받는 마법 피해가 1% 감소합니다."	translated	tooltip	1	reviewed_preserved_or_moved_display:1	Scripts/General/zzClasses.lua	"Game.ClassDescriptions[56] = ""This class combines the evil forces with brute power, making it powerful and versatile.\n Learning Frost/Blood/Unholy E/M/GM will unlock automatically new spells. However death knight can't learn spells from books.\n\nFrost:\n\nIncreases damage by 1-2-3 (at Novice, Master, Grandmaster levels) and boosts attack speed by 1% for every skill point invested.\n\nBlood:\n\nThis skill fortifies their resilience, reducing physical damage taken by 1% per skill point. Addition"
This frightening ability grants the Dark Elf the power to wield Darkfire, a dangerous combination of the powers of Dark and Fire. Any target stricken by the Darkfire bolt resists with either its Fire or Dark resistance--whichever is lower. Damage is %s points of damage plus 1-%s per point of skill.	이 무시무시한 능력은 다크 엘프가 어둠과 화염의 힘을 결합한 위험한 다크파이어를 다루게 합니다. 다크파이어에 맞은 대상은 화염 저항과 어둠 저항 중 더 낮은 수치로 저항합니다. 피해량은 %s의 기본 피해 + 기술 포인트당 1-%s입니다.	translated	tooltip	1	reviewed_preserved_or_moved_display:1	Scripts/General/zzMaw-Spells.lua	"Game.SpellsTxt[103].Description=string.format(""This frightening ability grants the Dark Elf the power to wield Darkfire, a dangerous combination of the powers of Dark and Fire. Any target stricken by the Darkfire bolt resists with either its Fire or Dark resistance--whichever is lower. Damage is %s points of damage plus 1-%s per point of skill."",dmgAddTooltip(s, m,103),diceMaxTooltip(s, m,103))"
This horrible spell sucks the life from all creatures in sight, friend or enemy.  Souldrinker then transfers that life to your party in much the same fashion as Shared Life.  Damage (and healing) is %s + 1-%s per point of skill.	시야 안의 모든 생물에게서 생명력을 빼앗습니다. 아군과 적군을 가리지 않습니다. 영혼 흡수는 공동 생명과 비슷한 방식으로 빼앗은 생명력을 파티에 나눠 줍니다. 피해량(및 회복량)은 %s + 기술 포인트당 1-%s입니다.	translated	tooltip	1	reviewed_preserved_or_moved_display:1	Scripts/General/zzMaw-Spells.lua	"Game.SpellsTxt[99].Description=string.format(""This horrible spell sucks the life from all creatures in sight, friend or enemy.  Souldrinker then transfers that life to your party in much the same fashion as Shared Life.  Damage (and healing) is %s + 1-%s per point of skill."",dmgAddTooltip(s, m,99),diceMaxTooltip(s, m,99))"
This is the strongest single damage spell available to death knights and deals damage equal to 	죽음의 기사가 사용할 수 있는 가장 강력한 단일 대상 피해 주문입니다. 피해량: 	translated	tooltip	1	reviewed_preserved_or_moved_display:1	Scripts/Modules/MawCore/Classes.lua	"Game.SpellsTxt[29].Description=""This is the strongest single damage spell available to death knights and deals damage equal to "" .. (mult29[1]*100) .. ""% of current weapon damage."""
This potion has been removed	이 물약은 제거되었습니다	translated	tooltip	1	reviewed_preserved_or_moved_display:1	Scripts/Modules/MawCore/Tooltip.lua	"t.Description=""This potion has been removed"""
This spell is exclusive to Death Knights and deals damage equal to 	죽음의 기사 전용 주문입니다. 피해량: 	translated	tooltip	1	reviewed_preserved_or_moved_display:1	Scripts/Modules/MawCore/Classes.lua	"Game.SpellsTxt[26].Description=""This spell is exclusive to Death Knights and deals damage equal to "" .. (mult26[1]*100) .. ""% of current weapon damage."""
This spell is the town killer. Armageddon inflicts %s points of damage plus %s point of damage for every point of Dark skill your character has to every creature on the map, including all your characters. It can only be cast three times per day and only outdoors.	도시를 초토화하는 주문입니다. 아마겟돈은 맵의 모든 생물과 파티원 전원에게 %s + 캐릭터의 어둠 기술 포인트당 %s의 피해를 줍니다. 하루에 세 번만, 야외에서만 시전할 수 있습니다.	translated	tooltip	1	reviewed_preserved_or_moved_display:1	Scripts/General/zzMaw-Spells.lua	"Game.SpellsTxt[98].Description=string.format(""This spell is the town killer. Armageddon inflicts %s points of damage plus %s point of damage for every point of Dark skill your character has to every creature on the map, including all your characters. It can only be cast three times per day and only outdoors."",dmgAddTooltip(s, m,98),diceMaxTooltip(s, m,98))"
This spell weakens the link between a target's body and soul, causing %s + 2-%s points of damage per point of skill in Spirit Magic to all monsters near the caster.	대상의 육체와 영혼 사이의 연결을 약화시켜 시전자 주변의 모든 몬스터에게 %s + 영혼 마법 기술 포인트당 2-%s의 피해를 줍니다.	translated	tooltip	1	reviewed_preserved_or_moved_display:1	Scripts/General/zzMaw-Spells.lua	"Game.SpellsTxt[52].Description=string.format(""This spell weakens the link between a target's body and soul, causing %s + 2-%s points of damage per point of skill in Spirit Magic to all monsters near the caster."",dmgAddTooltip(s, m,52),diceMaxTooltip(s, m,52))"
"Throw an ice bomb that shatters upon hitting something, most effective versus big foes or multiple enemies.
Deals damage equal to "	"충돌하면 산산이 부서지는 얼음 폭탄을 던집니다. 큰 적이나 여러 적을 상대할 때 특히 효과적입니다.
피해량은 현재 무기 피해의 "	translated	tooltip	1	reviewed_preserved_or_moved_display:1	Scripts/Modules/MawCore/Classes.lua	"Game.SpellsTxt[32].Description=""Throw an ice bomb that shatters upon hitting something, most effective versus big foes or multiple enemies.\nDeals damage equal to "" .. (mult32[1]*100) .. ""% of current weapon damage."""
"Vampiric Aura: damage done will restore player HP.

"	"흡혈 오라: 가한 피해에 따라 플레이어의 생명력이 회복됩니다.

"	translated	tooltip	1	reviewed_preserved_or_moved_display:1	Scripts/Modules/MawCore/Tooltip.lua	"t.Description=StrColor(255,255,153,""Vampiric Aura: damage done will restore player HP.\n\n"") .. t.Description"
Vitality: 	활력: 	translated	tooltip	2	reviewed_preserved_or_moved_display:2	Scripts/Modules/MawCore/Tooltip.lua	"t.Description = t.Description .. ""\n"" .. ""Vitality: "" .. StrColor(255,0,0, increaseVitalityPercent .. ""%"")"
"

Bolster Level in MM6: "	"

MM6 보정 레벨: "	translated	ui	1	reviewed_preserved_or_moved_display:1	Scripts/General/zzMaw-Stats.lua	"t.Text=t.Text ..""\n\nTotal Levels gained: "" .. StrColor(255,255,153,round(getTotalLevel())).. ""\n\nLevels gained in MM6: "" .. StrColor(255,255,153,round(vars.MMLVL[3]*100)/100) .. ""\nLevels gained in MM7: "" .. StrColor(255,255,153,round(vars.MMLVL[2]*100)/100) .. ""\nLevels gained in MM8: "" .. StrColor(255,255,153,round(vars.MMLVL[1]*100)/100) .. ""\n\nBolster Level in MM6: "" .. StrColor(255,255,153,round(bolsterLevel6)) ..""\nBolster Level in MM7: "" .. StrColor(255,255,153,round(bolsterLevel7)) .."
"

Current Health: "	"

현재 생명력: "	translated	ui	1	proven_monster_inspection_field:1	Scripts/General/zzMaw-Monsters.lua	"t.EffectsHeader.Text=t.EffectsHeader.Text .. ""\n\nExperience: "" .. experienceAwarded .. ""\n\nCurrent Health: "" .. shortenNumber(MawCore.MonsterHP.current(mon), 4)"
"

CURRENT MAP HEALING RECOUNT:
Healing Done in current Map:  "	"

현재 맵 회복 집계:
현재 맵 총 회복량:  "	translated	ui	1	reviewed_preserved_or_moved_display:1	Scripts/General/zzMaw-Stats.lua	"t.Text = t.Text .. ""\n\nCURRENT MAP HEALING RECOUNT:\nHealing Done in current Map:  "" .. StrColor(0,255,0,mapvars.healingDone[id]) .. ""\nRegen Healing in current Map: "" .. StrColor(0,255,0,mapvars.regenerationHeal[id]) .. ""\nLeech Healing in current Map: "" .. StrColor(0,255,0,mapvars.leechDone[id])"
"

Damage is reduced by an amount equal to % shown.

Light resistance is equal to the lowest between Mind and Body resistances.
Dark resistance is equal to the lowest between elemental resistances.
Energy resistance is equal to the lowest resistance."	"

표시된 % 수치만큼 피해가 감소합니다.

빛 저항은 정신 저항과 육체 저항 중 낮은 값과 같습니다.
어둠 저항은 원소 저항 중 가장 낮은 값과 같습니다.
에너지 저항은 모든 저항 중 가장 낮은 값과 같습니다."	translated	ui	1	reviewed_preserved_or_moved_display:1	Scripts/General/zzMaw-Stats.lua	"t.Text=t.Text .. ""\n\nDamage is reduced by an amount equal to % shown.\n\nLight resistance is equal to the lowest between Mind and Body resistances.\nDark resistance is equal to the lowest between elemental resistances.\nEnergy resistance is equal to the lowest resistance."""
"

Experience: "	"

경험치: "	translated	ui	1	proven_monster_inspection_field:1	Scripts/General/zzMaw-Monsters.lua	"t.EffectsHeader.Text=t.EffectsHeader.Text .. ""\n\nExperience: "" .. experienceAwarded .. ""\n\nCurrent Health: "" .. shortenNumber(MawCore.MonsterHP.current(mon), 4)"
"

Levels gained in MM6: "	"

MM6에서 획득한 레벨: "	translated	ui	1	reviewed_preserved_or_moved_display:1	Scripts/General/zzMaw-Stats.lua	"t.Text=t.Text ..""\n\nTotal Levels gained: "" .. StrColor(255,255,153,round(getTotalLevel())).. ""\n\nLevels gained in MM6: "" .. StrColor(255,255,153,round(vars.MMLVL[3]*100)/100) .. ""\nLevels gained in MM7: "" .. StrColor(255,255,153,round(vars.MMLVL[2]*100)/100) .. ""\nLevels gained in MM8: "" .. StrColor(255,255,153,round(vars.MMLVL[1]*100)/100) .. ""\n\nBolster Level in MM6: "" .. StrColor(255,255,153,round(bolsterLevel6)) ..""\nBolster Level in MM7: "" .. StrColor(255,255,153,round(bolsterLevel7)) .."
"

Map percentage, Heal/Regen/Leech/Total:"	"

지도 보정치, 치유/재생/흡수/합계:"	translated	ui	1	reviewed_preserved_or_moved_display:1	Scripts/General/zzMaw-Stats.lua	"t.Text = t.Text .. ""\n\nMap percentage, Heal/Regen/Leech/Total:"""
"

Only healing done when monsters are in the nearbies is counted"	"

주변에 몬스터가 있을 때 행한 치유만 집계됩니다"	translated	ui	2	reviewed_preserved_or_moved_display:2	Scripts/General/zzMaw-Stats.lua	"t.Text = t.Text .. ""\n\nOnly healing done when monsters are in the nearbies is counted"""
"

Total average damage reduction: "	"

평균 총 피해 감소: "	translated	ui	1	formatted_colored_text:1	Scripts/General/zzMaw-Stats.lua	"t.Text=string.format(""%s\n\nPhysical damage reduction vs level %s: %s%s"",t.Text,lvl,StrColor(255,255,100,acReduction),StrColor(255,255,100,""%"") .. ""\n\nTotal average damage reduction: "" .. StrColor(255,255,100,totRed) .. ""%"")"
"

TOTAL HEALING RECOUNT:
Total Healing Done:  "	"

전체 회복 집계:
총 회복량:  "	translated	ui	1	reviewed_preserved_or_moved_display:1	Scripts/General/zzMaw-Stats.lua	"t.Text = t.Text .. ""\n\nTOTAL HEALING RECOUNT:\nTotal Healing Done:  "" .. StrColor(0,255,0,vars.healingDone[id]) .. ""\nTotal Regen Healing: "" .. StrColor(0,255,0,vars.regenerationHeal[id]) .. ""\nTotal Leech Healing: "" .. StrColor(0,255,0,vars.leechDone[id])"
"

Total Levels gained: "	"

총 획득 레벨: "	translated	ui	1	reviewed_preserved_or_moved_display:1	Scripts/General/zzMaw-Stats.lua	"t.Text=t.Text ..""\n\nTotal Levels gained: "" .. StrColor(255,255,153,round(getTotalLevel())).. ""\n\nLevels gained in MM6: "" .. StrColor(255,255,153,round(vars.MMLVL[3]*100)/100) .. ""\nLevels gained in MM7: "" .. StrColor(255,255,153,round(vars.MMLVL[2]*100)/100) .. ""\nLevels gained in MM8: "" .. StrColor(255,255,153,round(vars.MMLVL[1]*100)/100) .. ""\n\nBolster Level in MM6: "" .. StrColor(255,255,153,round(bolsterLevel6)) ..""\nBolster Level in MM7: "" .. StrColor(255,255,153,round(bolsterLevel7)) .."
"

Total percentage, Heal/Regen/Leech/Total:"	"

전체 보정치, 치유/재생/흡수/합계:"	translated	ui	1	reviewed_preserved_or_moved_display:1	Scripts/General/zzMaw-Stats.lua	"t.Text = t.Text .. ""\n\nTotal percentage, Heal/Regen/Leech/Total:"""
"
Bolster Level in MM7: "	"
MM7 보정 레벨: "	translated	ui	1	reviewed_preserved_or_moved_display:1	Scripts/General/zzMaw-Stats.lua	"t.Text=t.Text ..""\n\nTotal Levels gained: "" .. StrColor(255,255,153,round(getTotalLevel())).. ""\n\nLevels gained in MM6: "" .. StrColor(255,255,153,round(vars.MMLVL[3]*100)/100) .. ""\nLevels gained in MM7: "" .. StrColor(255,255,153,round(vars.MMLVL[2]*100)/100) .. ""\nLevels gained in MM8: "" .. StrColor(255,255,153,round(vars.MMLVL[1]*100)/100) .. ""\n\nBolster Level in MM6: "" .. StrColor(255,255,153,round(bolsterLevel6)) ..""\nBolster Level in MM7: "" .. StrColor(255,255,153,round(bolsterLevel7)) .."
"
Bolster Level in MM8: "	"
MM8 보정 레벨: "	translated	ui	1	reviewed_preserved_or_moved_display:1	Scripts/General/zzMaw-Stats.lua	"t.Text=t.Text ..""\n\nTotal Levels gained: "" .. StrColor(255,255,153,round(getTotalLevel())).. ""\n\nLevels gained in MM6: "" .. StrColor(255,255,153,round(vars.MMLVL[3]*100)/100) .. ""\nLevels gained in MM7: "" .. StrColor(255,255,153,round(vars.MMLVL[2]*100)/100) .. ""\nLevels gained in MM8: "" .. StrColor(255,255,153,round(vars.MMLVL[1]*100)/100) .. ""\n\nBolster Level in MM6: "" .. StrColor(255,255,153,round(bolsterLevel6)) ..""\nBolster Level in MM7: "" .. StrColor(255,255,153,round(bolsterLevel7)) .."
"
Current bonus Damage: "	"
현재 추가 피해: "	translated	ui	1	reviewed_preserved_or_moved_display:1	Scripts/Modules/MawCore/Tooltip.lua	"legText=legText .. ""\nCurrent bonus Damage: "" .. dmg .. ""%"""
"
Current Reduction: "	"
현재 피해 감소: "	translated	ui	1	reviewed_preserved_or_moved_display:1	Scripts/Modules/MawCore/Tooltip.lua	"legText=legText .. ""\nCurrent Reduction: "" .. red .. ""%"""
"
Leech Healing in current Map: "	"
현재 맵 흡혈 회복량: "	translated	ui	1	reviewed_preserved_or_moved_display:1	Scripts/General/zzMaw-Stats.lua	"t.Text = t.Text .. ""\n\nCURRENT MAP HEALING RECOUNT:\nHealing Done in current Map:  "" .. StrColor(0,255,0,mapvars.healingDone[id]) .. ""\nRegen Healing in current Map: "" .. StrColor(0,255,0,mapvars.regenerationHeal[id]) .. ""\nLeech Healing in current Map: "" .. StrColor(0,255,0,mapvars.leechDone[id])"
"
Levels gained in MM7: "	"
MM7에서 획득한 레벨: "	translated	ui	1	reviewed_preserved_or_moved_display:1	Scripts/General/zzMaw-Stats.lua	"t.Text=t.Text ..""\n\nTotal Levels gained: "" .. StrColor(255,255,153,round(getTotalLevel())).. ""\n\nLevels gained in MM6: "" .. StrColor(255,255,153,round(vars.MMLVL[3]*100)/100) .. ""\nLevels gained in MM7: "" .. StrColor(255,255,153,round(vars.MMLVL[2]*100)/100) .. ""\nLevels gained in MM8: "" .. StrColor(255,255,153,round(vars.MMLVL[1]*100)/100) .. ""\n\nBolster Level in MM6: "" .. StrColor(255,255,153,round(bolsterLevel6)) ..""\nBolster Level in MM7: "" .. StrColor(255,255,153,round(bolsterLevel7)) .."
"
Levels gained in MM8: "	"
MM8에서 획득한 레벨: "	translated	ui	1	reviewed_preserved_or_moved_display:1	Scripts/General/zzMaw-Stats.lua	"t.Text=t.Text ..""\n\nTotal Levels gained: "" .. StrColor(255,255,153,round(getTotalLevel())).. ""\n\nLevels gained in MM6: "" .. StrColor(255,255,153,round(vars.MMLVL[3]*100)/100) .. ""\nLevels gained in MM7: "" .. StrColor(255,255,153,round(vars.MMLVL[2]*100)/100) .. ""\nLevels gained in MM8: "" .. StrColor(255,255,153,round(vars.MMLVL[1]*100)/100) .. ""\n\nBolster Level in MM6: "" .. StrColor(255,255,153,round(bolsterLevel6)) ..""\nBolster Level in MM7: "" .. StrColor(255,255,153,round(bolsterLevel7)) .."
"
Regen Healing in current Map: "	"
현재 맵 재생 회복량: "	translated	ui	1	reviewed_preserved_or_moved_display:1	Scripts/General/zzMaw-Stats.lua	"t.Text = t.Text .. ""\n\nCURRENT MAP HEALING RECOUNT:\nHealing Done in current Map:  "" .. StrColor(0,255,0,mapvars.healingDone[id]) .. ""\nRegen Healing in current Map: "" .. StrColor(0,255,0,mapvars.regenerationHeal[id]) .. ""\nLeech Healing in current Map: "" .. StrColor(0,255,0,mapvars.leechDone[id])"
"
Total Leech Healing: "	"
총 흡혈 회복량: "	translated	ui	1	reviewed_preserved_or_moved_display:1	Scripts/General/zzMaw-Stats.lua	"t.Text = t.Text .. ""\n\nTOTAL HEALING RECOUNT:\nTotal Healing Done:  "" .. StrColor(0,255,0,vars.healingDone[id]) .. ""\nTotal Regen Healing: "" .. StrColor(0,255,0,vars.regenerationHeal[id]) .. ""\nTotal Leech Healing: "" .. StrColor(0,255,0,vars.leechDone[id])"
"
Total Regen Healing: "	"
총 재생 회복량: "	translated	ui	1	reviewed_preserved_or_moved_display:1	Scripts/General/zzMaw-Stats.lua	"t.Text = t.Text .. ""\n\nTOTAL HEALING RECOUNT:\nTotal Healing Done:  "" .. StrColor(0,255,0,vars.healingDone[id]) .. ""\nTotal Regen Healing: "" .. StrColor(0,255,0,vars.regenerationHeal[id]) .. ""\nTotal Leech Healing: "" .. StrColor(0,255,0,vars.leechDone[id])"
 Austerity	 절제	translated	ui	1	reviewed_preserved_or_moved_display:1	Scripts/General/MenuExtraSettings.lua	"gameMode={[0]=""Normal"", [2]=""Doom"", [4]=""Road to\ninsanity"",[6]=""Beyond\nMadness"",[8]="" Austerity"" }"
 General settings	 일반 설정	translated	ui	1	reviewed_preserved_or_moved_display:1	Scripts/General/MenuExtraSettings.lua	"local ExSetScr = NewSettingsPage(""MergeExtraSettings"", "" General settings"", ""ExSetScr"")"
 gold.	 골드가 필요합니다.	translated	ui	1	reviewed_preserved_or_moved_display:1	Scripts/General/zzMAW-Skills.lua	"text=text .. ""\n\nYou need at least "" .. req .. "" skill and "" .. cost .. "" gold."""
 Randomizer	 무작위화	translated	ui	1	reviewed_preserved_or_moved_display:1	Scripts/General/zzzzMalekith-Randomizer.lua	"Text = "" Randomizer"","
 skill and 	 기술과 	translated	ui	1	reviewed_preserved_or_moved_display:1	Scripts/General/zzMAW-Skills.lua	"text=text .. ""\n\nYou need at least "" .. req .. "" skill and "" .. cost .. "" gold."""
"%s

Bonus healing: %s%s

Spell cost reduction: %s%s

Increase the mana by 2 levels worth of mana per 5 personality"	"%s

추가 치유량: %s%s

주문 비용 감소: %s%s

인격 5마다 2레벨 분량의 마나 증가"	translated	ui	1	reviewed_preserved_or_moved_display:1	Scripts/General/zzMaw-Stats.lua	"t.Text=string.format(""%s\n\nBonus healing: %s%s\n\nSpell cost reduction: %s%s\n\nIncrease the mana by 2 levels worth of mana per 5 personality"",baseText,healingBonus,""%"",spellCostReduction,""%"")"
"%s

Bonus magic damage: %s%s

Critical spell strike damage: %s%s"	"%s

추가 마법 피해: %s%s

주문 치명타 피해: %s%s"	translated	ui	1	proven_stat_tooltip_text:1	Scripts/General/zzMaw-Stats.lua	"t.Text=string.format(""%s\n\nBonus magic damage: %s%s\n\nCritical spell strike damage: %s%s"",baseText,bonus,""%"",critDmg*100-100,""%"")"
"%s

CURRENT MAP DAMAGE RECOUNT
Melee Damage done in current map: %s"	"%s

현재 맵 피해 집계
현재 맵 근접 피해량: %s"	translated	ui	1	reviewed_preserved_or_moved_display:1	Scripts/General/zzMaw-Stats.lua	"t.Text=string.format(""%s\n\nCURRENT MAP DAMAGE RECOUNT\nMelee Damage done in current map: %s"",t.Text,StrColor(255,255,100,round(damage)))"
"%s

Hit chance vs level %s monsters: %s%s"	"%s

레벨 %s 몬스터 상대 명중률: %s%s"	translated	ui	2	formatted_colored_text:2	Scripts/General/zzMaw-Stats.lua	"t.Text=string.format(""%s\n\nHit chance vs level %s monsters: %s%s"",t.Text,lvl,StrColor(255,255,100,hitChance),StrColor(255,255,100,""%""))"
"%s

Hit chance: %s up to level %s monsters"	"%s

명중률: %s (몬스터 레벨 %s까지)"	translated	ui	2	formatted_colored_text:2	Scripts/General/zzMaw-Stats.lua	"t.Text=string.format(""%s\n\nHit chance: %s up to level %s monsters"",t.Text,StrColor(255,255,100,""100%""),StrColor(255,255,100,capLvl))"
"%s

HP bonus from Endurance: %s
HP bonus from Body building: %s
HP bonus from items: %s
Base HP: %s

 HP Regen per second: %s (%s)"	"%s

인내력으로 얻는 생명력 보너스: %s
육체 단련으로 얻는 생명력 보너스: %s
아이템으로 얻는 생명력 보너스: %s
기본 생명력: %s

초당 생명력 재생: %s (%s)"	translated	ui	1	formatted_colored_text:1	Scripts/General/zzMaw-Stats.lua	"t.Text=string.format(""%s\n\nHP bonus from Endurance: %s\nHP bonus from Body building: %s\nHP bonus from items: %s\nBase HP: %s\n\n HP Regen per second: %s (%s)"",t.Text,StrColor(0,255,0,hpMap.totalEnduranceBonus), StrColor(0,255,0,hpMap.totalBBBonus),StrColor(0,255,0,round(hpMap.totalhpFromItems)),StrColor(0,255,0,hpMap.totalBaseHP),StrColor(0,255,0,regen),StrColor(0,255,0,regenPct .. ""%""))"
"%s

Map percentage, Melee/Ranged/Total:"	"%s

지도 보정치, 근접/원거리/합계:"	translated	ui	1	reviewed_preserved_or_moved_display:1	Scripts/General/zzMaw-Stats.lua	"t.Text = string.format(""%s\n\nMap percentage, Melee/Ranged/Total:"", t.Text)"
"%s

Melee Haste:   %s%%
Ranged Haste: %s%%
Spell Haste:   %s%%

Chance to Dodge Physical Attacks vs level %s: %s%%"	"%s

근접 가속: %s%%
원거리 가속: %s%%
주문 가속: %s%%

레벨 %s 상대 물리 공격 회피 확률: %s%%"	translated	ui	1	proven_stat_tooltip_text:1	Scripts/General/zzMaw-Stats.lua	"t.Text=string.format(""%s\n\nMelee Haste:   %s%%\nRanged Haste: %s%%\nSpell Haste:   %s%%\n\nChance to Dodge Physical Attacks vs level %s: %s%%"",t.Text,meleeHaste,bowHaste,spellSpeedEffect,refLvl,blockChance)"
"%s

Physical damage reduction vs level %s: %s%s"	"%s

레벨 %s 상대 물리 피해 감소: %s%s"	translated	ui	1	formatted_colored_text:1	Scripts/General/zzMaw-Stats.lua	"t.Text=string.format(""%s\n\nPhysical damage reduction vs level %s: %s%s"",t.Text,lvl,StrColor(255,255,100,acReduction),StrColor(255,255,100,""%"") .. ""\n\nTotal average damage reduction: "" .. StrColor(255,255,100,totRed) .. ""%"")"
"%s

Spell point regen per second: %s"	"%s

초당 주문력 재생: %s"	translated	ui	1	formatted_colored_text:1	Scripts/General/zzMaw-Stats.lua	"t.Text=string.format(""%s\n\nSpell point regen per second: %s"",t.Text,StrColor(40,100,255,perSec))"
"%s

TOTAL DAMAGE RECOUNT
Total Damage done: %s"	"%s

전체 피해 집계
총 피해량: %s"	translated	ui	1	reviewed_preserved_or_moved_display:1	Scripts/General/zzMaw-Stats.lua	"t.Text=string.format(""%s\n\nTOTAL DAMAGE RECOUNT\nTotal Damage done: %s"",t.Text,StrColor(255,255,100,round(damage)))"
"%s

Total percentage, Melee/Ranged/Total:"	"%s

전체 보정치, 근접/원거리/합계:"	translated	ui	1	reviewed_preserved_or_moved_display:1	Scripts/General/zzMaw-Stats.lua	"t.Text = string.format(""%s\n\nTotal percentage, Melee/Ranged/Total:"", t.Text)"
"%s
 %s	 %29s	%32s %s	%37s %s	%42s"	"%s
 %s	 %29s	%32s %s	%37s %s	%42s"	translated	ui	2	reviewed_preserved_or_moved_display:2	Scripts/General/zzMaw-Stats.lua	"t.Text = string.format(""%s\n %s\t %29s\t%32s %s\t%37s %s\t%42s"", t.Text, Party[i].Name,"
"%s
 %s	 %29s	%32s %s	%37s %s	%42s %s	%47s"	"%s
 %s	 %29s	%32s %s	%37s %s	%42s %s	%47s"	translated	ui	2	reviewed_preserved_or_moved_display:2	Scripts/General/zzMaw-Stats.lua	"t.Text = string.format(""%s\n %s\t %29s\t%32s %s\t%37s %s\t%42s %s\t%47s"", t.Text, Party[i].Name,"
"%s
%s"	"%s
%s"	translated	ui	1	proven_stat_tooltip_text:1	Scripts/General/zzMaw-Stats.lua	"t.Text=string.format(""%s\n%s"",t.Text,txt) .. leechAllText(pl)"
"%s
Ranged Damage done in current map: %s"	"%s
현재 맵 원거리 피해량: %s"	translated	ui	1	reviewed_preserved_or_moved_display:1	Scripts/General/zzMaw-Stats.lua	"t.Text=string.format(""%s\nRanged Damage done in current map: %s"",t.Text,StrColor(255,255,100,round(damage)))"
"%s
Total Ranged Damage done: %s"	"%s
총 원거리 피해량: %s"	translated	ui	1	reviewed_preserved_or_moved_display:1	Scripts/General/zzMaw-Stats.lua	"t.Text=string.format(""%s\nTotal Ranged Damage done: %s"",t.Text,StrColor(255,255,100,round(damage)))"
%s bounty hunt completed!	%s 님이 현상금 사냥을 완료했습니다!	translated	ui	1	reviewed_preserved_or_moved_display:1	Scripts/Modules/Multiplayer/Synchronization/Monsters/BountyHunt.lua	"local REMOTE_TEXT = ""%s bounty hunt completed!"""
%s casting Lloyd's Beacon... %s...	%s 님이 로이드의 봉화를 시전 중입니다... %s...	translated	ui	1	reviewed_preserved_or_moved_display:1	Scripts/Modules/Multiplayer/Synchronization/Spells.lua	"local text = ""%s casting Lloyd's Beacon... %s..."""
%s eliminated bounty hunt target.	%s 님이 현상금 사냥 대상을 처치했습니다.	translated	ui	1	reviewed_preserved_or_moved_display:1	Scripts/Modules/Multiplayer/Synchronization/Monsters/BountyHunt.lua	"local TARGET_ELIMINATED_TEXT = ""%s eliminated bounty hunt target."""
446561746820436f756e743a20	ec82aceba79d20ed9a9fec88983a20	translated	ui	1	reviewed_preserved_or_moved_display:1	Scripts/General/zzMaw-Monsters.lua	"deathCounter.Text=_H""446561746820436f756e743a20""..vars.MadnessDeathCounter"
Another player picked that up first.	다른 플레이어가 먼저 가져갔습니다.	translated	ui	1	reviewed_preserved_or_moved_display:1	Scripts/Modules/Multiplayer/Synchronization/Objects.lua	"local PICKED_BY_OTHER_TEXT = ""Another player picked that up first."""
"Beyond
Madness"	"광란을
넘어"	translated	ui	1	reviewed_preserved_or_moved_display:1	Scripts/General/MenuExtraSettings.lua	"gameMode={[0]=""Normal"", [2]=""Doom"", [4]=""Road to\ninsanity"",[6]=""Beyond\nMadness"",[8]="" Austerity"" }"
Bounty	현상금	translated	ui	1	reviewed_preserved_or_moved_display:1	Scripts/General/BountyHunt.lua	"Note.Text=""Bounty"""
Casts Acid Burst on hit	명중 시 산성 폭발을 시전합니다	translated	ui	1	display_field_assignment:1	Scripts/General/zzzMaw_Artifacts.lua	"Text = ""Casts Acid Burst on hit"","
Casts Fireball on hit	명중 시 화염구를 시전합니다	translated	ui	2	display_field_assignment:2	Scripts/General/zzzMaw_Artifacts.lua	"Text = ""Casts Fireball on hit"","
Casts Lightning Bolt on hit	명중 시 번개 화살을 시전합니다	translated	ui	1	display_field_assignment:1	Scripts/General/zzzMaw_Artifacts.lua	"Text = ""Casts Lightning Bolt on hit"","
Clerics only	성직자 전용	translated	ui	1	display_field_assignment:1	Scripts/General/zzzMaw_Artifacts.lua	"[516]  = {Text = ""Clerics only"","
"Cold\01200000	070"	"냉기\01200000	070"	translated	ui	1	reviewed_preserved_or_moved_display:1	Scripts/General/zzMaw-Monsters.lua	"t.Resistances[3].Text=string.format(""Cold\01200000	070"" .. res[2])"
Dark Elves only	다크 엘프 전용	translated	ui	1	display_field_assignment:1	Scripts/General/zzzMaw_Artifacts.lua	"[514]  = {Text = ""Dark Elves only"","
Debuffs:	디버프:	translated	ui	1	reviewed_preserved_or_moved_display:1	Scripts/General/zzMaw-Monsters.lua	"t.EffectsHeader.Text = t.EffectsHeader.Text .. ""\n\n"" .. StrColor(255,200,0, ""Debuffs:"" .. activeDebuffs)"
Disabled	비활성화	translated	ui	1	reviewed_preserved_or_moved_display:1	Scripts/Modules/MawCore/SkillTooltip.lua	"enableDisableText = StrColor(255,0,0, ""Disabled"")"
Doom	파멸	translated	ui	3	reviewed_preserved_or_moved_display:3	Scripts/General/MenuExtraSettings.lua; Scripts/General/zzMaw-Monsters.lua	"gameMode={[0]=""Normal"", [2]=""Doom"", [4]=""Road to\ninsanity"",[6]=""Beyond\nMadness"",[8]="" Austerity"" }"
Dwarves only	드워프 전용	translated	ui	1	display_field_assignment:1	Scripts/General/zzzMaw_Artifacts.lua	"[1336] = {Text = ""Dwarves only"","
Easy	쉬움	translated	ui	1	reviewed_preserved_or_moved_display:1	Scripts/General/MenuExtraSettings.lua	"MAWBOLSTER={[0]=""Easy"", [50]=""Norm."", [100]=""MAW"", [150]=""Hard"", [200]=""Hell"", [250]=""Night\nmare"", [300]=""Night\nmare"",[600]=""Doom""}"
"Elec\01200000	070"	"전기\01200000	070"	translated	ui	1	reviewed_preserved_or_moved_display:1	Scripts/General/zzMaw-Monsters.lua	"t.Resistances[2].Text=string.format(""Elec\01200000	070"" .. res[1])"
"Elementalist offensive spells, when casted randomly, grant elementalist stacks, which increase spell damage, speed and cost.
Press R to enable/disable random rotation.
Currently "	"원소술사의 공격 주문을 무작위로 시전하면 원소술사 중첩을 얻으며, 중첩에 따라 주문 피해, 속도, 비용이 증가합니다.
R키로 무작위 로테이션을 활성화/비활성화합니다.
현재 "	translated	ui	1	reviewed_preserved_or_moved_display:1	Scripts/Modules/MawCore/SkillTooltip.lua	"local rotationText = StrColor(0,0,0,""Elementalist offensive spells, when casted randomly, grant elementalist stacks, which increase spell damage, speed and cost.\nPress R to enable/disable random rotation.\nCurrently "") .. enableDisableText .. ""\n\n"""
Elves only	엘프 전용	translated	ui	2	display_field_assignment:2	Scripts/General/zzzMaw_Artifacts.lua	"[532]  = {Text = ""Elves only"","
Enabled	활성화	translated	ui	1	reviewed_preserved_or_moved_display:1	Scripts/Modules/MawCore/SkillTooltip.lua	"local enableDisableText = StrColor(0,255,0, ""Enabled"")"
"Fire\01200000	070"	"화염\01200000	070"	translated	ui	1	reviewed_preserved_or_moved_display:1	Scripts/General/zzMaw-Monsters.lua	"t.Resistances[1].Text=string.format(""Fire\01200000	070"" .. res[0]%1000)"
Goblins only	고블린 전용	translated	ui	1	display_field_assignment:1	Scripts/General/zzzMaw_Artifacts.lua	"[1333] = {Text = ""Goblins only"","
Hard	어려움	translated	ui	1	reviewed_preserved_or_moved_display:1	Scripts/General/MenuExtraSettings.lua	"MAWBOLSTER={[0]=""Easy"", [50]=""Norm."", [100]=""MAW"", [150]=""Hard"", [200]=""Hell"", [250]=""Night\nmare"", [300]=""Night\nmare"",[600]=""Doom""}"
Hell	지옥	translated	ui	1	reviewed_preserved_or_moved_display:1	Scripts/General/MenuExtraSettings.lua	"MAWBOLSTER={[0]=""Easy"", [50]=""Norm."", [100]=""MAW"", [150]=""Hard"", [200]=""Hell"", [250]=""Night\nmare"", [300]=""Night\nmare"",[600]=""Doom""}"
"Hit Points 	100"	"체력 	100"	translated	ui	1	reviewed_preserved_or_moved_display:1	Scripts/General/zzMaw-Monsters.lua	"t.HitPoints.Text=""Hit Points \t100"" .. shortenNumber(round(cur), 3, true)"
HP: 	생명력: 	translated	ui	1	reviewed_preserved_or_moved_display:1	Scripts/Modules/Multiplayer/UI/RemotePlayers.lua	"self.text_hp.Text = ""HP: "" .. hp_text"
Humans only	인간 전용	translated	ui	1	display_field_assignment:1	Scripts/General/zzzMaw_Artifacts.lua	"[1334] = {Text = ""Humans only"","
If you seek to pursuit a new path and reset your skills, you have come to the right place.	새로운 길을 택해 기술을 초기화하려 한다면 제대로 찾아오셨습니다.	translated	ui	1	reviewed_preserved_or_moved_display:1	Scripts/Global/zzMAWRespec.lua	"Text = ""If you seek to pursuit a new path and reset your skills, you have come to the right place."""
in combat	전투 중	translated	ui	1	formatted_colored_text:1	Scripts/Modules/Multiplayer/UI/RemotePlayers.lua	"local tb_text = self.data.tb_phase == 2 and StrColor(255, 255, 0, ""in combat"")"
"Intellect represents a character's ability to reason and understand complex, abstract concepts.
Spell Damage and Spell Critical Damage are based on Intellect."	"지능은 복잡하고 추상적인 개념을 추론하고 이해하는 능력을 나타냅니다.
주문 피해와 주문 치명타 피해는 지능을 기반으로 합니다."	translated	ui	1	reviewed_preserved_or_moved_display:1	Scripts/General/zzMaw-Stats.lua	"local baseText=""Intellect represents a character's ability to reason and understand complex, abstract concepts.\nSpell Damage and Spell Critical Damage are based on Intellect."""
Knights only	기사 전용	translated	ui	1	display_field_assignment:1	Scripts/General/zzzMaw_Artifacts.lua	"[515]  = {Text = ""Knights only"","
Level:          	레벨:          	translated	ui	1	reviewed_preserved_or_moved_display:1	Scripts/General/zzMaw-Monsters.lua	"t.ArmorClass.Text=string.format(""Level:          "" .. lvl .. ""\n"" .. t.ArmorClass.Text)"
Liches only	리치 전용	translated	ui	1	display_field_assignment:1	Scripts/General/zzzMaw_Artifacts.lua	"[521]  = {Text = ""Liches only"","
"Magic\01200000	070"	"마법\01200000	070"	translated	ui	1	reviewed_preserved_or_moved_display:1	Scripts/General/zzMaw-Monsters.lua	"t.Resistances[4].Text=string.format(""Magic\01200000	070"" .. magicRes)"
MAW SETTINGS	MAW 설정	translated	ui	1	reviewed_preserved_or_moved_display:1	Scripts/General/AdaptiveMonstersStats.lua	"local ScreenId = CustomUI.NewSettingsPage(""BolsterFineTuning"", ""MAW SETTINGS"", ""ExSetScr2"")"
Men only	남성 전용	translated	ui	1	display_field_assignment:1	Scripts/General/zzzMaw_Artifacts.lua	"[1337] = {Text = ""Men only"","
Minotaurs only	미노타우로스 전용	translated	ui	1	display_field_assignment:1	Scripts/General/zzzMaw_Artifacts.lua	"[504]  = {Text = ""Minotaurs only"","
Necromancers and Liches only	강령술사 및 리치 전용	translated	ui	1	display_field_assignment:1	Scripts/General/zzzMaw_Artifacts.lua	"[529]  = {Text = ""Necromancers and Liches only"","
"Night
mare"	악몽	translated	ui	2	reviewed_preserved_or_moved_display:2	Scripts/General/MenuExtraSettings.lua	"MAWBOLSTER={[0]=""Easy"", [50]=""Norm."", [100]=""MAW"", [150]=""Hard"", [200]=""Hell"", [250]=""Night\nmare"", [300]=""Night\nmare"",[600]=""Doom""}"
Norm.	보통	translated	ui	1	reviewed_preserved_or_moved_display:1	Scripts/General/MenuExtraSettings.lua	"MAWBOLSTER={[0]=""Easy"", [50]=""Norm."", [100]=""MAW"", [150]=""Hard"", [200]=""Hell"", [250]=""Night\nmare"", [300]=""Night\nmare"",[600]=""Doom""}"
Personality represents both a character's strength of will and personal charm. Maximum spell points, Mana cost and Healing Power are based on Personality.	인격은 의지력과 개인적인 매력을 모두 나타냅니다. 최대 주문력, 마나 비용, 회복 위력은 인격을 기반으로 합니다.	translated	ui	1	reviewed_preserved_or_moved_display:1	Scripts/General/zzMaw-Stats.lua	"local baseText=""Personality represents both a character's strength of will and personal charm. Maximum spell points, Mana cost and Healing Power are based on Personality."""
"Poison\01200000	070"	"중독\01200000	070"	translated	ui	1	reviewed_preserved_or_moved_display:1	Scripts/General/zzMaw-Monsters.lua	"t.Resistances[4].Text=string.format(""Poison\01200000	070"" .. res[10])"
Range: 	거리: 	translated	ui	1	reviewed_preserved_or_moved_display:1	Scripts/Modules/Multiplayer/UI/RemotePlayers.lua	"self.text_range.Text = ""Range: "" .. range"
"Road to
insanity"	"광기로 가는
길"	translated	ui	1	reviewed_preserved_or_moved_display:1	Scripts/General/MenuExtraSettings.lua	"gameMode={[0]=""Normal"", [2]=""Doom"", [4]=""Road to\ninsanity"",[6]=""Beyond\nMadness"",[8]="" Austerity"" }"
Show players location	플레이어 위치 표시	translated	ui	1	reviewed_preserved_or_moved_display:1	Scripts/Modules/Multiplayer/UI/GlobalMap.lua	"Text = ""Show players location"","
Slows the target on hit	명중 시 대상의 속도를 감소시킵니다	translated	ui	2	display_field_assignment:2	Scripts/General/zzzMaw_Artifacts.lua	"Text = ""Slows the target on hit"","
SP: 	주문력: 	translated	ui	1	reviewed_preserved_or_moved_display:1	Scripts/Modules/Multiplayer/UI/RemotePlayers.lua	"self.text_sp.Text = ""SP: "" .. sp_text"
Turn-based mode is not available in multiplayer.	멀티플레이에서는 턴 기반 모드를 사용할 수 없습니다.	translated	ui	1	reviewed_preserved_or_moved_display:1	Scripts/Modules/Multiplayer/Synchronization/TurnBased.lua	"local DISABLED_TEXT = ""Turn-based mode is not available in multiplayer."""
Vampires only	뱀파이어 전용	translated	ui	1	display_field_assignment:1	Scripts/General/zzzMaw_Artifacts.lua	"[508]  = {Text = ""Vampires only"","
Welcome to the arena, warriors! This might be different than you remember. Prepare yourselves, sharpen your skills, and brace for the challenge ahead. Get ready to showcase your strength, strategy, and determination. The battle awaits!	전사들이여, 투기장에 온 것을 환영합니다! 기억하던 모습과는 다를 수 있습니다. 각오를 다지고 기술을 연마해 눈앞의 도전에 대비하십시오. 힘과 전략, 의지를 증명할 준비를 하십시오. 전투가 기다립니다!	translated	ui	1	reviewed_preserved_or_moved_display:1	Scripts/Global/zzMaw_Arena.lua	"Text = ""Welcome to the arena, warriors! This might be different than you remember. Prepare yourselves, sharpen your skills, and brace for the challenge ahead. Get ready to showcase your strength, strategy, and determination. The battle awaits!"""
Women only	여성 전용	translated	ui	1	display_field_assignment:1	Scripts/General/zzzMaw_Artifacts.lua	"[1338] = {Text = ""Women only"","
"You have been defeated.
Press ESC to accept death or wait for another player to revive you."	"패배했습니다.
ESC를 눌러 죽음을 받아들이거나 다른 플레이어가 되살려 줄 때까지 기다리세요."	translated	ui	1	reviewed_preserved_or_moved_display:1	Scripts/Modules/Multiplayer/Synchronization/Players/Stats.lua	"local text = ""You have been defeated.\nPress ESC to accept death or wait for another player to revive you."""
You need to clear the area COMPLETELY first.	먼저 이 지역을 완전히 정리해야 합니다.	translated	ui	1	reviewed_preserved_or_moved_display:1	Scripts/General/BountyHunt.lua	"BountyText = ""You need to clear the area COMPLETELY first."""
