file	source	context	patchable	reason
Scripts/General/AdaptiveMonstersStats.lua	MAW SETTINGS	"local ScreenId = CustomUI.NewSettingsPage(""BolsterFineTuning"", ""MAW SETTINGS"", ""ExSetScr2"")"	yes	reviewed_preserved_or_moved_display
Scripts/General/BountyHunt.lua	monster	"local contents = Yellow(MonName or ""monster"")"	yes	reviewed_preserved_or_moved_display
Scripts/General/BountyHunt.lua	You need to clear the area COMPLETELY first.	"BountyText = ""You need to clear the area COMPLETELY first."""	yes	reviewed_preserved_or_moved_display
Scripts/General/BountyHunt.lua	Bounty	"Note.Text=""Bounty"""	yes	reviewed_preserved_or_moved_display
Scripts/General/MenuExtraSettings.lua	 General settings	"local ExSetScr = NewSettingsPage(""MergeExtraSettings"", "" General settings"", ""ExSetScr"")"	yes	reviewed_preserved_or_moved_display
Scripts/General/MenuExtraSettings.lua	 Austerity	"gameMode={[0]=""Normal"", [2]=""Doom"", [4]=""Road to\ninsanity"",[6]=""Beyond\nMadness"",[8]="" Austerity"" }"	yes	reviewed_preserved_or_moved_display
Scripts/General/MenuExtraSettings.lua	"Beyond
Madness"	"gameMode={[0]=""Normal"", [2]=""Doom"", [4]=""Road to\ninsanity"",[6]=""Beyond\nMadness"",[8]="" Austerity"" }"	yes	reviewed_preserved_or_moved_display
Scripts/General/MenuExtraSettings.lua	Doom	"gameMode={[0]=""Normal"", [2]=""Doom"", [4]=""Road to\ninsanity"",[6]=""Beyond\nMadness"",[8]="" Austerity"" }"	yes	reviewed_preserved_or_moved_display
Scripts/General/MenuExtraSettings.lua	Normal	"gameMode={[0]=""Normal"", [2]=""Doom"", [4]=""Road to\ninsanity"",[6]=""Beyond\nMadness"",[8]="" Austerity"" }"	yes	reviewed_preserved_or_moved_display
Scripts/General/MenuExtraSettings.lua	"Road to
insanity"	"gameMode={[0]=""Normal"", [2]=""Doom"", [4]=""Road to\ninsanity"",[6]=""Beyond\nMadness"",[8]="" Austerity"" }"	yes	reviewed_preserved_or_moved_display
Scripts/General/MenuExtraSettings.lua	Doom	"MAWBOLSTER={[0]=""Easy"", [50]=""Norm."", [100]=""MAW"", [150]=""Hard"", [200]=""Hell"", [250]=""Night\nmare"", [300]=""Night\nmare"",[600]=""Doom""}"	yes	reviewed_preserved_or_moved_display
Scripts/General/MenuExtraSettings.lua	Easy	"MAWBOLSTER={[0]=""Easy"", [50]=""Norm."", [100]=""MAW"", [150]=""Hard"", [200]=""Hell"", [250]=""Night\nmare"", [300]=""Night\nmare"",[600]=""Doom""}"	yes	reviewed_preserved_or_moved_display
Scripts/General/MenuExtraSettings.lua	Hard	"MAWBOLSTER={[0]=""Easy"", [50]=""Norm."", [100]=""MAW"", [150]=""Hard"", [200]=""Hell"", [250]=""Night\nmare"", [300]=""Night\nmare"",[600]=""Doom""}"	yes	reviewed_preserved_or_moved_display
Scripts/General/MenuExtraSettings.lua	Hell	"MAWBOLSTER={[0]=""Easy"", [50]=""Norm."", [100]=""MAW"", [150]=""Hard"", [200]=""Hell"", [250]=""Night\nmare"", [300]=""Night\nmare"",[600]=""Doom""}"	yes	reviewed_preserved_or_moved_display
Scripts/General/MenuExtraSettings.lua	MAW	"MAWBOLSTER={[0]=""Easy"", [50]=""Norm."", [100]=""MAW"", [150]=""Hard"", [200]=""Hell"", [250]=""Night\nmare"", [300]=""Night\nmare"",[600]=""Doom""}"	yes	reviewed_preserved_or_moved_display
Scripts/General/MenuExtraSettings.lua	"Night
mare"	"MAWBOLSTER={[0]=""Easy"", [50]=""Norm."", [100]=""MAW"", [150]=""Hard"", [200]=""Hell"", [250]=""Night\nmare"", [300]=""Night\nmare"",[600]=""Doom""}"	yes	reviewed_preserved_or_moved_display
Scripts/General/MenuExtraSettings.lua	"Night
mare"	"MAWBOLSTER={[0]=""Easy"", [50]=""Norm."", [100]=""MAW"", [150]=""Hard"", [200]=""Hell"", [250]=""Night\nmare"", [300]=""Night\nmare"",[600]=""Doom""}"	yes	reviewed_preserved_or_moved_display
Scripts/General/MenuExtraSettings.lua	Norm.	"MAWBOLSTER={[0]=""Easy"", [50]=""Norm."", [100]=""MAW"", [150]=""Hard"", [200]=""Hell"", [250]=""Night\nmare"", [300]=""Night\nmare"",[600]=""Doom""}"	yes	reviewed_preserved_or_moved_display
Scripts/General/NPCFollowers.lua	I wouldn't join in your reckless adventure, not even for all the wealth in the world.	"Message(""I wouldn't join in your reckless adventure, not even for all the wealth in the world."")"	yes	reviewed_preserved_or_moved_display
Scripts/General/NPCFollowers.lua	NPC PANEL	"MF.RegisterExtraKeyBind({DefKey = 0x30, RegValue = ""xkey_npcpanel"", Label = ""NPC PANEL"","	yes	reviewed_preserved_or_moved_display
Scripts/General/NPCFollowers.lua	NPC %d	"Label = strformat(""NPC %d"", i),"	yes	reviewed_preserved_or_moved_display
Scripts/General/NPCFollowers.lua	Following you would be foolish	"Game.NPCTopic[1680]=""Following you would be foolish"""	yes	reviewed_preserved_or_moved_display
Scripts/General/pseudoSpawnpoint.lua	"

Subsequent spawn failure reasons:
"	"local errorMessage = ""\nCouldn't spawn monster, spawnpoint data: "" .. dump(t) .. ""\n\nSubsequent spawn failure reasons:\n"" .. table.concat(t2, ""\n"")"	yes	reviewed_preserved_or_moved_display
Scripts/General/pseudoSpawnpoint.lua	"
Couldn't spawn monster, spawnpoint data: "	"local errorMessage = ""\nCouldn't spawn monster, spawnpoint data: "" .. dump(t) .. ""\n\nSubsequent spawn failure reasons:\n"" .. table.concat(t2, ""\n"")"	yes	reviewed_preserved_or_moved_display
Scripts/General/zSERIOUSMAW.lua	Serpent Mother	"name[200]=""Serpent Mother"""	yes	reviewed_preserved_or_moved_display
Scripts/General/zSERIOUSMAW.lua	Captain Sharp-Tooth	"name[201]=""Captain Sharp-Tooth"""	yes	reviewed_preserved_or_moved_display
Scripts/General/zSERIOUSMAW.lua	Captain Strong-Scale	"name[202]=""Captain Strong-Scale"""	yes	reviewed_preserved_or_moved_display
Scripts/General/zSERIOUSMAW.lua	Captain Finch	"name[203]=""Captain Finch"""	yes	reviewed_preserved_or_moved_display
Scripts/General/zSERIOUSMAW.lua	Mountain Man	"name[204]=""Mountain Man"""	yes	reviewed_preserved_or_moved_display
Scripts/General/zSERIOUSMAW.lua	Huge Orc	"name[304]=""Huge Orc"""	yes	reviewed_preserved_or_moved_display
Scripts/General/zSERIOUSMAW.lua	Naga Empress	"name[205]=""Naga Empress"""	yes	reviewed_preserved_or_moved_display
Scripts/General/zzAlchemy.lua	Potion Deleted in MAW	"Game.ItemsTxt[i].Name=""Potion Deleted in MAW"""	yes	reviewed_preserved_or_moved_display
Scripts/General/zzAlchemy.lua	Potion Deleted in Austerity	"Game.ItemsTxt[i].Name=""Potion Deleted in Austerity"""	yes	reviewed_preserved_or_moved_display
Scripts/General/zzAlchemy.lua	Potion Deleted in Austerity	"Game.ItemsTxt[i].Name=""Potion Deleted in Austerity"""	yes	reviewed_preserved_or_moved_display
Scripts/General/zzAlchemy.lua	Potion Deleted in Austerity	"Game.ItemsTxt[i].Name=""Potion Deleted in Austerity"""	yes	reviewed_preserved_or_moved_display
Scripts/General/zzAlchemy.lua	Player must be active to consume the potion	"Game.ShowStatusText(""Player must be active to consume the potion"")"	yes	reviewed_preserved_or_moved_display
Scripts/General/zzAlchemy.lua	This potion has not enough power	"Game.ShowStatusText(""This potion has not enough power"")"	yes	reviewed_preserved_or_moved_display
Scripts/General/zzAlchemy.lua	Can't benefit anymore	"Game.ShowStatusText(""Can't benefit anymore"")"	yes	reviewed_preserved_or_moved_display
Scripts/General/zzAlchemy.lua	Can't benefit anymore	"Game.ShowStatusText(""Can't benefit anymore"")"	yes	reviewed_preserved_or_moved_display
Scripts/General/zzAlchemy.lua	Curse Immunity	"Game.ShowStatusText(""Curse Immunity"")"	yes	reviewed_preserved_or_moved_display
Scripts/General/zzAlchemy.lua	Weakness Immunity	"Game.ShowStatusText(""Weakness Immunity"")"	yes	reviewed_preserved_or_moved_display
Scripts/General/zzAlchemy.lua	Forced Sleep Immunity	"Game.ShowStatusText(""Forced Sleep Immunity"")"	yes	reviewed_preserved_or_moved_display
Scripts/General/zzAlchemy.lua	Insanity Immunity	"Game.ShowStatusText(""Insanity Immunity"")"	yes	reviewed_preserved_or_moved_display
Scripts/General/zzAlchemy.lua	Poison Immunity	"Game.ShowStatusText(""Poison Immunity"")"	yes	reviewed_preserved_or_moved_display
Scripts/General/zzAlchemy.lua	Disease Immunity	"Game.ShowStatusText(""Disease Immunity"")"	yes	reviewed_preserved_or_moved_display
Scripts/General/zzAlchemy.lua	Paralysis Immunity	"Game.ShowStatusText(""Paralysis Immunity"")"	yes	reviewed_preserved_or_moved_display
Scripts/General/zzAlchemy.lua	Unconscious Immunity	"Game.ShowStatusText(""Unconscious Immunity"")"	yes	reviewed_preserved_or_moved_display
Scripts/General/zzAlchemy.lua	Petrify Immunity	"Game.ShowStatusText(""Petrify Immunity"")"	yes	reviewed_preserved_or_moved_display
Scripts/General/zzAlchemy.lua	Fear Immunity	"Game.ShowStatusText(""Fear Immunity"")"	yes	reviewed_preserved_or_moved_display
Scripts/General/zzAlchemy.lua	Cures and prevents Weakness and inducted Sleep for 6 hours.	"[224] = ""Cures and prevents Weakness and inducted Sleep for 6 hours."","	yes	reviewed_preserved_or_moved_display
Scripts/General/zzAlchemy.lua	Cures and prevents Disease and Poison for 6 hours.	"[225] = ""Cures and prevents Disease and Poison for 6 hours."","	yes	reviewed_preserved_or_moved_display
Scripts/General/zzAlchemy.lua	Cures and prevents Curse and Paralysis for 6 hours.	"[226] = ""Cures and prevents Curse and Paralysis for 6 hours."","	yes	reviewed_preserved_or_moved_display
Scripts/General/zzAlchemy.lua	Cures and prevents Fear and Insanity for 6 hours.	"[227] = ""Cures and prevents Fear and Insanity for 6 hours."","	yes	reviewed_preserved_or_moved_display
Scripts/General/zzAlchemy.lua	Increases Speed for 6 Hours	"[228] = ""Increases Speed for 6 Hours"","	yes	reviewed_preserved_or_moved_display
Scripts/General/zzAlchemy.lua	Increases Melee damage by 5+(0.5 x Power) for 6 Hours	"[229] = ""Increases Melee damage by 5+(0.5 x Power) for 6 Hours"","	yes	reviewed_preserved_or_moved_display
Scripts/General/zzAlchemy.lua	Increases Attack by 5+(0.5 x Power) for 6 Hours	"[230] = ""Increases Attack by 5+(0.5 x Power) for 6 Hours"","	yes	reviewed_preserved_or_moved_display
Scripts/General/zzAlchemy.lua	"Grants Preservation and Shield (as the spell) for 6 Hours
Require 20 power to work.
"	"[231] = ""Grants Preservation and Shield (as the spell) for 6 Hours\nRequire 20 power to work.\n"","	yes	reviewed_preserved_or_moved_display
Scripts/General/zzAlchemy.lua	Grants bonus to Meditation skill for 6 hours.	"[232] = ""Grants bonus to Meditation skill for 6 hours."","	yes	reviewed_preserved_or_moved_display
Scripts/General/zzAlchemy.lua	Regenerates Health for 6 hours.	"[233] = ""Regenerates Health for 6 hours."","	yes	reviewed_preserved_or_moved_display
Scripts/General/zzAlchemy.lua	Increases Armor Class  by 5+(0.5 x Power) for 6 Hours	"[234] = ""Increases Armor Class  by 5+(0.5 x Power) for 6 Hours"","	yes	reviewed_preserved_or_moved_display
Scripts/General/zzAlchemy.lua	"Prevents drowning damage for 6 hours.
Require 20 power to work.
"	"[235] = ""Prevents drowning damage for 6 hours.\nRequire 20 power to work.\n"","	yes	reviewed_preserved_or_moved_display
Scripts/General/zzAlchemy.lua	"Increases item's roughness, making it more resistant to breaking.
"	"[236] = ""Increases item's roughness, making it more resistant to breaking.\n"","	yes	reviewed_preserved_or_moved_display
Scripts/General/zzAlchemy.lua	"Grant 5 +1 per 10 potion power charges of Magic Protection (as the spell) for 6 hours.
From 50 power on will protect also from death and eradication.
"	"[237] = ""Grant 5 +1 per 10 potion power charges of Magic Protection (as the spell) for 6 hours.\nFrom 50 power on will protect also from death and eradication.\n"","	yes	reviewed_preserved_or_moved_display
Scripts/General/zzAlchemy.lua	"Grant 1 enchant to an unenchanted item, based on potion Power.
Require at least 20 power to work.
"	"[238] = ""Grant 1 enchant to an unenchanted item, based on potion Power.\nRequire at least 20 power to work.\n"","	yes	reviewed_preserved_or_moved_display
Scripts/General/zzAlchemy.lua	"Cures and prevent Stoned condition for 6 hours.
Require 20 power to work.
"	"[239] = ""Cures and prevent Stoned condition for 6 hours.\nRequire 20 power to work.\n"","	yes	reviewed_preserved_or_moved_display
Scripts/General/zzAlchemy.lua	Temporarily increases by 10+(1 x Power) Might and Accuracy for 6 hours.	"[240] = ""Temporarily increases by 10+(1 x Power) Might and Accuracy for 6 hours."","	yes	reviewed_preserved_or_moved_display
Scripts/General/zzAlchemy.lua	Temporarily increases by 10+(1 x Power) Intellect and Personality for 6 hours.	"[241] = ""Temporarily increases by 10+(1 x Power) Intellect and Personality for 6 hours."","	yes	reviewed_preserved_or_moved_display
Scripts/General/zzAlchemy.lua	Temporarily increases by 10+(1 x Power) Endurance, Speed and Luck for 6 hours.	"[242] = ""Temporarily increases by 10+(1 x Power) Endurance, Speed and Luck for 6 hours."","	yes	reviewed_preserved_or_moved_display
Scripts/General/zzAlchemy.lua	"Adds a random tier 2 elemental damage enchant to a weapon
Require 40 power to work.
"	"[243] = ""Adds a random tier 2 elemental damage enchant to a weapon\nRequire 40 power to work.\n"","	yes	reviewed_preserved_or_moved_display
Scripts/General/zzAlchemy.lua	"Adds 'of Swiftness' property to a non-magic weapon.
Require 40 power to work.
"	"[244] = ""Adds 'of Swiftness' property to a non-magic weapon.\nRequire 40 power to work.\n"","	yes	reviewed_preserved_or_moved_display
Scripts/General/zzAlchemy.lua	Provides Haste+Heroism+Bless.	"[245] = ""Provides Haste+Heroism+Bless."","	yes	reviewed_preserved_or_moved_display
Scripts/General/zzAlchemy.lua	"Removes and prevents all conditions, except Dead and Eradication, for 6 hours.
Require 40 power to work.
"	"[246] = ""Removes and prevents all conditions, except Dead and Eradication, for 6 hours.\nRequire 40 power to work.\n"","	yes	reviewed_preserved_or_moved_display
Scripts/General/zzAlchemy.lua	Heals based on the potion's power of hit points.	"[247] = ""Heals based on the potion's power of hit points."","	yes	reviewed_preserved_or_moved_display
Scripts/General/zzAlchemy.lua	Restores based on the potion's power of spell points.	"[248] = ""Restores based on the potion's power of spell points."","	yes	reviewed_preserved_or_moved_display
Scripts/General/zzAlchemy.lua	Increases temporary Fire, Air, Water and Earth resistance. (Dark)	"[249] = ""Increases temporary Fire, Air, Water and Earth resistance. (Dark)"","	yes	reviewed_preserved_or_moved_display
Scripts/General/zzAlchemy.lua	Increases temporary Mind and Body resistance. (Light)	"[250] = ""Increases temporary Mind and Body resistance. (Light)"","	yes	reviewed_preserved_or_moved_display
Scripts/General/zzAlchemy.lua	Provides Shield+Stone Skin+Preservation.	"[251] = ""Provides Shield+Stone Skin+Preservation."","	yes	reviewed_preserved_or_moved_display
Scripts/General/zzAlchemy.lua	"Permanently adds 20 per 50 potion power to permanent Might and Accuracy.
Previously gained bonus do not stack.
"	"[252] = ""Permanently adds 20 per 50 potion power to permanent Might and Accuracy.\nPreviously gained bonus do not stack.\n"","	yes	reviewed_preserved_or_moved_display
Scripts/General/zzAlchemy.lua	"Permanently adds 20 per 50 potion power to permanent Intellect and Wisdom.
Previously gained bonus do not stack.
"	"[253] = ""Permanently adds 20 per 50 potion power to permanent Intellect and Wisdom.\nPreviously gained bonus do not stack.\n"","	yes	reviewed_preserved_or_moved_display
Scripts/General/zzAlchemy.lua	"Permanently adds 20 per 50 potion power to permanent Endurance, Speed and Luck.
Previously gained bonus do not stack.
"	"[254] = ""Permanently adds 20 per 50 potion power to permanent Endurance, Speed and Luck.\nPreviously gained bonus do not stack.\n"","	yes	reviewed_preserved_or_moved_display
Scripts/General/zzAlchemy.lua	"Permanently adds a random tier 3 elemental damage enchant to a weapon.
Require 50 power to work.
"	"[255] = ""Permanently adds a random tier 3 elemental damage enchant to a weapon.\nRequire 50 power to work.\n"","	yes	reviewed_preserved_or_moved_display
Scripts/General/zzAlchemy.lua	"Permanently adds 'of Darkness' property to a non-magic weapon.
Require 100 power to work.
"	"[256] = ""Permanently adds 'of Darkness' property to a non-magic weapon.\nRequire 100 power to work.\n"","	yes	reviewed_preserved_or_moved_display
Scripts/General/zzAlchemy.lua	Increases all Seven Statistics temporarily by 10+(1 x Power) for 6 hours.	"[257] = ""Increases all Seven Statistics temporarily by 10+(1 x Power) for 6 hours."","	yes	reviewed_preserved_or_moved_display
Scripts/General/zzAlchemy.lua	"Fix caracter age at 60.
Require 50 power to work.
"	"[258] = ""Fix caracter age at 60.\nRequire 50 power to work.\n"","	yes	reviewed_preserved_or_moved_display
Scripts/General/zzAlchemy.lua	"Fix caracter age at 20.
Require 50 power to work.
"	"[260] = ""Fix caracter age at 20.\nRequire 50 power to work.\n"","	yes	reviewed_preserved_or_moved_display
Scripts/General/zzAlchemy.lua	"Permanently adds 30 per 50 potion power to Fire, Air, Water and Earth Resistance, single-use.
Require 50 power per step to work.
Previously gained bonus do not stack.
"	"[261] = ""Permanently adds 30 per 50 potion power to Fire, Air, Water and Earth Resistance, single-use.\nRequire 50 power per step to work.\nPreviously gained bonus do not stack.\n"","	yes	reviewed_preserved_or_moved_display
Scripts/General/zzAlchemy.lua	"Permanently adds 30 per 50 potion power to Mind and Body Resistance, single-use.
Require 50 power per step to work.
Previously gained bonus do not stack.
"	"[262] = ""Permanently adds 30 per 50 potion power to Mind and Body Resistance, single-use.\nRequire 50 power per step to work.\nPreviously gained bonus do not stack.\n"","	yes	reviewed_preserved_or_moved_display
Scripts/General/zzAlchemy.lua	Increases all resistances temporarily by 10+ (1 x Power) for 6 hours.	"[263] = ""Increases all resistances temporarily by 10+ (1 x Power) for 6 hours."","	yes	reviewed_preserved_or_moved_display
Scripts/General/zzAlchemy.lua	% for 6 hours.	"return ""Increases your Attack Speed by "" .. pct(const.Spells.Haste, power) .. ""% for 6 hours."""	yes	reviewed_preserved_or_moved_display
Scripts/General/zzAlchemy.lua	Increases your Attack Speed by 	"return ""Increases your Attack Speed by "" .. pct(const.Spells.Haste, power) .. ""% for 6 hours."""	yes	reviewed_preserved_or_moved_display
Scripts/General/zzAlchemy.lua	% for 6 hours.	"return ""Increases your Melee Damage by "" .. pct(const.Spells.Heroism, power) .. ""% for 6 hours."""	yes	reviewed_preserved_or_moved_display
Scripts/General/zzAlchemy.lua	Increases your Melee Damage by 	"return ""Increases your Melee Damage by "" .. pct(const.Spells.Heroism, power) .. ""% for 6 hours."""	yes	reviewed_preserved_or_moved_display
Scripts/General/zzAlchemy.lua	%, for 6 hours.	"return ""Increases your Attack, and your Accuracy by "" .. statPct(power) .. ""%, for 6 hours."""	yes	reviewed_preserved_or_moved_display
Scripts/General/zzAlchemy.lua	Increases your Attack, and your Accuracy by 	"return ""Increases your Attack, and your Accuracy by "" .. statPct(power) .. ""%, for 6 hours."""	yes	reviewed_preserved_or_moved_display
Scripts/General/zzAlchemy.lua	"% and grants Preservation for 6 hours.
Require 20 power to work.
"	"return ""Reduces magic damage taken by "" .. pct(const.Spells.Shield, power) .. ""% and grants Preservation for 6 hours.\nRequire 20 power to work.\n"""	yes	reviewed_preserved_or_moved_display
Scripts/General/zzAlchemy.lua	Reduces magic damage taken by 	"return ""Reduces magic damage taken by "" .. pct(const.Spells.Shield, power) .. ""% and grants Preservation for 6 hours.\nRequire 20 power to work.\n"""	yes	reviewed_preserved_or_moved_display
Scripts/General/zzAlchemy.lua	Increases your Armor Class for 6 hours.	"potionText[234]=""Increases your Armor Class for 6 hours."""	yes	reviewed_preserved_or_moved_display
Scripts/General/zzAlchemy.lua	% Attack Speed), Heroism (+	"return ""Grants Haste (+"" .. pct(const.Spells.Haste, power) .. ""% Attack Speed), Heroism (+"""	yes	reviewed_preserved_or_moved_display
Scripts/General/zzAlchemy.lua	Grants Haste (+	"return ""Grants Haste (+"" .. pct(const.Spells.Haste, power) .. ""% Attack Speed), Heroism (+"""	yes	reviewed_preserved_or_moved_display
Scripts/General/zzAlchemy.lua	% Melee Damage) and Bless (+	".. pct(const.Spells.Heroism, power) .. ""% Melee Damage) and Bless (+"" .. statPct(power)"	yes	reviewed_preserved_or_moved_display
Scripts/General/zzAlchemy.lua	% Accuracy) for 6 hours.	".. ""% Accuracy) for 6 hours."""	yes	reviewed_preserved_or_moved_display
Scripts/General/zzAlchemy.lua	%, for 6 hours.	"return ""Increases your Fire, Air, Water and Earth Resistance, and those stats by "" .. statPct(power) .. ""%, for 6 hours."""	yes	reviewed_preserved_or_moved_display
Scripts/General/zzAlchemy.lua	Increases your Fire, Air, Water and Earth Resistance, and those stats by 	"return ""Increases your Fire, Air, Water and Earth Resistance, and those stats by "" .. statPct(power) .. ""%, for 6 hours."""	yes	reviewed_preserved_or_moved_display
Scripts/General/zzAlchemy.lua	%, for 6 hours.	"return ""Increases your Mind and Body Resistance, and those stats by "" .. statPct(power) .. ""%, for 6 hours."""	yes	reviewed_preserved_or_moved_display
Scripts/General/zzAlchemy.lua	Increases your Mind and Body Resistance, and those stats by 	"return ""Increases your Mind and Body Resistance, and those stats by "" .. statPct(power) .. ""%, for 6 hours."""	yes	reviewed_preserved_or_moved_display
Scripts/General/zzAlchemy.lua	Grants Shield (-	"return ""Grants Shield (-"" .. pct(const.Spells.Shield, power)"	yes	reviewed_preserved_or_moved_display
Scripts/General/zzAlchemy.lua	% magic damage taken), Stone Skin and Preservation for 6 hours.	".. ""% magic damage taken), Stone Skin and Preservation for 6 hours."""	yes	reviewed_preserved_or_moved_display
Scripts/General/zzAlchemy.lua	Increases all seven of your Statistics by 	"return ""Increases all seven of your Statistics by "" .. statPctLight(power)"	yes	reviewed_preserved_or_moved_display
Scripts/General/zzAlchemy.lua	% for 6 hours.	".. ""% for 6 hours."""	yes	reviewed_preserved_or_moved_display
Scripts/General/zzAlchemy.lua	Permanently grants Skill Points. Requires 	"return ""Permanently grants Skill Points. Requires """	yes	reviewed_preserved_or_moved_display
Scripts/General/zzAlchemy.lua	 power per step to work.	".. BLACK_POTION_POWER_PER_STEP .. "" power per step to work."""	yes	reviewed_preserved_or_moved_display
Scripts/General/zzAlchemy.lua	Permanently grants 	"return ""Permanently grants "" .. GetTranscendenceSkillPoints(step)"	yes	reviewed_preserved_or_moved_display
Scripts/General/zzAlchemy.lua	 Skill Points (step 	".. "" Skill Points (step "" .. step .. "").\nOnly the difference over the """	yes	reviewed_preserved_or_moved_display
Scripts/General/zzAlchemy.lua	").
Only the difference over the "	".. "" Skill Points (step "" .. step .. "").\nOnly the difference over the """	yes	reviewed_preserved_or_moved_display
Scripts/General/zzAlchemy.lua	best one already drunk is granted.	".. ""best one already drunk is granted."""	yes	reviewed_preserved_or_moved_display
Scripts/General/zzAlchemy.lua	 for 6 hours.	"return ""Increases every one of your Resistances by "" .. round(value) .. "" for 6 hours."""	yes	reviewed_preserved_or_moved_display
Scripts/General/zzAlchemy.lua	Increases every one of your Resistances by 	"return ""Increases every one of your Resistances by "" .. round(value) .. "" for 6 hours."""	yes	reviewed_preserved_or_moved_display
Scripts/General/zzAlchemy.lua	"Recipes:
Add Red: Haste
Add Blue: Protection
Add Yellow: Stone Skin
Add Purple: Magic Protection
Add Green: Stone to Flesh"	"[225]=""Recipes:\nAdd Red: Haste\nAdd Blue: Protection\nAdd Yellow: Stone Skin\nAdd Purple: Magic Protection\nAdd Green: Stone to Flesh"","	yes	reviewed_preserved_or_moved_display
Scripts/General/zzAlchemy.lua	"Recipes:
Add Red: Heroism
Add Blue: Meditation
Add Yellow: Water Breathing
Add Orange: Magic Protection
Add Green: Enchant Item"	"[226]=""Recipes:\nAdd Red: Heroism\nAdd Blue: Meditation\nAdd Yellow: Water Breathing\nAdd Orange: Magic Protection\nAdd Green: Enchant Item"","	yes	reviewed_preserved_or_moved_display
Scripts/General/zzAlchemy.lua	"Recipes:
Add Red: Bless
Add Blue: Regeneration
Add Yellow: Harden Item
Add Orange: Stone to Flesh
Add Purple: Enchant Item"	"[227]=""Recipes:\nAdd Red: Bless\nAdd Blue: Regeneration\nAdd Yellow: Harden Item\nAdd Orange: Stone to Flesh\nAdd Purple: Enchant Item"","	yes	reviewed_preserved_or_moved_display
Scripts/General/zzAlchemy.lua	"Recipes:
Add Orange: Champion's Potion
Add Purple: Power Boost
Add Green: Divine Cure"	"[228]=""Recipes:\nAdd Orange: Champion's Potion\nAdd Purple: Power Boost\nAdd Green: Divine Cure"","	yes	reviewed_preserved_or_moved_display
Scripts/General/zzAlchemy.lua	"Recipes:
Add Orange: Champion's Potion
Add Purple: Power Boost
Add Green: Divine Cure"	"[229]=""Recipes:\nAdd Orange: Champion's Potion\nAdd Purple: Power Boost\nAdd Green: Divine Cure"","	yes	reviewed_preserved_or_moved_display
Scripts/General/zzAlchemy.lua	"Recipes:
Add Orange: Champion's Potion
Add Purple: Power Boost
Add Green: Divine Cure"	"[230]=""Recipes:\nAdd Orange: Champion's Potion\nAdd Purple: Power Boost\nAdd Green: Divine Cure"","	yes	reviewed_preserved_or_moved_display
Scripts/General/zzAlchemy.lua	"Recipes:
Add Orange: Lesser Element
Add Purple: Wisdom Boost
Add Green: Divine Magic"	"[231]=""Recipes:\nAdd Orange: Lesser Element\nAdd Purple: Wisdom Boost\nAdd Green: Divine Magic"","	yes	reviewed_preserved_or_moved_display
Scripts/General/zzAlchemy.lua	"Recipes:
Add Orange: Lesser Element
Add Purple: Wisdom Boost
Add Green: Divine Magic"	"[232]=""Recipes:\nAdd Orange: Lesser Element\nAdd Purple: Wisdom Boost\nAdd Green: Divine Magic"","	yes	reviewed_preserved_or_moved_display
Scripts/General/zzAlchemy.lua	"Recipes:
Add Orange: Lesser Element
Add Purple: Wisdom Boost
Add Green: Divine Magic"	"[233]=""Recipes:\nAdd Orange: Lesser Element\nAdd Purple: Wisdom Boost\nAdd Green: Divine Magic"","	yes	reviewed_preserved_or_moved_display
Scripts/General/zzAlchemy.lua	"Recipes:
Add Orange: Swiftness
Add Purple: Resilience Boost
Add Green: Divine Restoration"	"[234]=""Recipes:\nAdd Orange: Swiftness\nAdd Purple: Resilience Boost\nAdd Green: Divine Restoration"","	yes	reviewed_preserved_or_moved_display
Scripts/General/zzAlchemy.lua	"Recipes:
Add Orange: Swiftness
Add Purple: Resilience Boost
Add Green: Divine Restoration"	"[235]=""Recipes:\nAdd Orange: Swiftness\nAdd Purple: Resilience Boost\nAdd Green: Divine Restoration"","	yes	reviewed_preserved_or_moved_display
Scripts/General/zzAlchemy.lua	"Recipes:
Add Orange: Swiftness
Add Purple: Resilience Boost
Add Green: Divine Restoration"	"[236]=""Recipes:\nAdd Orange: Swiftness\nAdd Purple: Resilience Boost\nAdd Green: Divine Restoration"","	yes	reviewed_preserved_or_moved_display
Scripts/General/zzAlchemy.lua	"Recipes:
Add Orange: Self Resistance
Add Purple: Elemental Resistance
Add Green: Paladin's Potion"	"[237]=""Recipes:\nAdd Orange: Self Resistance\nAdd Purple: Elemental Resistance\nAdd Green: Paladin's Potion"","	yes	reviewed_preserved_or_moved_display
Scripts/General/zzAlchemy.lua	"Recipes:
Add Orange: Self Resistance
Add Purple: Elemental Resistance
Add Green: Paladin's Potion"	"[238]=""Recipes:\nAdd Orange: Self Resistance\nAdd Purple: Elemental Resistance\nAdd Green: Paladin's Potion"","	yes	reviewed_preserved_or_moved_display
Scripts/General/zzAlchemy.lua	"Recipes:
Add Orange: Self Resistance
Add Purple: Elemental Resistance
Add Green: Paladin's Potion"	"[239]=""Recipes:\nAdd Orange: Self Resistance\nAdd Purple: Elemental Resistance\nAdd Green: Paladin's Potion"","	yes	reviewed_preserved_or_moved_display
Scripts/General/zzAlchemy.lua	"Recipes:
Add Red: Pure Power
Add Blue: Pure Wisdom
Add Yellow: Pure Resilience"	"[240]=""Recipes:\nAdd Red: Pure Power\nAdd Blue: Pure Wisdom\nAdd Yellow: Pure Resilience"","	yes	reviewed_preserved_or_moved_display
Scripts/General/zzAlchemy.lua	"Recipes:
Add Red: Pure Power
Add Blue: Pure Wisdom
Add Yellow: Pure Resilience"	"[241]=""Recipes:\nAdd Red: Pure Power\nAdd Blue: Pure Wisdom\nAdd Yellow: Pure Resilience"","	yes	reviewed_preserved_or_moved_display
Scripts/General/zzAlchemy.lua	"Recipes:
Add Red: Pure Power
Add Blue: Pure Wisdom
Add Yellow: Pure Resilience"	"[242]=""Recipes:\nAdd Red: Pure Power\nAdd Blue: Pure Wisdom\nAdd Yellow: Pure Resilience"","	yes	reviewed_preserved_or_moved_display
Scripts/General/zzAlchemy.lua	"Recipes:
Add Red: Divine Blessing
Add Blue: Darkness
Add Yellow: Greater Element"	"[243]=""Recipes:\nAdd Red: Divine Blessing\nAdd Blue: Darkness\nAdd Yellow: Greater Element"","	yes	reviewed_preserved_or_moved_display
Scripts/General/zzAlchemy.lua	"Recipes:
Add Red: Divine Blessing
Add Blue: Darkness
Add Yellow: Greater Element"	"[244]=""Recipes:\nAdd Red: Divine Blessing\nAdd Blue: Darkness\nAdd Yellow: Greater Element"","	yes	reviewed_preserved_or_moved_display
Scripts/General/zzAlchemy.lua	"Recipes:
Add Red: Divine Blessing
Add Blue: Darkness
Add Yellow: Greater Element"	"[245]=""Recipes:\nAdd Red: Divine Blessing\nAdd Blue: Darkness\nAdd Yellow: Greater Element"","	yes	reviewed_preserved_or_moved_display
Scripts/General/zzAlchemy.lua	"Recipes:
Add Red: Twilight
Add Blue: Dawn
Add Yellow: Trascendance"	"[246]=""Recipes:\nAdd Red: Twilight\nAdd Blue: Dawn\nAdd Yellow: Trascendance"","	yes	reviewed_preserved_or_moved_display
Scripts/General/zzAlchemy.lua	"Recipes:
Add Red: Twilight
Add Blue: Dawn
Add Yellow: Trascendance"	"[247]=""Recipes:\nAdd Red: Twilight\nAdd Blue: Dawn\nAdd Yellow: Trascendance"","	yes	reviewed_preserved_or_moved_display
Scripts/General/zzAlchemy.lua	"Recipes:
Add Red: Twilight
Add Blue: Dawn
Add Yellow: Trascendance"	"[248]=""Recipes:\nAdd Red: Twilight\nAdd Blue: Dawn\nAdd Yellow: Trascendance"","	yes	reviewed_preserved_or_moved_display
Scripts/General/zzAlchemy.lua	"Recipes:
Add Red: Pure Elemental Resistance
Add Blue: Divine Resistance
Add Yellow: Pure Self Resistance"	"[249]=""Recipes:\nAdd Red: Pure Elemental Resistance\nAdd Blue: Divine Resistance\nAdd Yellow: Pure Self Resistance"","	yes	reviewed_preserved_or_moved_display
Scripts/General/zzAlchemy.lua	"Recipes:
Add Red: Pure Elemental Resistance
Add Blue: Divine Resistance
Add Yellow: Pure Self Resistance"	"[250]=""Recipes:\nAdd Red: Pure Elemental Resistance\nAdd Blue: Divine Resistance\nAdd Yellow: Pure Self Resistance"","	yes	reviewed_preserved_or_moved_display
Scripts/General/zzAlchemy.lua	"Recipes:
Add Red: Pure Elemental Resistance
Add Blue: Divine Resistance
Add Yellow: Pure Self Resistance"	"[251]=""Recipes:\nAdd Red: Pure Elemental Resistance\nAdd Blue: Divine Resistance\nAdd Yellow: Pure Self Resistance"","	yes	reviewed_preserved_or_moved_display
Scripts/General/zzAlchemy.lua	"

Master will grant 1% to drop random reagents from Monsters.
At GM this chance is doubled."	"Skillz.setDesc(const.Skills.Alchemy,1,Skillz.getDesc(const.Skills.Alchemy,1) .. ""\n\nMaster will grant 1% to drop random reagents from Monsters.\nAt GM this chance is doubled."")"	yes	reviewed_preserved_or_moved_display
Scripts/General/zzAlchemy.lua	Allows to make white potions. Power when mixing will be increased to 1.5 per skill point.	"Game.SkillDesMaster[const.Skills.Alchemy]=""Allows to make white potions. Power when mixing will be increased to 1.5 per skill point."""	yes	reviewed_preserved_or_moved_display
Scripts/General/zzAlchemy.lua	Allows to make black potions. Power when mixing will be increased to 2 and increases potion duration by 6 Minutes per skill point. Allows the Endless potion to be dropped by monsters, which power is determined by Alchemy level.	"Game.SkillDesGM[const.Skills.Alchemy]=""Allows to make black potions. Power when mixing will be increased to 2 and increases potion duration by 6 Minutes per skill point. Allows the Endless potion to be dropped by monsters, which power is determined by Alchemy level."""	yes	reviewed_preserved_or_moved_display
Scripts/General/zzAlchemy.lua	 required)	"Game.ShowStatusText(""Your level is too low (Level "" .. levelRequired .. "" required)"")"	yes	reviewed_preserved_or_moved_display
Scripts/General/zzAlchemy.lua	Your level is too low (Level 	"Game.ShowStatusText(""Your level is too low (Level "" .. levelRequired .. "" required)"")"	yes	reviewed_preserved_or_moved_display
Scripts/General/zzAlchemy.lua	No enchants	"Game.ShowStatusText(""No enchants"")"	yes	reviewed_preserved_or_moved_display
Scripts/General/zzAlchemy.lua	Gem power is not enough	"Game.ShowStatusText(""Gem power is not enough"")"	yes	reviewed_preserved_or_moved_display
Scripts/General/zzAlchemy.lua	 required)	"Game.ShowStatusText(""Your level is too low (Level "" .. levelRequired .. "" required)"")"	yes	reviewed_preserved_or_moved_display
Scripts/General/zzAlchemy.lua	Your level is too low (Level 	"Game.ShowStatusText(""Your level is too low (Level "" .. levelRequired .. "" required)"")"	yes	reviewed_preserved_or_moved_display
Scripts/General/zzAlchemy.lua	Invalid Item	"Game.ShowStatusText(""Invalid Item"")"	yes	reviewed_preserved_or_moved_display
Scripts/General/zzAlchemy.lua	Lunar Shard	"""Lunar Shard"","	yes	reviewed_preserved_or_moved_display
Scripts/General/zzAlchemy.lua	Fire Topaz	"""Fire Topaz"","	yes	reviewed_preserved_or_moved_display
Scripts/General/zzAlchemy.lua	Amethyst Chunk	"""Amethyst Chunk"","	yes	reviewed_preserved_or_moved_display
Scripts/General/zzAlchemy.lua	Amber Droplet	"""Amber Droplet"","	yes	reviewed_preserved_or_moved_display
Scripts/General/zzAlchemy.lua	Royal Amethyst	"""Royal Amethyst"","	yes	reviewed_preserved_or_moved_display
Scripts/General/zzAlchemy.lua	Gemcutter's Ruby	"""Gemcutter's Ruby"","	yes	reviewed_preserved_or_moved_display
Scripts/General/zzAlchemy.lua	Erudite Crystal	"""Erudite Crystal"","	yes	reviewed_preserved_or_moved_display
Scripts/General/zzAlchemy.lua	Erathian Sapphire	"""Erathian Sapphire"","	yes	reviewed_preserved_or_moved_display
Scripts/General/zzAlchemy.lua	Queen's Diamond	"""Queen's Diamond"","	yes	reviewed_preserved_or_moved_display
Scripts/General/zzAlchemy.lua	Ascended Lunar Shard	"""Ascended Lunar Shard"","	yes	reviewed_preserved_or_moved_display
Scripts/General/zzAlchemy.lua	Ascended Fire Topaz	"""Ascended Fire Topaz"","	yes	reviewed_preserved_or_moved_display
Scripts/General/zzAlchemy.lua	Ascended Amethyst Chunk	"""Ascended Amethyst Chunk"","	yes	reviewed_preserved_or_moved_display
Scripts/General/zzAlchemy.lua	Ascended Amber Droplet	"""Ascended Amber Droplet"","	yes	reviewed_preserved_or_moved_display
Scripts/General/zzAlchemy.lua	Ascended Royal Amethyst	"""Ascended Royal Amethyst"","	yes	reviewed_preserved_or_moved_display
Scripts/General/zzAlchemy.lua	Ascended Gemcutter's Ruby	"""Ascended Gemcutter's Ruby"","	yes	reviewed_preserved_or_moved_display
Scripts/General/zzAlchemy.lua	Ascended Solarstone	"""Ascended Solarstone"","	yes	reviewed_preserved_or_moved_display
Scripts/General/zzAlchemy.lua	Ascended Erudite Crystal	"""Ascended Erudite Crystal"","	yes	reviewed_preserved_or_moved_display
Scripts/General/zzAlchemy.lua	Ascended Erathian Sapphire	"""Ascended Erathian Sapphire"","	yes	reviewed_preserved_or_moved_display
Scripts/General/zzAlchemy.lua	Ascended Queen's Diamond	"""Ascended Queen's Diamond"","	yes	reviewed_preserved_or_moved_display
Scripts/General/zzAlchemy.lua	Eye of Void	"""Eye of Void"","	yes	reviewed_preserved_or_moved_display
Scripts/General/zzAlchemy.lua	Creator's Hourglass	"""Creator's Hourglass"","	yes	reviewed_preserved_or_moved_display
Scripts/General/zzAlchemy.lua	Pandora's Cube	"""Pandora's Cube"","	yes	reviewed_preserved_or_moved_display
Scripts/General/zzAlchemy.lua	Archibald's Mirror	"""Archibald's Mirror"","	yes	reviewed_preserved_or_moved_display
Scripts/General/zzAlchemy.lua	Emerald of Power	"""Emerald of Power"","	yes	reviewed_preserved_or_moved_display
Scripts/General/zzAlchemy.lua	Pearl of Memory	"""Pearl of Memory"","	yes	reviewed_preserved_or_moved_display
Scripts/General/zzAlchemy.lua	Orb of Creation	"""Orb of Creation"","	yes	reviewed_preserved_or_moved_display
Scripts/General/zzAlchemy.lua	Celestial Orb	"""Celestial Orb"","	yes	reviewed_preserved_or_moved_display
Scripts/General/zzAlchemy.lua	"This Eye allows to add a Special enchant to any equipment that has already 2 base enchants
(right-click on an item with a base enchant to use)"	"txt[1061].Notes=""This Eye allows to add a Special enchant to any equipment that has already 2 base enchants\n(right-click on an item with a base enchant to use)"""	yes	reviewed_preserved_or_moved_display
Scripts/General/zzAlchemy.lua	"This Hourglass allows to add a second base enchant to any equipment that has 1 base and a special enchant
(right-click on an item with a base enchant to use)"	"txt[1062].Notes=""This Hourglass allows to add a second base enchant to any equipment that has 1 base and a special enchant\n(right-click on an item with a base enchant to use)"""	yes	reviewed_preserved_or_moved_display
Scripts/General/zzAlchemy.lua	% on artifacts, 	"txt[1063].Notes=""Pandora's Cube refines the base damage of a weapon or the base armor of a piece of armor, up to "" .. CUBE_QUALITY_MAX .. ""% above what the item is worth.\nThe better the item, the less one Cube adds to it: "" .. cubeQualityStep[const.Rarity.Common] .. ""% on plain and enchanted items, "" .. cubeQualityStep[const.Rarity.Rare] .. ""% on rare, "" .. cubeQualityStep[const.Rarity.Epic] .. ""% on epic, "" .. cubeQualityStep[const.Rarity.Ancient] .. ""% on ancient, "" .. cubeQualityStep[const.R"	yes	reviewed_preserved_or_moved_display
Scripts/General/zzAlchemy.lua	"% on celestial.
(right-click on a weapon or armor to use)"	"txt[1063].Notes=""Pandora's Cube refines the base damage of a weapon or the base armor of a piece of armor, up to "" .. CUBE_QUALITY_MAX .. ""% above what the item is worth.\nThe better the item, the less one Cube adds to it: "" .. cubeQualityStep[const.Rarity.Common] .. ""% on plain and enchanted items, "" .. cubeQualityStep[const.Rarity.Rare] .. ""% on rare, "" .. cubeQualityStep[const.Rarity.Epic] .. ""% on epic, "" .. cubeQualityStep[const.Rarity.Ancient] .. ""% on ancient, "" .. cubeQualityStep[const.R"	yes	reviewed_preserved_or_moved_display
Scripts/General/zzAlchemy.lua	% on primordial and legendary, 	"txt[1063].Notes=""Pandora's Cube refines the base damage of a weapon or the base armor of a piece of armor, up to "" .. CUBE_QUALITY_MAX .. ""% above what the item is worth.\nThe better the item, the less one Cube adds to it: "" .. cubeQualityStep[const.Rarity.Common] .. ""% on plain and enchanted items, "" .. cubeQualityStep[const.Rarity.Rare] .. ""% on rare, "" .. cubeQualityStep[const.Rarity.Epic] .. ""% on epic, "" .. cubeQualityStep[const.Rarity.Ancient] .. ""% on ancient, "" .. cubeQualityStep[const.R"	yes	reviewed_preserved_or_moved_display
Scripts/General/zzAlchemy.lua	The Pearl of Memory is a mystical item valued for its power to erase one random enchant from any enchanted item.	"txt[1066].Notes=""The Pearl of Memory is a mystical item valued for its power to erase one random enchant from any enchanted item."""	yes	reviewed_preserved_or_moved_display
Scripts/General/zzAlchemy.lua	"Oracle's Orb is a mysterious and powerful artifact, a large, purple orb with a haunting face suspended within its core. This enigmatic relic is known for storing legendary abilities upon items it enchants.

 Adds the following legendary power to an item:"	"txt[1067].Notes=""Oracle's Orb is a mysterious and powerful artifact, a large, purple orb with a haunting face suspended within its core. This enigmatic relic is known for storing legendary abilities upon items it enchants.\n\n Adds the following legendary power to an item:"""	yes	reviewed_preserved_or_moved_display
Scripts/General/zzAlchemy.lua	Crafting Item	"Game.ItemsTxt[i].NotIdentifiedName=""Crafting Item"""	yes	reviewed_preserved_or_moved_display
Scripts/General/zzAlchemy.lua	Endless Potion	"Game.ItemsTxt[1069].Name=""Endless Potion"""	yes	reviewed_preserved_or_moved_display
Scripts/General/zzAlchemy.lua	Potion Bottle	"Game.ItemsTxt[1069].NotIdentifiedName=""Potion Bottle"""	yes	reviewed_preserved_or_moved_display
Scripts/General/zzAlchemy.lua	This items allows to increase the number of charges of Protection, Meditation, Regeneration, Magic Protection, Champion's, Paladin's, Divine Blessing and Divine Resistance potions.	"Game.ItemsTxt[1069].Notes=""This items allows to increase the number of charges of Protection, Meditation, Regeneration, Magic Protection, Champion's, Paladin's, Divine Blessing and Divine Resistance potions."""	yes	reviewed_preserved_or_moved_display
Scripts/General/zzAlchemy.lua	Crafting Cube	"cube.Name=""Crafting Cube"""	yes	reviewed_preserved_or_moved_display
Scripts/General/zzAlchemy.lua	Crafting Item	"cube.NotIdentifiedName=""Crafting Item"""	yes	reviewed_preserved_or_moved_display
Scripts/General/zzAlchemy.lua	 (the most a Primordial item can drop with). Each point of Bonus Power is worth 	"cube.Notes=""The Crafting Cube raises the Item Bonus Power of any equipment by "" .. CRAFTING_CUBE_POWER .. "" ("" .. CRAFTING_CUBE_POWER_WEAPON_ARMOR .. "" on weapons and body armor), up to 1 Bonus Power every "" .. MawCore.ItemLevel.PerPower .. "" levels of the character using it, max "" .. GetPrimordialCharges(math.huge) .. "" (the most a Primordial item can drop with). Each point of Bonus Power is worth "" .. MawCore.ItemLevel.PerPower .. "" item levels.\nUsed on a Dimension Map, it moves the map to an"	yes	reviewed_preserved_or_moved_display
Scripts/General/zzAlchemy.lua	" item levels.
Used on a Dimension Map, it moves the map to another dungeon you have already completed, of the same kind (outdoor or indoor).
(right-click on an item or a map to use)"	"cube.Notes=""The Crafting Cube raises the Item Bonus Power of any equipment by "" .. CRAFTING_CUBE_POWER .. "" ("" .. CRAFTING_CUBE_POWER_WEAPON_ARMOR .. "" on weapons and body armor), up to 1 Bonus Power every "" .. MawCore.ItemLevel.PerPower .. "" levels of the character using it, max "" .. GetPrimordialCharges(math.huge) .. "" (the most a Primordial item can drop with). Each point of Bonus Power is worth "" .. MawCore.ItemLevel.PerPower .. "" item levels.\nUsed on a Dimension Map, it moves the map to an"	yes	reviewed_preserved_or_moved_display
Scripts/General/zzAlchemy.lua	 levels of the character using it, max 	"cube.Notes=""The Crafting Cube raises the Item Bonus Power of any equipment by "" .. CRAFTING_CUBE_POWER .. "" ("" .. CRAFTING_CUBE_POWER_WEAPON_ARMOR .. "" on weapons and body armor), up to 1 Bonus Power every "" .. MawCore.ItemLevel.PerPower .. "" levels of the character using it, max "" .. GetPrimordialCharges(math.huge) .. "" (the most a Primordial item can drop with). Each point of Bonus Power is worth "" .. MawCore.ItemLevel.PerPower .. "" item levels.\nUsed on a Dimension Map, it moves the map to an"	yes	reviewed_preserved_or_moved_display
Scripts/General/zzAlchemy.lua	 on weapons and body armor), up to 1 Bonus Power every 	"cube.Notes=""The Crafting Cube raises the Item Bonus Power of any equipment by "" .. CRAFTING_CUBE_POWER .. "" ("" .. CRAFTING_CUBE_POWER_WEAPON_ARMOR .. "" on weapons and body armor), up to 1 Bonus Power every "" .. MawCore.ItemLevel.PerPower .. "" levels of the character using it, max "" .. GetPrimordialCharges(math.huge) .. "" (the most a Primordial item can drop with). Each point of Bonus Power is worth "" .. MawCore.ItemLevel.PerPower .. "" item levels.\nUsed on a Dimension Map, it moves the map to an"	yes	reviewed_preserved_or_moved_display
Scripts/General/zzAlchemy.lua	The Crafting Cube raises the Item Bonus Power of any equipment by 	"cube.Notes=""The Crafting Cube raises the Item Bonus Power of any equipment by "" .. CRAFTING_CUBE_POWER .. "" ("" .. CRAFTING_CUBE_POWER_WEAPON_ARMOR .. "" on weapons and body armor), up to 1 Bonus Power every "" .. MawCore.ItemLevel.PerPower .. "" levels of the character using it, max "" .. GetPrimordialCharges(math.huge) .. "" (the most a Primordial item can drop with). Each point of Bonus Power is worth "" .. MawCore.ItemLevel.PerPower .. "" item levels.\nUsed on a Dimension Map, it moves the map to an"	yes	reviewed_preserved_or_moved_display
Scripts/General/zzBossSync.lua	BossDebug: écrit dans boss_dump.txt	"if Game and Game.ShowStatusText then Game.ShowStatusText(""BossDebug: écrit dans boss_dump.txt"") end"	yes	reviewed_preserved_or_moved_display
Scripts/General/zzBossSync.lua	BossDebug: impossible d’écrire boss_dump.txt	"if Game and Game.ShowStatusText then Game.ShowStatusText(""BossDebug: impossible d’écrire boss_dump.txt"") end"	yes	reviewed_preserved_or_moved_display
Scripts/General/zzClasses.lua	Elder 	"Game.ClassNames[i]=string.format(""Elder "" .. oldNames[i])"	yes	reviewed_preserved_or_moved_display
Scripts/General/zzClasses.lua	Ultimate 	"Game.ClassNames[i]=string.format(""Ultimate "" .. oldNames[i])"	yes	reviewed_preserved_or_moved_display
Scripts/General/zzClasses.lua	"Seraphim is a divine warrior, blessed by the gods with otherworldly powers that set him apart from mortal fighters. His origins are shrouded in mystery, but it is said that he was chosen by the divine to carry out their will on the mortal plane. Some whisper that he was born from the union of a mortal and an angel, while others believe that he was created by the gods themselves. Regardless of his origins, there is no denying the power that Seraphim wields, and his presence on the battlefield is a testament to the will of the divine.

Proficiency in Plate, Sword, Mace, and Shield (can't dual wield)
3 HP and 1 mana points gained per level

Abilities:

Gods Wrath: Attacks deal extra magic damage based on Light skill (2 damage added per point in Light and Mind)

Holy Strikes: Attacking will heal the most injured party member based on Body skill (2 points per point in Body and Spirit)

Divine Protection: self-heals by 25% of your HP when facing lethal attacks, 5 minutes cooldown."	"Game.ClassDescriptions[53]=""Seraphim is a divine warrior, blessed by the gods with otherworldly powers that set him apart from mortal fighters. His origins are shrouded in mystery, but it is said that he was chosen by the divine to carry out their will on the mortal plane. Some whisper that he was born from the union of a mortal and an angel, while others believe that he was created by the gods themselves. Regardless of his origins, there is no denying the power that Seraphim wields, and his pre"	yes	reviewed_preserved_or_moved_display
Scripts/General/zzClasses.lua	This ability is an upgraded version of the normal Dragon breath weapon attack.  It acts much like a fireball, striking its target and exploding out to hit everything near it, except the explosion does much more damage than most fireballs.	"Game.SpellsTxt[123].Description=""This ability is an upgraded version of the normal Dragon breath weapon attack.  It acts much like a fireball, striking its target and exploding out to hit everything near it, except the explosion does much more damage than most fireballs."""	yes	reviewed_preserved_or_moved_display
Scripts/General/zzClasses.lua	Deals damage equal to 70% of breath damage	"Game.SpellsTxt[123].Expert=""Deals damage equal to 70% of breath damage"""	yes	reviewed_preserved_or_moved_display
Scripts/General/zzClasses.lua	Deals damage equal to 85% of breath damage	"Game.SpellsTxt[123].Master=""Deals damage equal to 85% of breath damage"""	yes	reviewed_preserved_or_moved_display
Scripts/General/zzClasses.lua	Deals damage equal to 100% of breath damage	"Game.SpellsTxt[123].GM=""Deals damage equal to 100% of breath damage"""	yes	reviewed_preserved_or_moved_display
Scripts/General/zzClasses.lua	"% at novice, expert, master and grandmaster rankings per point of skill in Dragon Ability.
Each point in the skill increases damage and increases recovery time by 3%."	"Skillz.setDesc(23,1,""Dragons are powerful creatures with innate abilities.\nLike the racial abilities of Dark Elves and Vampires, Dragon abilities are cast like spells, but are acquired like skills. Dragons begin able to cast Fear, the gain a second breath weapon, Flight and Wing Bugget at expert, master and grandmaster rankings.\n\nBreath damage is 20 + 2 per level (up to level 600, or 900 in madness) and total damage is increased by "" .. dragonBreath.Damage[1] .. ""-"" .. dragonBreath.Damage[2] "	yes	reviewed_preserved_or_moved_display
Scripts/General/zzClasses.lua	"Dragons are powerful creatures with innate abilities.
Like the racial abilities of Dark Elves and Vampires, Dragon abilities are cast like spells, but are acquired like skills. Dragons begin able to cast Fear, the gain a second breath weapon, Flight and Wing Bugget at expert, master and grandmaster rankings.

Breath damage is 20 + 2 per level (up to level 600, or 900 in madness) and total damage is increased by "	"Skillz.setDesc(23,1,""Dragons are powerful creatures with innate abilities.\nLike the racial abilities of Dark Elves and Vampires, Dragon abilities are cast like spells, but are acquired like skills. Dragons begin able to cast Fear, the gain a second breath weapon, Flight and Wing Bugget at expert, master and grandmaster rankings.\n\nBreath damage is 20 + 2 per level (up to level 600, or 900 in madness) and total damage is increased by "" .. dragonBreath.Damage[1] .. ""-"" .. dragonBreath.Damage[2] "	yes	reviewed_preserved_or_moved_display
Scripts/General/zzClasses.lua	Fangs	"Skillz.setName(33, ""Fangs"")"	yes	reviewed_preserved_or_moved_display
Scripts/General/zzClasses.lua	Scales	"Skillz.setName(32,""Scales"")"	yes	reviewed_preserved_or_moved_display
Scripts/General/zzClasses.lua	"Damage














"	"Game.GlobalTxt[53] = ""Damage\n\n\n\n\n\n\n\n\n\n\n\n\n\n\n"""	yes	reviewed_preserved_or_moved_display
Scripts/General/zzClasses.lua	Attack         +	"Game.GlobalTxt[18] = ""Attack         +"" .. pl:GetMeleeAttack() .. ""\n                 "" .. shortenNumber(pl:GetMeleeDamageMin(), 4, false) .. ""-"" .. shortenNumber(pl:GetMeleeDamageMax(), 4, false) .. ""\n\n\n\n\n\n\n\n\n\n\n\n\n\n\n\n\n\n\n\n"""	yes	reviewed_preserved_or_moved_display
Scripts/General/zzClasses.lua	Shoot         +	"Game.GlobalTxt[203]=""Shoot         +"" .. pl:GetRangedAttack() .. ""\n                 "" .. shortenNumber(pl:GetRangedDamageMin(), 4, false) .. ""-"" .. shortenNumber(pl:GetRangedDamageMax(), 4, false) .. ""\n\n\n\n\n\n\n\n\n\n\n\n\n\n\n\n\n\n\n\n"""	yes	reviewed_preserved_or_moved_display
Scripts/General/zzClasses.lua	Attack	"Game.GlobalTxt[18]=""Attack"""	yes	reviewed_preserved_or_moved_display
Scripts/General/zzClasses.lua	Damage	"Game.GlobalTxt[53]=""Damage"""	yes	reviewed_preserved_or_moved_display
Scripts/General/zzClasses.lua	Shoot	"Game.GlobalTxt[203]=""Shoot"""	yes	reviewed_preserved_or_moved_display
Scripts/General/zzClasses.lua	Attack	"Game.GlobalTxt[18]=""Attack"""	yes	reviewed_preserved_or_moved_display
Scripts/General/zzClasses.lua	Damage	"Game.GlobalTxt[53]=""Damage"""	yes	reviewed_preserved_or_moved_display
Scripts/General/zzClasses.lua	Shoot	"Game.GlobalTxt[203]=""Shoot"""	yes	reviewed_preserved_or_moved_display
Scripts/General/zzClasses.lua	Unarmed	"Skillz.setName(33,""Unarmed"")"	yes	reviewed_preserved_or_moved_display
Scripts/General/zzClasses.lua	Dodging	"Skillz.setName(32,""Dodging"")"	yes	reviewed_preserved_or_moved_display
Scripts/General/zzClasses.lua	"The Shaman is a mystical warrior whose knowledge of magic enhances his martial prowess.
You can check following values by checking magic schools description in skills menu.
 - Each school will provide a unique bonus. There is strength in diversifying as well as specialization
 - Each point in Air will reduce damage a % pr rank reduced by level
 - Each point in Water will reduce damage by a flat number, making water better for weaker enemies, or if your defenses are already strong
 - Each point in spirit will increase healing and spell damage by a %
 - Fire will deal a % of current monster HP as fire damage, partially piercing this resistance. The bosskiller.
 - Each point in Earth will increase melee damage by a flat amount
 - Each point in Body will heal by flat amount
 - Each point in mind will restore a flat amount of mana"	"Game.ClassDescriptions[59] = ""The Shaman is a mystical warrior whose knowledge of magic enhances his martial prowess.\nYou can check following values by checking magic schools description in skills menu.\n - Each school will provide a unique bonus. There is strength in diversifying as well as specialization\n - Each point in Air will reduce damage a % pr rank reduced by level\n - Each point in Water will reduce damage by a flat number, making water better for weaker enemies, or if your defenses "	yes	reviewed_preserved_or_moved_display
Scripts/General/zzClasses.lua	"This class combines the evil forces with brute power, making it powerful and versatile.
 Learning Frost/Blood/Unholy E/M/GM will unlock automatically new spells. However death knight can't learn spells from books.

Frost:

Increases damage by 1-2-3 (at Novice, Master, Grandmaster levels) and boosts attack speed by 1% for every skill point invested.

Blood:

This skill fortifies their resilience, reducing physical damage taken by 1% per skill point. Additionally, it endows their attacks with a leech effect, converting a portion of the damage dealt into health recovery.

Unholy:

It amplifies damage by 1-2-3 (at Novice, Master, Grandmaster levels) and diminishes magical damage received by 1% for each skill point allocated."	"Game.ClassDescriptions[56] = ""This class combines the evil forces with brute power, making it powerful and versatile.\n Learning Frost/Blood/Unholy E/M/GM will unlock automatically new spells. However death knight can't learn spells from books.\n\nFrost:\n\nIncreases damage by 1-2-3 (at Novice, Master, Grandmaster levels) and boosts attack speed by 1% for every skill point invested.\n\nBlood:\n\nThis skill fortifies their resilience, reducing physical damage taken by 1% per skill point. Addition"	yes	reviewed_preserved_or_moved_display
Scripts/General/zzClasses.lua	"The Elementalist is the caster with the highest mana pool, who learns spells not from the book, but from casting spells of the same elemental school. He can't learn Ascension, but his ascension level is directly tied to the sum of the school levels divided by 4. Baseline spell recovery time is 50% higher; however, when he casts Magic, he gains stacks, which increase:

Spell Damage: 10% per stack
Spell Recovery Speed: 5% per stack
Mana Cost: +1 to the spell's BASE cost, before ascension scaling, and +7.5% of the total.

After a few seconds without casting, the stacks decay by 50%. Dealing damage with a bow, melee weapon, or from the spellbook will break concentration, instantly resetting all stacks.

Spells are cast randomly but divided into three categories: Single Target, Area of Effect, and Shotgun. Depending on the chosen quick-cast spell, the rotation is adjusted accordingly. For example, setting Fireball as a quick-cast spell will automatically prioritize AoE spells."	"Game.ClassDescriptions[62] = ""The Elementalist is the caster with the highest mana pool, who learns spells not from the book, but from casting spells of the same elemental school. He can't learn Ascension, but his ascension level is directly tied to the sum of the school levels divided by 4. Baseline spell recovery time is 50% higher; however, when he casts Magic, he gains stacks, which increase:\n\nSpell Damage: 10% per stack\nSpell Recovery Speed: 5% per stack\nMana Cost: +1 to the spell's BAS"	yes	reviewed_preserved_or_moved_display
Scripts/General/zzMAW-Skills.lua	YOU LEARNED RETALIATION!!	"Game.ShowStatusText(""YOU LEARNED RETALIATION!!"")"	yes	reviewed_preserved_or_moved_display
Scripts/General/zzMAW-Skills.lua	SUPREME UNLOCKED!!!	"Game.ShowStatusText(""SUPREME UNLOCKED!!!"")"	yes	reviewed_preserved_or_moved_display
Scripts/General/zzMAW-Skills.lua	"
The paralyze effect lasts for 5 seconds on regular monsters and 2 seconds on bosses. The stun effect lasts for half the duration of the paralyze effect. The chances of successfully applying these effects depend on the skill level and the monster's level.
"	"Skillz.setDesc(6,1,Skillz.getDesc(6,1) .. ""\nThe paralyze effect lasts for 5 seconds on regular monsters and 2 seconds on bosses. The stun effect lasts for half the duration of the paralyze effect. The chances of successfully applying these effects depend on the skill level and the monster's level.\n"")"	yes	reviewed_preserved_or_moved_display
Scripts/General/zzMAW-Skills.lua	Attack|	"baseString=string.format(""%s\t0"" .. tab .. ""Attack|"",baseString)"	yes	reviewed_preserved_or_moved_display
Scripts/General/zzMAW-Skills.lua	Speed|	"baseString=string.format(""%s\t"" .. tab .. ""Speed|"",baseString)"	yes	reviewed_preserved_or_moved_display
Scripts/General/zzMAW-Skills.lua	AC|	"baseString=string.format(""%s\t"" .. tab .. ""AC|"",baseString)"	yes	reviewed_preserved_or_moved_display
Scripts/General/zzMAW-Skills.lua	%s	"normal=string.format(""%s\t"" .. tab+30 .. ""%s"",normal,skillResistance[i][1])"	yes	reviewed_preserved_or_moved_display
Scripts/General/zzMAW-Skills.lua	"%s	"	"normal=string.format(""%s\t"" .. tab+30 .. ""%s"",normal,skillResistance[i][1])"	yes	reviewed_preserved_or_moved_display
Scripts/General/zzMAW-Skills.lua	%s	"expert=string.format(""%s\t"" .. tab+30 .. ""%s"",expert,skillResistance[i][2])"	yes	reviewed_preserved_or_moved_display
Scripts/General/zzMAW-Skills.lua	"%s	"	"expert=string.format(""%s\t"" .. tab+30 .. ""%s"",expert,skillResistance[i][2])"	yes	reviewed_preserved_or_moved_display
Scripts/General/zzMAW-Skills.lua	%s	"master=string.format(""%s\t"" .. tab+30 .. ""%s"",master,skillResistance[i][3])"	yes	reviewed_preserved_or_moved_display
Scripts/General/zzMAW-Skills.lua	"%s	"	"master=string.format(""%s\t"" .. tab+30 .. ""%s"",master,skillResistance[i][3])"	yes	reviewed_preserved_or_moved_display
Scripts/General/zzMAW-Skills.lua	%s	"gm=string.format(""%s\t"" .. tab+30 .. ""%s"",gm,skillResistance[i][4])"	yes	reviewed_preserved_or_moved_display
Scripts/General/zzMAW-Skills.lua	"%s	"	"gm=string.format(""%s\t"" .. tab+30 .. ""%s"",gm,skillResistance[i][4])"	yes	reviewed_preserved_or_moved_display
Scripts/General/zzMAW-Skills.lua	"%s	075AC|"	"baseString=string.format(""%s\t075AC|"",baseString)"	yes	reviewed_preserved_or_moved_display
Scripts/General/zzMAW-Skills.lua	"%s Res	000"	"baseString=string.format(""%s Res\t000"",baseString)"	yes	reviewed_preserved_or_moved_display
Scripts/General/zzMAW-Skills.lua	%s    %s	"normal=string.format(""%s    %s"",normal,res[1])"	yes	reviewed_preserved_or_moved_display
Scripts/General/zzMAW-Skills.lua	%s    %s	"expert=string.format(""%s    %s"",expert,res[2])"	yes	reviewed_preserved_or_moved_display
Scripts/General/zzMAW-Skills.lua	%s    %s	"master=string.format(""%s    %s"",master,res[3])"	yes	reviewed_preserved_or_moved_display
Scripts/General/zzMAW-Skills.lua	%s    %s	"gm=string.format(""%s    %s"",gm,res[4])"	yes	reviewed_preserved_or_moved_display
Scripts/General/zzMAW-Skills.lua	%s 2 arrows	"Game.SkillDesMaster[const.Skills.Bow]=string.format(""%s 2 arrows"",Game.SkillDesMaster[const.Skills.Bow])"	yes	reviewed_preserved_or_moved_display
Scripts/General/zzMAW-Skills.lua	%s shoots fire arrows, dealing highest between fire and physical damage	"Game.SkillDesGM[const.Skills.Bow]=string.format(""%s shoots fire arrows, dealing highest between fire and physical damage"",Game.SkillDesGM[const.Skills.Bow])"	yes	reviewed_preserved_or_moved_display
Scripts/General/zzMAW-Skills.lua	%s can dual wield	"Game.SkillDesExpert[const.Skills.Dagger]=string.format(""%s can dual wield"",Game.SkillDesExpert[const.Skills.Dagger])"	yes	reviewed_preserved_or_moved_display
Scripts/General/zzMAW-Skills.lua	%s 5+1 crit%%/skill	"Game.SkillDesMaster[const.Skills.Dagger]=string.format(""%s 5+1 crit%%/skill"",Game.SkillDesMaster[const.Skills.Dagger])"	yes	reviewed_preserved_or_moved_display
Scripts/General/zzMAW-Skills.lua	%s can hold with 1 hand	"Game.SkillDesMaster[const.Skills.Spear]=string.format(""%s can hold with 1 hand"",Game.SkillDesMaster[const.Skills.Spear])"	yes	reviewed_preserved_or_moved_display
Scripts/General/zzMAW-Skills.lua	%s can dual wield	"Game.SkillDesMaster[const.Skills.Sword]=string.format(""%s can dual wield"",Game.SkillDesMaster[const.Skills.Sword])"	yes	reviewed_preserved_or_moved_display
Scripts/General/zzMAW-Skills.lua	%s recovery penalty eliminated	"Game.SkillDesExpert[const.Skills.Leather]=string.format(""%s recovery penalty eliminated"",Game.SkillDesExpert[const.Skills.Leather])"	yes	reviewed_preserved_or_moved_display
Scripts/General/zzMAW-Skills.lua	%s recovery penalty halved	"Game.SkillDesExpert[const.Skills.Chain]=string.format(""%s recovery penalty halved"",Game.SkillDesExpert[const.Skills.Chain])"	yes	reviewed_preserved_or_moved_display
Scripts/General/zzMAW-Skills.lua	%s recovery penalty eliminated	"Game.SkillDesMaster[const.Skills.Chain]=string.format(""%s recovery penalty eliminated"",Game.SkillDesMaster[const.Skills.Chain])"	yes	reviewed_preserved_or_moved_display
Scripts/General/zzMAW-Skills.lua	%s rec. pen. halved	"Game.SkillDesExpert[const.Skills.Plate]=string.format(""%s rec. pen. halved"",Game.SkillDesExpert[const.Skills.Plate])"	yes	reviewed_preserved_or_moved_display
Scripts/General/zzMAW-Skills.lua	%s rec. pen. elim.	"Game.SkillDesGM[const.Skills.Plate]=string.format(""%s rec. pen. elim."",Game.SkillDesGM[const.Skills.Plate])"	yes	reviewed_preserved_or_moved_display
Scripts/General/zzMAW-Skills.lua	%s recovery penalty eliminated	"Game.SkillDesExpert[const.Skills.Shield]=string.format(""%s recovery penalty eliminated"",Game.SkillDesExpert[const.Skills.Shield])"	yes	reviewed_preserved_or_moved_display
Scripts/General/zzMAW-Skills.lua	%s 15%% Damage reduction	"Game.SkillDesGM[const.Skills.Shield]=string.format(""%s 15%% Damage reduction"",Game.SkillDesGM[const.Skills.Shield])"	yes	reviewed_preserved_or_moved_display
Scripts/General/zzMAW-Skills.lua	% speed	"add(armsmasterSkill.Speed[m], ""% speed"")"	yes	reviewed_upstream_26cf80b_display
Scripts/General/zzMAW-Skills.lua	No bonus at this rank	"return ""No bonus at this rank"""	yes	reviewed_preserved_or_moved_display
Scripts/General/zzMAW-Skills.lua	Each skill point adds 	"return ""Each skill point adds "" .. table.concat(parts, "", "")"	yes	reviewed_preserved_or_moved_display
Scripts/General/zzMAW-Skills.lua	%s usable with Leather Armor	"Game.SkillDesMaster[const.Skills.Dodging]=string.format(""%s usable with Leather Armor"",Game.SkillDesGM[const.Skills.Dodging])"	yes	reviewed_preserved_or_moved_display
Scripts/General/zzMAW-Skills.lua	%s 0.5%% dodge chance	"Game.SkillDesGM[const.Skills.Dodging]=string.format(""%s 0.5%% dodge chance"",Game.SkillDesGM[const.Skills.Dodging])"	yes	reviewed_preserved_or_moved_display
Scripts/General/zzMAW-Skills.lua	"Armsmaster skill represents the warrior's tricks of the trade, enhancing your proficiency with all weapons-except staves.
This skill allows you to strike faster, execute smoother attacks, and deal more powerful blows.

Damage added by armsmaster skill scales with your weapon skill, amplifying its impact as you grow more adept.
"	"Skillz.setDesc(35,1,""Armsmaster skill represents the warrior's tricks of the trade, enhancing your proficiency with all weapons-except staves.\nThis skill allows you to strike faster, execute smoother attacks, and deal more powerful blows.\n\nDamage added by armsmaster skill scales with your weapon skill, amplifying its impact as you grow more adept.\n"")"	yes	reviewed_preserved_or_moved_display
Scripts/General/zzMAW-Skills.lua	"
Knights only. Each 10 points of armsmaster raise every melee weapon"	".. ""\nKnights only. Each 10 points of armsmaster raise every melee weapon"""	yes	reviewed_preserved_or_moved_display
Scripts/General/zzMAW-Skills.lua	 skill by 1, up to double its base value.	".. "" skill by 1, up to double its base value."")"	yes	reviewed_preserved_or_moved_display
Scripts/General/zzMAW-Skills.lua	%s casts Charge stunning the enemy	"Game.ShowStatusText(string.format(""%s casts Charge stunning the enemy"",Party[0].Name))"	yes	reviewed_preserved_or_moved_display
Scripts/General/zzMAW-Skills.lua	Out of range	"Game.ShowStatusText(""Out of range"")"	yes	reviewed_preserved_or_moved_display
Scripts/General/zzMAW-Skills.lua	Charge has %s seconds of cooldown	"Game.ShowStatusText(string.format(""Charge has %s seconds of cooldown"",vars.chargeCooldown))"	yes	reviewed_preserved_or_moved_display
Scripts/General/zzMAW-Skills.lua	Health Potion heals for %s hit points	"Game.ShowStatusText(string.format(""Health Potion heals for %s hit points"",healAmount))"	yes	reviewed_preserved_or_moved_display
Scripts/General/zzMAW-Skills.lua	Health Potion has %s seconds of cooldown remaining	"Game.ShowStatusText(string.format(""Health Potion has %s seconds of cooldown remaining"",vars.healthPotionCooldown))"	yes	reviewed_preserved_or_moved_display
Scripts/General/zzMAW-Skills.lua	Mana Potion restores %s mana	"Game.ShowStatusText(string.format(""Mana Potion restores %s mana"",spAmount))"	yes	reviewed_preserved_or_moved_display
Scripts/General/zzMAW-Skills.lua	Mana Potion has %s seconds of cooldown remaining	"Game.ShowStatusText(string.format(""Mana Potion has %s seconds of cooldown remaining"",vars.manaPotionCooldown))"	yes	reviewed_preserved_or_moved_display
Scripts/General/zzMAW-Skills.lua	Repaired	"Game.ShowStatusText(""Repaired"")"	yes	reviewed_preserved_or_moved_display
Scripts/General/zzMAW-Skills.lua	Increases spell damage and healing at the expense of higher mana cost and cast time.	"baseAscStr= ""Increases spell damage and healing at the expense of higher mana cost and cast time."""	yes	reviewed_preserved_or_moved_display
Scripts/General/zzMAW-Skills.lua	"Increases spell damage and healing at the expense of higher mana cost and cast time.
"	"Skillz.setDesc(const.Skills.Learning,1,""Increases spell damage and healing at the expense of higher mana cost and cast time.\n"")"	yes	reviewed_preserved_or_moved_display
Scripts/General/zzMAW-Skills.lua	Ascension	"Skillz.setName(const.Skills.Learning, ""Ascension"")"	yes	reviewed_preserved_or_moved_display
Scripts/General/zzMAW-Skills.lua	Mana cost reduced by 12.5%.	"Game.SkillDesNormal[const.Skills.Learning]= ""Mana cost reduced by 12.5%."""	yes	reviewed_preserved_or_moved_display
Scripts/General/zzMAW-Skills.lua	Mana cost reduced by 25%	"Game.SkillDesExpert[const.Skills.Learning]= ""Mana cost reduced by 25%"""	yes	reviewed_preserved_or_moved_display
Scripts/General/zzMAW-Skills.lua	Mana cost reduced by 37.5%	"Game.SkillDesMaster[const.Skills.Learning]= ""Mana cost reduced by 37.5%"""	yes	reviewed_preserved_or_moved_display
Scripts/General/zzMAW-Skills.lua	Mana cost reduced by 50%	"Game.SkillDesGM[const.Skills.Learning]= ""Mana cost reduced by 50%"""	yes	reviewed_preserved_or_moved_display
Scripts/General/zzMAW-Skills.lua	Reduces traps and lava damage by 10%.	"Game.SkillDesNormal[const.Skills.Perception]= ""Reduces traps and lava damage by 10%."""	yes	reviewed_preserved_or_moved_display
Scripts/General/zzMAW-Skills.lua	Reduces traps and lava damage by 30%.	"Game.SkillDesExpert[const.Skills.Perception]= ""Reduces traps and lava damage by 30%."""	yes	reviewed_preserved_or_moved_display
Scripts/General/zzMAW-Skills.lua	Reduces traps and lava damage by 50%.	"Game.SkillDesMaster[const.Skills.Perception]= ""Reduces traps and lava damage by 50%."""	yes	reviewed_preserved_or_moved_display
Scripts/General/zzMAW-Skills.lua	Reduces traps and lava damage by 70%.	"Game.SkillDesGM[const.Skills.Perception]= ""Reduces traps and lava damage by 70%."""	yes	reviewed_preserved_or_moved_display
Scripts/General/zzMAW-Skills.lua	"

You need at least "	"text=text .. ""\n\nYou need at least "" .. req .. "" skill and "" .. cost .. "" gold."""	yes	reviewed_preserved_or_moved_display
Scripts/General/zzMAW-Skills.lua	 gold.	"text=text .. ""\n\nYou need at least "" .. req .. "" skill and "" .. cost .. "" gold."""	yes	reviewed_preserved_or_moved_display
Scripts/General/zzMAW-Skills.lua	 skill and 	"text=text .. ""\n\nYou need at least "" .. req .. "" skill and "" .. cost .. "" gold."""	yes	reviewed_preserved_or_moved_display
Scripts/General/zzMAW-Skills.lua	Cover	"Skillz.setName(coverSkill, ""Cover"")"	yes	reviewed_preserved_or_moved_display
Scripts/General/zzMAW-Skills.lua	"Cover Skill is a defensive prowess enabling a character to shield allies by intercepting incoming damage. This ability strategically positions the user as the primary target of enemy onslaughts, thereby protecting teammates who are more susceptible to damage.

Grants 10 plus 1% chance per skill point to Cover an ally, up to 40%, however, something might happen once at max level...


Press P to enable/disable
"	"Skillz.setDesc(coverSkill, 1, ""Cover Skill is a defensive prowess enabling a character to shield allies by intercepting incoming damage. This ability strategically positions the user as the primary target of enemy onslaughts, thereby protecting teammates who are more susceptible to damage.\n\nGrants 10 plus 1% chance per skill point to Cover an ally, up to 40%, however, something might happen once at max level...\n\n\nPress P to enable/disable\n"")"	yes	reviewed_preserved_or_moved_display
Scripts/General/zzMAW-Skills.lua	"Allow use to Cover Physical damage
"	"Skillz.setDesc(coverSkill, 2, ""Allow use to Cover Physical damage\n"")"	yes	reviewed_preserved_or_moved_display
Scripts/General/zzMAW-Skills.lua	Allow use to Cover Projectiles damage	"Skillz.setDesc(coverSkill, 3, ""Allow use to Cover Projectiles damage"")"	yes	reviewed_preserved_or_moved_display
Scripts/General/zzMAW-Skills.lua	Allow use to Cover Spells damage	"Skillz.setDesc(coverSkill, 4, ""Allow use to Cover Spells damage"")"	yes	reviewed_preserved_or_moved_display
Scripts/General/zzMAW-Skills.lua	Attacking will increase you next Cover chance by 15%	"Skillz.setDesc(coverSkill, 5, ""Attacking will increase you next Cover chance by 15%"")"	yes	reviewed_preserved_or_moved_display
Scripts/General/zzMAW-Skills.lua	Misc	"local txt=""Misc"""	yes	reviewed_preserved_or_moved_display
Scripts/General/zzMAW-Skills.lua	Misc	"Game.GlobalTxt[143]=""Misc"""	yes	reviewed_preserved_or_moved_display
Scripts/General/zzMAW-Skills.lua	Cover Disabled	"Game.ShowStatusText(""Cover Disabled"")"	yes	reviewed_preserved_or_moved_display
Scripts/General/zzMAW-Skills.lua	Cover Enabled	"Game.ShowStatusText(""Cover Enabled"")"	yes	reviewed_preserved_or_moved_display
Scripts/General/zzMAW-Skills.lua	Mana Shield Disabled	"Game.ShowStatusText(""Mana Shield Disabled"")"	yes	reviewed_preserved_or_moved_display
Scripts/General/zzMAW-Skills.lua	Mana Shield Enabled	"Game.ShowStatusText(""Mana Shield Enabled"")"	yes	reviewed_preserved_or_moved_display
Scripts/General/zzMAW-Skills.lua	Elementalist Rotation Enabled	"Game.ShowStatusText(""Elementalist Rotation Enabled"")"	yes	reviewed_preserved_or_moved_display
Scripts/General/zzMAW-Skills.lua	Elementalist Rotation Disabled	"Game.ShowStatusText(""Elementalist Rotation Disabled"")"	yes	reviewed_preserved_or_moved_display
Scripts/General/zzMAW-Skills.lua	You don't meet the requirements, and cannot be taught until you do.	"Game.NPCText[128]=""You don't meet the requirements, and cannot be taught until you do."""	yes	reviewed_preserved_or_moved_display
Scripts/General/zzMAW-Skills.lua	Mana Shield	"Skillz.setName(manaSkill, ""Mana Shield"")"	yes	reviewed_preserved_or_moved_display
Scripts/General/zzMAW-Skills.lua	"Mana shield consume mana to reduce damage when an hit would take you below a certain threshold.

If available, Expert, Master and Grandmaster is learned at skill 6-12-20 (8-20-32 in insanity mode).

Mastery increase its mana efficience.
"	"Skillz.setDesc(manaSkill, 1, ""Mana shield consume mana to reduce damage when an hit would take you below a certain threshold.\n\nIf available, Expert, Master and Grandmaster is learned at skill 6-12-20 (8-20-32 in insanity mode).\n\nMastery increase its mana efficience.\n"")"	yes	reviewed_preserved_or_moved_display
Scripts/General/zzMAW-Skills.lua	Absorb up to 25% damage	"Skillz.setDesc(manaSkill, 2, ""Absorb up to 25% damage"")"	yes	reviewed_preserved_or_moved_display
Scripts/General/zzMAW-Skills.lua	Absorb up to 50% damage	"Skillz.setDesc(manaSkill, 3, ""Absorb up to 50% damage"")"	yes	reviewed_preserved_or_moved_display
Scripts/General/zzMAW-Skills.lua	Absorb up to 75% damage	"Skillz.setDesc(manaSkill, 4, ""Absorb up to 75% damage"")"	yes	reviewed_preserved_or_moved_display
Scripts/General/zzMAW-Skills.lua	All damage is absorbed by mana	"Skillz.setDesc(manaSkill, 5, ""All damage is absorbed by mana"")"	yes	reviewed_preserved_or_moved_display
Scripts/General/zzMAW-Skills.lua	Enlightenment	"Skillz.setName(Enlightenment, ""Enlightenment"")"	yes	reviewed_preserved_or_moved_display
Scripts/General/zzMAW-Skills.lua	"Unlock the true potential of your mana reserves with Enlightenment, a transformative skill that increases your mana pool and reduces mana reserved by buffs, empowering you to cast more freely and frequently.

The cost of buffs is divided by the amount of mana you gain per level. As you reach higher mastery levels, the divisor increases, but your total mana pool remains the same.

If available, Expert, Master and Grandmaster is learned at skill 6-12-20.
"	"Skillz.setDesc(Enlightenment, 1, ""Unlock the true potential of your mana reserves with Enlightenment, a transformative skill that increases your mana pool and reduces mana reserved by buffs, empowering you to cast more freely and frequently.\n\nThe cost of buffs is divided by the amount of mana you gain per level. As you reach higher mastery levels, the divisor increases, but your total mana pool remains the same.\n\nIf available, Expert, Master and Grandmaster is learned at skill 6-12-20.\n"")"	yes	reviewed_preserved_or_moved_display
Scripts/General/zzMAW-Skills.lua	Mana is increased by %s%% per skill level, cost divisor increased by %s	"""Mana is increased by %s%% per skill level, cost divisor increased by %s"","	yes	reviewed_preserved_or_moved_display
Scripts/General/zzMAW-Skills.lua	Retaliation	"Skillz.setName(Retaliation, ""Retaliation"")"	yes	reviewed_preserved_or_moved_display
Scripts/General/zzMAW-Skills.lua	"After mastering the art of covering, you have become capable delivering deadly counter attacks to those who dare try harm your allies. Retaliation has a 1% per skill point chance to activate after successfully covering an ally.

Expert, Master and Grandmaster are learned automatically at skill 12, 30 and 50.
"	"Skillz.setDesc(Retaliation, 1, ""After mastering the art of covering, you have become capable delivering deadly counter attacks to those who dare try harm your allies. Retaliation has a 1% per skill point chance to activate after successfully covering an ally.\n\nExpert, Master and Grandmaster are learned automatically at skill 12, 30 and 50.\n"")"	yes	reviewed_preserved_or_moved_display
Scripts/General/zzMAW-Skills.lua	Your next attack deals additional damage, multiplied by skill level	"Skillz.setDesc(Retaliation, 2, ""Your next attack deals additional damage, multiplied by skill level"")"	yes	reviewed_preserved_or_moved_display
Scripts/General/zzMAW-Skills.lua	Your next attack recovery time is reduced by 30%	"Skillz.setDesc(Retaliation, 3, ""Your next attack recovery time is reduced by 30%"")"	yes	reviewed_preserved_or_moved_display
Scripts/General/zzMAW-Skills.lua	Your next attack has a 25% chance to stun the enemy for 2 seconds	"Skillz.setDesc(Retaliation, 4, ""Your next attack has a 25% chance to stun the enemy for 2 seconds"")"	yes	reviewed_preserved_or_moved_display
Scripts/General/zzMAW-Skills.lua	Retaliation can stack up to 3 times, allowing to consume all the stacks in 1 single powerful hit	"Skillz.setDesc(Retaliation, 5, ""Retaliation can stack up to 3 times, allowing to consume all the stacks in 1 single powerful hit"")"	yes	reviewed_preserved_or_moved_display
Scripts/General/zzMAW-Skills.lua	Restores %s%% of your maximum health per second	"local hp=string.format(""Restores %s%% of your maximum health per second"","	yes	reviewed_preserved_or_moved_display
Scripts/General/zzMAW-Skills.lua	Restores %s%% of your maximum mana per second	"""Restores %s%% of your maximum mana per second"","	yes	reviewed_preserved_or_moved_display
Scripts/General/zzMaw-Item-Sorter.lua	Inventory sorted	"Game.ShowStatusText(""Inventory sorted"")"	yes	reviewed_preserved_or_moved_display
Scripts/General/zzMaw-Item-Sorter.lua	All inventories have been sorted	"Game.ShowStatusText(""All inventories have been sorted"")"	yes	reviewed_preserved_or_moved_display
Scripts/General/zzMaw-Item-Sorter.lua	No alchemy preference when sorting	"Game.ShowStatusText(""No alchemy preference when sorting"")"	yes	reviewed_preserved_or_moved_display
Scripts/General/zzMaw-Item-Sorter.lua	 will now take alchemy items when sorting	"Game.ShowStatusText(Party[Game.CurrentPlayer].Name .. "" will now take alchemy items when sorting"")"	yes	reviewed_preserved_or_moved_display
Scripts/General/zzMaw-Item-Sorter.lua	's bags sorted	"Game.ShowStatusText(""All "" .. name .. ""'s bags sorted"")"	yes	reviewed_preserved_or_moved_display
Scripts/General/zzMaw-Item-Sorter.lua	All 	"Game.ShowStatusText(""All "" .. name .. ""'s bags sorted"")"	yes	reviewed_preserved_or_moved_display
Scripts/General/zzMaw-Item-Sorter.lua	's bags sorted	"Game.ShowStatusText(""All "" .. name .. ""'s bags sorted"")"	yes	reviewed_preserved_or_moved_display
Scripts/General/zzMaw-Item-Sorter.lua	All 	"Game.ShowStatusText(""All "" .. name .. ""'s bags sorted"")"	yes	reviewed_preserved_or_moved_display
Scripts/General/zzMaw-Item-Sorter.lua	All Party bags sorted	"Game.ShowStatusText(""All Party bags sorted"")"	yes	reviewed_preserved_or_moved_display
Scripts/General/zzMaw-Item-Sorter.lua	 - Corrupted bag #	"txt = txt .. ""\n"" .. pl.Name .. "" - Corrupted bag #"" .. key"	yes	reviewed_preserved_or_moved_display
Scripts/General/zzMaw-Item-Sorter.lua	 - Corrupted item #	"txt = txt .. ""\n"" .. pl.Name .. "" - Corrupted item #"" .. bag .. "" in bag #"" .. key"	yes	reviewed_preserved_or_moved_display
Scripts/General/zzMaw-Item-Sorter.lua	 in bag #	"txt = txt .. ""\n"" .. pl.Name .. "" - Corrupted item #"" .. bag .. "" in bag #"" .. key"	yes	reviewed_preserved_or_moved_display
Scripts/General/zzMaw-Item-Sorter.lua	"

Summary:
"	"txt = txt .. ""\n\nSummary:\n"" .."	yes	reviewed_preserved_or_moved_display
Scripts/General/zzMaw-Item-Sorter.lua	Total corrupted bags: 	"""Total corrupted bags: "" .. brokenBags .. ""\n"" .."	yes	reviewed_preserved_or_moved_display
Scripts/General/zzMaw-Item-Sorter.lua	Total corrupted items: 	"""Total corrupted items: "" .. brokenItems"	yes	reviewed_preserved_or_moved_display
Scripts/General/zzMaw-Item-Sorter.lua	"WARNING!!!

DURING THE AUTOSAVE, CORRUPTED ITEMS/BAGS HAVE BEEN DETECTED! Either load a previous save, where items/bags are not corrupted, or properly check your bags, and if no item/bag is missing you can keep playing (not recommended). 
Down below a list of corrupted items:

"	"txt=""WARNING!!!\n\nDURING THE AUTOSAVE, CORRUPTED ITEMS/BAGS HAVE BEEN DETECTED! Either load a previous save, where items/bags are not corrupted, or properly check your bags, and if no item/bag is missing you can keep playing (not recommended). \nDown below a list of corrupted items:\n\n"" .. txt"	yes	reviewed_preserved_or_moved_display
Scripts/General/zzMaw-Item-Sorter.lua	"WARNING!!!

SAVE HAVE BEEN STOPPED DUE TO CORRUPTED ITEMS/BAGS! Either load a previous save, where items/bags are not corrupted, or properly check your bags, and if no item/bag is missing you can save again (this time no warning will be given). 
Down below a list of corrupted items:

"	"txt=""WARNING!!!\n\nSAVE HAVE BEEN STOPPED DUE TO CORRUPTED ITEMS/BAGS! Either load a previous save, where items/bags are not corrupted, or properly check your bags, and if no item/bag is missing you can save again (this time no warning will be given). \nDown below a list of corrupted items:\n\n"" .. txt"	yes	reviewed_preserved_or_moved_display
Scripts/General/zzMaw-Items.lua	Mace	"Game.ItemsTxt[67].NotIdentifiedName=""Mace"""	yes	reviewed_preserved_or_moved_display
Scripts/General/zzMaw-Items.lua	Longsword	"Game.ItemsTxt[804].NotIdentifiedName=""Longsword"""	yes	reviewed_preserved_or_moved_display
Scripts/General/zzMaw-Items.lua	 filtered)	"Game.ShowStatusText(""You found "" .. itemGold+goldGained .. "" gold! ("" .. tierList[itemPower] .. "" "" .. Game.ItemsTxt[itemID].NotIdentifiedName .. "" filtered)"")"	yes	reviewed_preserved_or_moved_display
Scripts/General/zzMaw-Items.lua	 gold! (	"Game.ShowStatusText(""You found "" .. itemGold+goldGained .. "" gold! ("" .. tierList[itemPower] .. "" "" .. Game.ItemsTxt[itemID].NotIdentifiedName .. "" filtered)"")"	yes	reviewed_preserved_or_moved_display
Scripts/General/zzMaw-Items.lua	You found 	"Game.ShowStatusText(""You found "" .. itemGold+goldGained .. "" gold! ("" .. tierList[itemPower] .. "" "" .. Game.ItemsTxt[itemID].NotIdentifiedName .. "" filtered)"")"	yes	reviewed_preserved_or_moved_display
Scripts/General/zzMaw-Items.lua	curse	"[18] = { [9] = ""disease"", [10] = ""disease"", [11] = ""disease"", [1] = ""curse"" },"	yes	reviewed_preserved_or_moved_display
Scripts/General/zzMaw-Items.lua	disease	"[18] = { [9] = ""disease"", [10] = ""disease"", [11] = ""disease"", [1] = ""curse"" },"	yes	reviewed_preserved_or_moved_display
Scripts/General/zzMaw-Items.lua	disease	"[18] = { [9] = ""disease"", [10] = ""disease"", [11] = ""disease"", [1] = ""curse"" },"	yes	reviewed_preserved_or_moved_display
Scripts/General/zzMaw-Items.lua	disease	"[18] = { [9] = ""disease"", [10] = ""disease"", [11] = ""disease"", [1] = ""curse"" },"	yes	reviewed_preserved_or_moved_display
Scripts/General/zzMaw-Items.lua	insanity	"[19] = { [5] = ""insanity"", [22] = ""spell drain"" },"	yes	reviewed_preserved_or_moved_display
Scripts/General/zzMaw-Items.lua	spell drain	"[19] = { [5] = ""insanity"", [22] = ""spell drain"" },"	yes	reviewed_preserved_or_moved_display
Scripts/General/zzMaw-Items.lua	fear	"[20] = { [12] = ""paralysis"", [23] = ""fear"" },"	yes	reviewed_preserved_or_moved_display
Scripts/General/zzMaw-Items.lua	paralysis	"[20] = { [12] = ""paralysis"", [23] = ""fear"" },"	yes	reviewed_preserved_or_moved_display
Scripts/General/zzMaw-Items.lua	poison	"[21] = { [6] = ""poison"", [7] = ""poison"", [8] = ""poison"", [2] = ""weakness"" },"	yes	reviewed_preserved_or_moved_display
Scripts/General/zzMaw-Items.lua	poison	"[21] = { [6] = ""poison"", [7] = ""poison"", [8] = ""poison"", [2] = ""weakness"" },"	yes	reviewed_preserved_or_moved_display
Scripts/General/zzMaw-Items.lua	poison	"[21] = { [6] = ""poison"", [7] = ""poison"", [8] = ""poison"", [2] = ""weakness"" },"	yes	reviewed_preserved_or_moved_display
Scripts/General/zzMaw-Items.lua	weakness	"[21] = { [6] = ""poison"", [7] = ""poison"", [8] = ""poison"", [2] = ""weakness"" },"	yes	reviewed_preserved_or_moved_display
Scripts/General/zzMaw-Items.lua	sleep	"[22] = { [3] = ""sleep"", [13] = ""unconscious"" },"	yes	reviewed_preserved_or_moved_display
Scripts/General/zzMaw-Items.lua	unconscious	"[22] = { [3] = ""sleep"", [13] = ""unconscious"" },"	yes	reviewed_preserved_or_moved_display
Scripts/General/zzMaw-Items.lua	premature ageing	"[23] = { [15] = ""stone"", [21] = ""premature ageing"" },"	yes	reviewed_preserved_or_moved_display
Scripts/General/zzMaw-Items.lua	stone	"[23] = { [15] = ""stone"", [21] = ""premature ageing"" },"	yes	reviewed_preserved_or_moved_display
Scripts/General/zzMaw-Items.lua	death	"[25] = { [14] = ""death"", [16] = ""eradication"" },"	yes	reviewed_preserved_or_moved_display
Scripts/General/zzMaw-Items.lua	eradication	"[25] = { [14] = ""death"", [16] = ""eradication"" },"	yes	reviewed_preserved_or_moved_display
Scripts/General/zzMaw-Items.lua	Enchantment protects %s from %s	"Game.ShowStatusText(string.format(""Enchantment protects %s from %s"", t.Player.Name, protectionType))"	yes	reviewed_preserved_or_moved_display
Scripts/General/zzMaw-Items.lua	Explosive Impact! (half damage)	"Game.SpcItemsTxt[2].BonusStat=""Explosive Impact! (half damage)"""	yes	reviewed_preserved_or_moved_display
Scripts/General/zzMaw-Items.lua	Disease and Curse Immunity	"Game.SpcItemsTxt[17].BonusStat=""Disease and Curse Immunity"""	yes	reviewed_preserved_or_moved_display
Scripts/General/zzMaw-Items.lua	Insanity and SP drain Immunity	"Game.SpcItemsTxt[18].BonusStat=""Insanity and SP drain Immunity"""	yes	reviewed_preserved_or_moved_display
Scripts/General/zzMaw-Items.lua	Paralysis and fear Immunity	"Game.SpcItemsTxt[19].BonusStat=""Paralysis and fear Immunity"""	yes	reviewed_preserved_or_moved_display
Scripts/General/zzMaw-Items.lua	Poison and weakness Immunity	"Game.SpcItemsTxt[20].BonusStat=""Poison and weakness Immunity"""	yes	reviewed_preserved_or_moved_display
Scripts/General/zzMaw-Items.lua	Sleep and Unconscious Immunity	"Game.SpcItemsTxt[21].BonusStat=""Sleep and Unconscious Immunity"""	yes	reviewed_preserved_or_moved_display
Scripts/General/zzMaw-Items.lua	Stone and premature ageing Immunity	"Game.SpcItemsTxt[22].BonusStat=""Stone and premature ageing Immunity"""	yes	reviewed_preserved_or_moved_display
Scripts/General/zzMaw-Items.lua	Death and Eradication Immunity	"Game.SpcItemsTxt[24].BonusStat=""Death and Eradication Immunity"""	yes	reviewed_preserved_or_moved_display
Scripts/General/zzMaw-Items.lua	Reduces Physical damage taken by 15%	"Game.SpcItemsTxt[35].BonusStat=""Reduces Physical damage taken by 15%"""	yes	reviewed_preserved_or_moved_display
Scripts/General/zzMaw-Items.lua	Explosive Impact! (half damage)	"Game.SpcItemsTxt[2].BonusStat=""Explosive Impact! (half damage)"""	yes	reviewed_preserved_or_moved_display
Scripts/General/zzMaw-Items.lua	%s's poison effect expired	"Game.ShowStatusText(string.format(""%s's poison effect expired"",Party[i].Name))"	yes	reviewed_preserved_or_moved_display
Scripts/General/zzMaw-Items.lua	%s's poison effect expired	"Game.ShowStatusText(string.format(""%s's poison effect expired"",Party[i].Name))"	yes	reviewed_preserved_or_moved_display
Scripts/General/zzMaw-Items.lua	%s's poison effect expired	"Game.ShowStatusText(string.format(""%s's poison effect expired"",Party[i].Name))"	yes	reviewed_preserved_or_moved_display
Scripts/General/zzMaw-Items.lua	Killing a monster with a single-target attack halves the recovery time	"[11]=""Killing a monster with a single-target attack halves the recovery time"","	yes	reviewed_preserved_or_moved_display
Scripts/General/zzMaw-Items.lua	Might and accuracy enchantments give 40% bonus to intellect and personality. Intellect and personality enchantments give 40% bonus to might and accuracy	"[12]=""Might and accuracy enchantments give 40% bonus to intellect and personality. Intellect and personality enchantments give 40% bonus to might and accuracy"","	yes	reviewed_preserved_or_moved_display
Scripts/General/zzMaw-Items.lua	Immunity to all status effects from monsters	"[13]=""Immunity to all status effects from monsters"","	yes	reviewed_preserved_or_moved_display
Scripts/General/zzMaw-Items.lua	Crit chance increased by 10% and crit chance over 100% increases total damage	"[14]=""Crit chance increased by 10% and crit chance over 100% increases total damage"","	yes	reviewed_preserved_or_moved_display
Scripts/General/zzMaw-Items.lua	Divine protection (instead of dying you go back to 25% HP, once every 5 minutes)	"[15]=""Divine protection (instead of dying you go back to 25% HP, once every 5 minutes)"","	yes	reviewed_preserved_or_moved_display
Scripts/General/zzMaw-Items.lua	Increase the effect of resistances base enchants by 50%	"[16]=""Increase the effect of resistances base enchants by 50%"","	yes	reviewed_preserved_or_moved_display
Scripts/General/zzMaw-Items.lua	"Your hits deal 2% of current monster HP as physical damage (1% for AoE, multi-hit spells and arrows).
Damage is increased by weapon base attack speed or Ascensions for spells."	"[17]=""Your hits deal 2% of current monster HP as physical damage (1% for AoE, multi-hit spells and arrows).\nDamage is increased by weapon base attack speed or Ascensions for spells."","	yes	reviewed_preserved_or_moved_display
Scripts/General/zzMaw-Items.lua	Reduce all damage taken by 10%	"[18]=""Reduce all damage taken by 10%"","	yes	reviewed_preserved_or_moved_display
Scripts/General/zzMaw-Items.lua	Increase melee damage by 5% for each enemy in the nearbies	"[21]=""Increase melee damage by 5% for each enemy in the nearbies"","	yes	reviewed_preserved_or_moved_display
Scripts/General/zzMaw-Items.lua	Reduces damage by 3% for each enemy in the nearbies	"[22]=""Reduces damage by 3% for each enemy in the nearbies"","	yes	reviewed_preserved_or_moved_display
Scripts/General/zzMaw-Items.lua	Successfully covering an ally restores 3% of your HP	"[23]=""Successfully covering an ally restores 3% of your HP"","	yes	reviewed_preserved_or_moved_display
Scripts/General/zzMaw-Items.lua	Increases Ascension Skill level by 10	"[25]=""Increases Ascension Skill level by 10"","	yes	reviewed_preserved_or_moved_display
Scripts/General/zzMaw-Items.lua	Your weapon enchants can deal critical damage	"[26]=""Your weapon enchants can deal critical damage"","	yes	reviewed_preserved_or_moved_display
Scripts/General/zzMaw-Items.lua	Leech overhealing heals the most injured party member instead	"[27]=""Leech overhealing heals the most injured party member instead"","	yes	reviewed_preserved_or_moved_display
Scripts/General/zzMaw-Items.lua	AC gained from armors is doubled	"[28]=""AC gained from armors is doubled"","	yes	reviewed_preserved_or_moved_display
Scripts/General/zzMaw-Items.lua	Threshold HP to determine death/eradication depends on SP multiplied by mana shield efficiency instead, if higher	"[30]=""Threshold HP to determine death/eradication depends on SP multiplied by mana shield efficiency instead, if higher"","	yes	reviewed_preserved_or_moved_display
Scripts/General/zzMaw-Items.lua	Leech also restores Mana, but its effect is halved	"[31]=""Leech also restores Mana, but its effect is halved"","	yes	reviewed_preserved_or_moved_display
Scripts/General/zzMaw-Items.lua	"Buffs reserve Hit Points instead of Mana and Hit Point coefficient is used instead.
Enlightenment bonus still apply."	"[32]=""Buffs reserve Hit Points instead of Mana and Hit Point coefficient is used instead.\nEnlightenment bonus still apply."","	yes	reviewed_preserved_or_moved_display
Scripts/General/zzMaw-Items.lua	Increase Melee weapon skill by 10	"[33]=""Increase Melee weapon skill by 10"","	yes	reviewed_preserved_or_moved_display
Scripts/General/zzMaw-Items.lua	Overhealing refunds mana	"[34]=""Overhealing refunds mana"","	yes	reviewed_preserved_or_moved_display
Scripts/General/zzMaw-Items.lua	Overhealing reduces recovery time equal to half overhealing amount	"[35]=""Overhealing reduces recovery time equal to half overhealing amount"","	yes	reviewed_preserved_or_moved_display
Scripts/General/zzMaw-Items.lua	Killing a Monster restores %s%% of Health and %s%% of Mana, counted on the pool left after buffs reserve theirs	"""Killing a Monster restores %s%% of Health and %s%% of Mana, counted on the pool left after buffs reserve theirs"","	yes	reviewed_preserved_or_moved_display
Scripts/General/zzMaw-Items.lua	Each attack makes the monster take %s%% more damage of any kind, stacking until it dies	"""Each attack makes the monster take %s%% more damage of any kind, stacking until it dies"","	yes	reviewed_preserved_or_moved_display
Scripts/General/zzMaw-Items.lua	Might	"itemStatName[1] = StrColor(255, 0, 0, ""Might"")"	yes	reviewed_preserved_or_moved_display
Scripts/General/zzMaw-Items.lua	Intellect	"itemStatName[2] = StrColor(255, 128, 0, ""Intellect"")"	yes	reviewed_preserved_or_moved_display
Scripts/General/zzMaw-Items.lua	Personality	"itemStatName[3] = StrColor(0, 127, 255, ""Personality"")"	yes	reviewed_preserved_or_moved_display
Scripts/General/zzMaw-Items.lua	Endurance	"itemStatName[4] = StrColor(0, 255, 0, ""Endurance"")"	yes	reviewed_preserved_or_moved_display
Scripts/General/zzMaw-Items.lua	Accuracy	"itemStatName[5] = StrColor(255, 255, 0, ""Accuracy"")"	yes	reviewed_preserved_or_moved_display
Scripts/General/zzMaw-Items.lua	Speed	"itemStatName[6] = StrColor(127, 0, 255, ""Speed"")"	yes	reviewed_preserved_or_moved_display
Scripts/General/zzMaw-Items.lua	Luck	"itemStatName[7] = StrColor(255, 255, 255, ""Luck"")"	yes	reviewed_preserved_or_moved_display
Scripts/General/zzMaw-Items.lua	Hit Points	"itemStatName[8] = StrColor(0, 255, 0, ""Hit Points"")"	yes	reviewed_preserved_or_moved_display
Scripts/General/zzMaw-Items.lua	Spell Points	"itemStatName[9] = StrColor(0, 100, 255, ""Spell Points"")"	yes	reviewed_preserved_or_moved_display
Scripts/General/zzMaw-Items.lua	Armor Class	"itemStatName[10] = StrColor(230, 204, 128, ""Armor Class"")"	yes	reviewed_preserved_or_moved_display
Scripts/General/zzMaw-Items.lua	Fire Resistance	"itemStatName[11] = StrColor(255, 70, 70, ""Fire Resistance"")"	yes	reviewed_preserved_or_moved_display
Scripts/General/zzMaw-Items.lua	Air Resistance	"itemStatName[12] = StrColor(173, 216, 230, ""Air Resistance"")"	yes	reviewed_preserved_or_moved_display
Scripts/General/zzMaw-Items.lua	Water Resistance	"itemStatName[13] = StrColor(100, 180, 255, ""Water Resistance"")"	yes	reviewed_preserved_or_moved_display
Scripts/General/zzMaw-Items.lua	Earth Resistance	"itemStatName[14] = StrColor(153, 76, 0, ""Earth Resistance"")"	yes	reviewed_preserved_or_moved_display
Scripts/General/zzMaw-Items.lua	Mind Resistance	"itemStatName[15] = StrColor(200, 200, 255, ""Mind Resistance"")"	yes	reviewed_preserved_or_moved_display
Scripts/General/zzMaw-Items.lua	Body Resistance	"itemStatName[16] = StrColor(255, 192, 203, ""Body Resistance"")"	yes	reviewed_preserved_or_moved_display
Scripts/General/zzMaw-Items.lua	Alchemy skill	"itemStatName[17] = StrColor(255,255,153, ""Alchemy skill"")"	yes	reviewed_preserved_or_moved_display
Scripts/General/zzMaw-Items.lua	Repair skill	"itemStatName[18] = StrColor(255,255,153, ""Repair skill"")"	yes	reviewed_preserved_or_moved_display
Scripts/General/zzMaw-Items.lua	Disarm skill	"itemStatName[19] = StrColor(255,255,153, ""Disarm skill"")"	yes	reviewed_preserved_or_moved_display
Scripts/General/zzMaw-Items.lua	ID Item skill	"itemStatName[20] = StrColor(255,255,153, ""ID Item skill"")"	yes	reviewed_preserved_or_moved_display
Scripts/General/zzMaw-Items.lua	ID Monster skill	"itemStatName[21] = StrColor(255,255,153, ""ID Monster skill"")"	yes	reviewed_preserved_or_moved_display
Scripts/General/zzMaw-Items.lua	Armsmaster skill	"itemStatName[22] = StrColor(255,255,153, ""Armsmaster skill"")"	yes	reviewed_preserved_or_moved_display
Scripts/General/zzMaw-Items.lua	Dodge skill	"itemStatName[23] = StrColor(255,255,153, ""Dodge skill"")"	yes	reviewed_preserved_or_moved_display
Scripts/General/zzMaw-Items.lua	Unarmed skill	"itemStatName[24] = StrColor(255,255,153, ""Unarmed skill"")"	yes	reviewed_preserved_or_moved_display
Scripts/General/zzMaw-Items.lua	Great might	"itemStatName[25] = StrColor(255,255,153, ""Great might"")"	yes	reviewed_preserved_or_moved_display
Scripts/General/zzMaw-Items.lua	Might	"[1]=""Might"","	yes	reviewed_preserved_or_moved_display
Scripts/General/zzMaw-Items.lua	Intellect	"[2]=""Intellect"","	yes	reviewed_preserved_or_moved_display
Scripts/General/zzMaw-Items.lua	Personality	"[3]=""Personality"","	yes	reviewed_preserved_or_moved_display
Scripts/General/zzMaw-Items.lua	Endurance	"[4]=""Endurance"","	yes	reviewed_preserved_or_moved_display
Scripts/General/zzMaw-Items.lua	Accuracy	"[5]=""Accuracy"","	yes	reviewed_preserved_or_moved_display
Scripts/General/zzMaw-Items.lua	Speed	"[6]=""Speed"","	yes	reviewed_preserved_or_moved_display
Scripts/General/zzMaw-Items.lua	Luck	"[7]=""Luck"","	yes	reviewed_preserved_or_moved_display
Scripts/General/zzMaw-Items.lua	Hit Points	"[8]=""Hit Points"","	yes	reviewed_preserved_or_moved_display
Scripts/General/zzMaw-Items.lua	Spell Points	"[9]=""Spell Points"","	yes	reviewed_preserved_or_moved_display
Scripts/General/zzMaw-Items.lua	Armor Class	"[10]=""Armor Class"","	yes	reviewed_preserved_or_moved_display
Scripts/General/zzMaw-Items.lua	Fire Resistance	"[11]=""Fire Resistance"","	yes	reviewed_preserved_or_moved_display
Scripts/General/zzMaw-Items.lua	Air Resistance	"[12]=""Air Resistance"","	yes	reviewed_preserved_or_moved_display
Scripts/General/zzMaw-Items.lua	Water Resistance	"[13]=""Water Resistance"","	yes	reviewed_preserved_or_moved_display
Scripts/General/zzMaw-Items.lua	Earth Resistance	"[14]=""Earth Resistance"","	yes	reviewed_preserved_or_moved_display
Scripts/General/zzMaw-Items.lua	Mind Resistance	"[15]=""Mind Resistance"","	yes	reviewed_preserved_or_moved_display
Scripts/General/zzMaw-Items.lua	Body Resistance	"[16]=""Body Resistance"","	yes	reviewed_preserved_or_moved_display
Scripts/General/zzMaw-Items.lua	Alchemy skill	"[17]=""Alchemy skill"","	yes	reviewed_preserved_or_moved_display
Scripts/General/zzMaw-Items.lua	Repair skill	"[18]=""Repair skill"","	yes	reviewed_preserved_or_moved_display
Scripts/General/zzMaw-Items.lua	Disarm skill	"[19]=""Disarm skill"","	yes	reviewed_preserved_or_moved_display
Scripts/General/zzMaw-Items.lua	ID Item skill	"[20]=""ID Item skill"","	yes	reviewed_preserved_or_moved_display
Scripts/General/zzMaw-Items.lua	ID Monster skill	"[21]=""ID Monster skill"","	yes	reviewed_preserved_or_moved_display
Scripts/General/zzMaw-Items.lua	Armsmaster skill	"[22]=""Armsmaster skill"","	yes	reviewed_preserved_or_moved_display
Scripts/General/zzMaw-Items.lua	Dodge skill	"[23]=""Dodge skill"","	yes	reviewed_preserved_or_moved_display
Scripts/General/zzMaw-Items.lua	Unarmed skill	"[24]=""Unarmed skill"","	yes	reviewed_preserved_or_moved_display
Scripts/General/zzMaw-Items.lua	 damage.	"return ""Adds "" .. enchRangeText(id) .. "" points of "" .. kind .. "" damage."""	yes	reviewed_preserved_or_moved_display
Scripts/General/zzMaw-Items.lua	 points of 	"return ""Adds "" .. enchRangeText(id) .. "" points of "" .. kind .. "" damage."""	yes	reviewed_preserved_or_moved_display
Scripts/General/zzMaw-Items.lua	Adds 	"return ""Adds "" .. enchRangeText(id) .. "" points of "" .. kind .. "" damage."""	yes	reviewed_preserved_or_moved_display
Scripts/General/zzMaw-Items.lua	 to all Resistances.	"[1] =  "" +"" .. math.floor(bonusEffects[1].statModifier * mult) .. "" to all Resistances."","	yes	reviewed_preserved_or_moved_display
Scripts/General/zzMaw-Items.lua	 to all Seven Statistics.	"[2] = "" +"" .. math.floor(bonusEffects[2].statModifier * mult) .. "" to all Seven Statistics."","	yes	reviewed_preserved_or_moved_display
Scripts/General/zzMaw-Items.lua	Cold	"[4] = enchDmgText(4, ""Cold""),"	yes	reviewed_preserved_or_moved_display
Scripts/General/zzMaw-Items.lua	Cold	"[5] = enchDmgText(5, ""Cold""),"	yes	reviewed_preserved_or_moved_display
Scripts/General/zzMaw-Items.lua	Cold	"[6] = enchDmgText(6, ""Cold""),"	yes	reviewed_preserved_or_moved_display
Scripts/General/zzMaw-Items.lua	Electrical	"[7] = enchDmgText(7, ""Electrical""),"	yes	reviewed_preserved_or_moved_display
Scripts/General/zzMaw-Items.lua	Electrical	"[8] = enchDmgText(8, ""Electrical""),"	yes	reviewed_preserved_or_moved_display
Scripts/General/zzMaw-Items.lua	Electrical	"[9] = enchDmgText(9, ""Electrical""),"	yes	reviewed_preserved_or_moved_display
Scripts/General/zzMaw-Items.lua	Fire	"[10] = enchDmgText(10, ""Fire""),"	yes	reviewed_preserved_or_moved_display
Scripts/General/zzMaw-Items.lua	Fire	"[11] = enchDmgText(11, ""Fire""),"	yes	reviewed_preserved_or_moved_display
Scripts/General/zzMaw-Items.lua	Fire	"[12] = enchDmgText(12, ""Fire""),"	yes	reviewed_preserved_or_moved_display
Scripts/General/zzMaw-Items.lua	Air Magic Skill +	"[26] = ""Air Magic Skill +"" .. MawCore.Formulas.chargesSchoolSkill(MaxCharges),"	yes	reviewed_preserved_or_moved_display
Scripts/General/zzMaw-Items.lua	Body Magic Skill +	"[27] = ""Body Magic Skill +"" .. MawCore.Formulas.chargesSchoolSkill(MaxCharges),"	yes	reviewed_preserved_or_moved_display
Scripts/General/zzMaw-Items.lua	Dark Magic Skill +	"[28] = ""Dark Magic Skill +"" .. MawCore.Formulas.chargesSchoolSkill(MaxCharges),"	yes	reviewed_preserved_or_moved_display
Scripts/General/zzMaw-Items.lua	Earth Magic Skill +	"[29] = ""Earth Magic Skill +"" .. MawCore.Formulas.chargesSchoolSkill(MaxCharges),"	yes	reviewed_preserved_or_moved_display
Scripts/General/zzMaw-Items.lua	Fire Magic Skill +	"[30] = ""Fire Magic Skill +"" .. MawCore.Formulas.chargesSchoolSkill(MaxCharges),"	yes	reviewed_preserved_or_moved_display
Scripts/General/zzMaw-Items.lua	Light Magic Skill +	"[31] = ""Light Magic Skill +"" .. MawCore.Formulas.chargesSchoolSkill(MaxCharges),"	yes	reviewed_preserved_or_moved_display
Scripts/General/zzMaw-Items.lua	Mind Magic Skill +	"[32] = ""Mind Magic Skill +"" .. MawCore.Formulas.chargesSchoolSkill(MaxCharges),"	yes	reviewed_preserved_or_moved_display
Scripts/General/zzMaw-Items.lua	Spirit Magic Skill +	"[33] = ""Spirit Magic Skill +"" .. MawCore.Formulas.chargesSchoolSkill(MaxCharges),"	yes	reviewed_preserved_or_moved_display
Scripts/General/zzMaw-Items.lua	Water Magic Skill +	"[34] = ""Water Magic Skill +"" .. MawCore.Formulas.chargesSchoolSkill(MaxCharges),"	yes	reviewed_preserved_or_moved_display
Scripts/General/zzMaw-Items.lua	Meditation Skill +	"[38] = ""Meditation Skill +"" .. MawCore.Formulas.chargesMeditationSkill(MaxCharges),"	yes	reviewed_preserved_or_moved_display
Scripts/General/zzMaw-Items.lua	 Intellect and personality.	"[39] = ""Adds "" .. enchRangeText(39) .. "" to spell damage and +"" .. math.floor(bonusEffects[46].statModifier * mult).. "" Intellect and personality."","	yes	reviewed_preserved_or_moved_display
Scripts/General/zzMaw-Items.lua	 to spell damage and +	"[39] = ""Adds "" .. enchRangeText(39) .. "" to spell damage and +"" .. math.floor(bonusEffects[46].statModifier * mult).. "" Intellect and personality."","	yes	reviewed_preserved_or_moved_display
Scripts/General/zzMaw-Items.lua	Adds 	"[39] = ""Adds "" .. enchRangeText(39) .. "" to spell damage and +"" .. math.floor(bonusEffects[46].statModifier * mult).. "" Intellect and personality."","	yes	reviewed_preserved_or_moved_display
Scripts/General/zzMaw-Items.lua	Leech 10% of magical damage, increases cast speed (does not stack).	"[40] = ""Leech 10% of magical damage, increases cast speed (does not stack)."","	yes	reviewed_preserved_or_moved_display
Scripts/General/zzMaw-Items.lua	 to Seven Stats, HP, SP, Armor, Resistances.	"[42] = "" +"" .. math.floor(bonusEffects[42].statModifier * mult) .. "" to Seven Stats, HP, SP, Armor, Resistances."","	yes	reviewed_preserved_or_moved_display
Scripts/General/zzMaw-Items.lua	 to Endurance, Armor, Hit points.	"[43] = "" +"" .. math.floor(bonusEffects[43].statModifier * mult) .. "" to Endurance, Armor, Hit points."","	yes	reviewed_preserved_or_moved_display
Scripts/General/zzMaw-Items.lua	 Hit points and Regenerate Hit points over time.	"[44] = "" +"" .. math.floor(bonusEffects[44].statModifier * mult) .. "" Hit points and Regenerate Hit points over time."","	yes	reviewed_preserved_or_moved_display
Scripts/General/zzMaw-Items.lua	 Speed and Accuracy.	"[45] = "" +"" .. math.floor(bonusEffects[45].statModifier * mult) .. "" Speed and Accuracy."","	yes	reviewed_preserved_or_moved_display
Scripts/General/zzMaw-Items.lua	 attacks and +	"[46] = ""Adds "" .. enchRangeText(46) .. "" points of Fire damage to "" .. weaponType .. "" attacks and +"" .. math.floor(bonusEffects[46].statModifier * mult).. "" Might."","	yes	reviewed_preserved_or_moved_display
Scripts/General/zzMaw-Items.lua	 Might.	"[46] = ""Adds "" .. enchRangeText(46) .. "" points of Fire damage to "" .. weaponType .. "" attacks and +"" .. math.floor(bonusEffects[46].statModifier * mult).. "" Might."","	yes	reviewed_preserved_or_moved_display
Scripts/General/zzMaw-Items.lua	 points of Fire damage to 	"[46] = ""Adds "" .. enchRangeText(46) .. "" points of Fire damage to "" .. weaponType .. "" attacks and +"" .. math.floor(bonusEffects[46].statModifier * mult).. "" Might."","	yes	reviewed_preserved_or_moved_display
Scripts/General/zzMaw-Items.lua	Adds 	"[46] = ""Adds "" .. enchRangeText(46) .. "" points of Fire damage to "" .. weaponType .. "" attacks and +"" .. math.floor(bonusEffects[46].statModifier * mult).. "" Might."","	yes	reviewed_preserved_or_moved_display
Scripts/General/zzMaw-Items.lua	 Spell points and Meditation Skill +	"[47] = "" +"" .. math.floor(bonusEffects[47].statModifier * mult) .. "" Spell points and Meditation Skill +"" .. MawCore.Formulas.chargesMeditationSkill(MaxCharges),"	yes	reviewed_preserved_or_moved_display
Scripts/General/zzMaw-Items.lua	 Armor.	"[48] = "" +"" .. math.floor(bonusEffects[48].statModifier[1] * mult) .. "" Endurance and"" .. "" +"" .. math.floor(bonusEffects[48].statModifier[2] * mult).. "" Armor."","	yes	reviewed_preserved_or_moved_display
Scripts/General/zzMaw-Items.lua	 Endurance and	"[48] = "" +"" .. math.floor(bonusEffects[48].statModifier[1] * mult) .. "" Endurance and"" .. "" +"" .. math.floor(bonusEffects[48].statModifier[2] * mult).. "" Armor."","	yes	reviewed_preserved_or_moved_display
Scripts/General/zzMaw-Items.lua	 Intellect and Luck.	"[49] = "" +"" .. math.floor(bonusEffects[49].statModifier * mult) .. "" Intellect and Luck."","	yes	reviewed_preserved_or_moved_display
Scripts/General/zzMaw-Items.lua	 Fire Resistance and Regenerate Hit points over time.	"[50] = "" +"" .. math.floor(bonusEffects[50].statModifier * mult) .. "" Fire Resistance and Regenerate Hit points over time."","	yes	reviewed_preserved_or_moved_display
Scripts/General/zzMaw-Items.lua	 Spell points, Speed, Intellect.	"[51] = "" +"" .. math.floor(bonusEffects[51].statModifier * mult) .. "" Spell points, Speed, Intellect."","	yes	reviewed_preserved_or_moved_display
Scripts/General/zzMaw-Items.lua	 Endurance and Accuracy.	"[52] = "" +"" .. math.floor(bonusEffects[52].statModifier * mult) .. "" Endurance and Accuracy."","	yes	reviewed_preserved_or_moved_display
Scripts/General/zzMaw-Items.lua	 Might and Personality.	"[53] = "" +"" .. math.floor(bonusEffects[53].statModifier * mult) .. "" Might and Personality."","	yes	reviewed_preserved_or_moved_display
Scripts/General/zzMaw-Items.lua	 Endurance and Regenerate Hit points over time.	"[54] = "" +"" .. math.floor(bonusEffects[54].statModifier * mult) .. "" Endurance and Regenerate Hit points over time."","	yes	reviewed_preserved_or_moved_display
Scripts/General/zzMaw-Items.lua	 Luck and Meditation Skill +	"[55] = "" +"" .. math.floor(bonusEffects[55].statModifier * mult) .. "" Luck and Meditation Skill +"" .. MawCore.Formulas.chargesMeditationSkill(MaxCharges),"	yes	reviewed_preserved_or_moved_display
Scripts/General/zzMaw-Items.lua	 Might and Endurance.	"[56] = "" +"" .. math.floor(bonusEffects[56].statModifier * mult) .. "" Might and Endurance."","	yes	reviewed_preserved_or_moved_display
Scripts/General/zzMaw-Items.lua	 Intellect and Personality.	"[57] = "" +"" .. math.floor(bonusEffects[57].statModifier * mult) .. "" Intellect and Personality."","	yes	reviewed_preserved_or_moved_display
Scripts/General/zzMaw-Items.lua	Regenerates Hit Points and Meditation Skill +	"[66] = ""Regenerates Hit Points and Meditation Skill +"" .. MawCore.Formulas.chargesMeditationSkill(MaxCharges),"	yes	reviewed_preserved_or_moved_display
Scripts/General/zzMaw-Items.lua	 Personality and Accuracy.	"[74] = "" +"" .. math.floor(bonusEffects[74].statModifier * mult) .. "" Personality and Accuracy."","	yes	reviewed_preserved_or_moved_display
Scripts/General/zzMaw-Items.lua	 Intellect and Might.	"[75] = "" +"" .. math.floor(bonusEffects[75].statModifier * mult) .. "" Intellect and Might."","	yes	reviewed_preserved_or_moved_display
Scripts/General/zzMaw-Items.lua	 Intellect and Accuracy.	"[76] = "" +"" .. math.floor(bonusEffects[76].statModifier * mult) .. "" Intellect and Accuracy."","	yes	reviewed_preserved_or_moved_display
Scripts/General/zzMaw-Items.lua	 Might, Intellect and Personality.	"[77] = "" +"" .. math.floor(bonusEffects[77].statModifier * mult) .. "" Might, Intellect and Personality."","	yes	reviewed_preserved_or_moved_display
Scripts/General/zzMaw-Items.lua	 Elemental Resistances.	"[78] = "" +"" .. math.floor(bonusEffects[78].statModifier * mult) .. "" Elemental Resistances."","	yes	reviewed_preserved_or_moved_display
Scripts/General/zzMaw-Items.lua	 Body and mind Resistances.	"[79] = "" +"" .. math.floor(bonusEffects[79].statModifier * mult) .. "" Body and mind Resistances."","	yes	reviewed_preserved_or_moved_display
Scripts/General/zzMaw-Items.lua	 to Seven Stats, HP, SP, Armor, Resistances.	"[80] = "" +"" .. math.floor(bonusEffects[80].statModifier * mult) .. "" to Seven Stats, HP, SP, Armor, Resistances."","	yes	reviewed_preserved_or_moved_display
Scripts/General/zzMaw-Items.lua	Power: 	"t.Enchantment=""Power: "" .. bonus"	yes	reviewed_preserved_or_moved_display
Scripts/General/zzMaw-Items.lua	Greater Heal	"Game.ItemsTxt[473].Name=""Greater Heal"""	yes	reviewed_preserved_or_moved_display
Scripts/General/zzMaw-Items.lua	Greater Heal	"Game.ItemsTxt[1275].Name=""Greater Heal"""	yes	reviewed_preserved_or_moved_display
Scripts/General/zzMaw-Items.lua	Greater Heal	"Game.ItemsTxt[1989].Name=""Greater Heal"""	yes	reviewed_preserved_or_moved_display
Scripts/General/zzMaw-Items.lua	Press R to refresh new items (20000 gold)	"Game.ShowStatusText(""Press R to refresh new items (20000 gold)"") --not working"	yes	reviewed_preserved_or_moved_display
Scripts/General/zzMaw-Items.lua	Not enough disarm skill	"Game.ShowStatusText(""Not enough disarm skill"")"	yes	reviewed_preserved_or_moved_display
Scripts/General/zzMaw-Items.lua	Amber Droplet	"local craftingNames={""Lunar Shard"", ""Fire Topaz"", ""Amethyst Chunk"", ""Amber Droplet"", ""Royal Amethyst"", ""Gemcutter's Ruby"", ""Solarstone"", ""Erudite Crystal"", ""Erathian Sapphire"", ""Queen's Diamond"",""Ascended Lunar Shard"", ""Ascended Topaz"", ""Ascended Amethyst"", ""Ascended Amber"", ""Ascended Purple Amethyst"", ""Ascended Ruby"", ""Ascended Solarstone"", ""Ascended Amber Droplet"", ""Ascended Sapphire"", ""Ascended Diamond""}"	yes	reviewed_preserved_or_moved_display
Scripts/General/zzMaw-Items.lua	Amethyst Chunk	"local craftingNames={""Lunar Shard"", ""Fire Topaz"", ""Amethyst Chunk"", ""Amber Droplet"", ""Royal Amethyst"", ""Gemcutter's Ruby"", ""Solarstone"", ""Erudite Crystal"", ""Erathian Sapphire"", ""Queen's Diamond"",""Ascended Lunar Shard"", ""Ascended Topaz"", ""Ascended Amethyst"", ""Ascended Amber"", ""Ascended Purple Amethyst"", ""Ascended Ruby"", ""Ascended Solarstone"", ""Ascended Amber Droplet"", ""Ascended Sapphire"", ""Ascended Diamond""}"	yes	reviewed_preserved_or_moved_display
Scripts/General/zzMaw-Items.lua	Ascended Amber	"local craftingNames={""Lunar Shard"", ""Fire Topaz"", ""Amethyst Chunk"", ""Amber Droplet"", ""Royal Amethyst"", ""Gemcutter's Ruby"", ""Solarstone"", ""Erudite Crystal"", ""Erathian Sapphire"", ""Queen's Diamond"",""Ascended Lunar Shard"", ""Ascended Topaz"", ""Ascended Amethyst"", ""Ascended Amber"", ""Ascended Purple Amethyst"", ""Ascended Ruby"", ""Ascended Solarstone"", ""Ascended Amber Droplet"", ""Ascended Sapphire"", ""Ascended Diamond""}"	yes	reviewed_preserved_or_moved_display
Scripts/General/zzMaw-Items.lua	Ascended Amber Droplet	"local craftingNames={""Lunar Shard"", ""Fire Topaz"", ""Amethyst Chunk"", ""Amber Droplet"", ""Royal Amethyst"", ""Gemcutter's Ruby"", ""Solarstone"", ""Erudite Crystal"", ""Erathian Sapphire"", ""Queen's Diamond"",""Ascended Lunar Shard"", ""Ascended Topaz"", ""Ascended Amethyst"", ""Ascended Amber"", ""Ascended Purple Amethyst"", ""Ascended Ruby"", ""Ascended Solarstone"", ""Ascended Amber Droplet"", ""Ascended Sapphire"", ""Ascended Diamond""}"	yes	reviewed_preserved_or_moved_display
Scripts/General/zzMaw-Items.lua	Ascended Amethyst	"local craftingNames={""Lunar Shard"", ""Fire Topaz"", ""Amethyst Chunk"", ""Amber Droplet"", ""Royal Amethyst"", ""Gemcutter's Ruby"", ""Solarstone"", ""Erudite Crystal"", ""Erathian Sapphire"", ""Queen's Diamond"",""Ascended Lunar Shard"", ""Ascended Topaz"", ""Ascended Amethyst"", ""Ascended Amber"", ""Ascended Purple Amethyst"", ""Ascended Ruby"", ""Ascended Solarstone"", ""Ascended Amber Droplet"", ""Ascended Sapphire"", ""Ascended Diamond""}"	yes	reviewed_preserved_or_moved_display
Scripts/General/zzMaw-Items.lua	Ascended Diamond	"local craftingNames={""Lunar Shard"", ""Fire Topaz"", ""Amethyst Chunk"", ""Amber Droplet"", ""Royal Amethyst"", ""Gemcutter's Ruby"", ""Solarstone"", ""Erudite Crystal"", ""Erathian Sapphire"", ""Queen's Diamond"",""Ascended Lunar Shard"", ""Ascended Topaz"", ""Ascended Amethyst"", ""Ascended Amber"", ""Ascended Purple Amethyst"", ""Ascended Ruby"", ""Ascended Solarstone"", ""Ascended Amber Droplet"", ""Ascended Sapphire"", ""Ascended Diamond""}"	yes	reviewed_preserved_or_moved_display
Scripts/General/zzMaw-Items.lua	Ascended Lunar Shard	"local craftingNames={""Lunar Shard"", ""Fire Topaz"", ""Amethyst Chunk"", ""Amber Droplet"", ""Royal Amethyst"", ""Gemcutter's Ruby"", ""Solarstone"", ""Erudite Crystal"", ""Erathian Sapphire"", ""Queen's Diamond"",""Ascended Lunar Shard"", ""Ascended Topaz"", ""Ascended Amethyst"", ""Ascended Amber"", ""Ascended Purple Amethyst"", ""Ascended Ruby"", ""Ascended Solarstone"", ""Ascended Amber Droplet"", ""Ascended Sapphire"", ""Ascended Diamond""}"	yes	reviewed_preserved_or_moved_display
Scripts/General/zzMaw-Items.lua	Ascended Purple Amethyst	"local craftingNames={""Lunar Shard"", ""Fire Topaz"", ""Amethyst Chunk"", ""Amber Droplet"", ""Royal Amethyst"", ""Gemcutter's Ruby"", ""Solarstone"", ""Erudite Crystal"", ""Erathian Sapphire"", ""Queen's Diamond"",""Ascended Lunar Shard"", ""Ascended Topaz"", ""Ascended Amethyst"", ""Ascended Amber"", ""Ascended Purple Amethyst"", ""Ascended Ruby"", ""Ascended Solarstone"", ""Ascended Amber Droplet"", ""Ascended Sapphire"", ""Ascended Diamond""}"	yes	reviewed_preserved_or_moved_display
Scripts/General/zzMaw-Items.lua	Ascended Ruby	"local craftingNames={""Lunar Shard"", ""Fire Topaz"", ""Amethyst Chunk"", ""Amber Droplet"", ""Royal Amethyst"", ""Gemcutter's Ruby"", ""Solarstone"", ""Erudite Crystal"", ""Erathian Sapphire"", ""Queen's Diamond"",""Ascended Lunar Shard"", ""Ascended Topaz"", ""Ascended Amethyst"", ""Ascended Amber"", ""Ascended Purple Amethyst"", ""Ascended Ruby"", ""Ascended Solarstone"", ""Ascended Amber Droplet"", ""Ascended Sapphire"", ""Ascended Diamond""}"	yes	reviewed_preserved_or_moved_display
Scripts/General/zzMaw-Items.lua	Ascended Sapphire	"local craftingNames={""Lunar Shard"", ""Fire Topaz"", ""Amethyst Chunk"", ""Amber Droplet"", ""Royal Amethyst"", ""Gemcutter's Ruby"", ""Solarstone"", ""Erudite Crystal"", ""Erathian Sapphire"", ""Queen's Diamond"",""Ascended Lunar Shard"", ""Ascended Topaz"", ""Ascended Amethyst"", ""Ascended Amber"", ""Ascended Purple Amethyst"", ""Ascended Ruby"", ""Ascended Solarstone"", ""Ascended Amber Droplet"", ""Ascended Sapphire"", ""Ascended Diamond""}"	yes	reviewed_preserved_or_moved_display
Scripts/General/zzMaw-Items.lua	Ascended Solarstone	"local craftingNames={""Lunar Shard"", ""Fire Topaz"", ""Amethyst Chunk"", ""Amber Droplet"", ""Royal Amethyst"", ""Gemcutter's Ruby"", ""Solarstone"", ""Erudite Crystal"", ""Erathian Sapphire"", ""Queen's Diamond"",""Ascended Lunar Shard"", ""Ascended Topaz"", ""Ascended Amethyst"", ""Ascended Amber"", ""Ascended Purple Amethyst"", ""Ascended Ruby"", ""Ascended Solarstone"", ""Ascended Amber Droplet"", ""Ascended Sapphire"", ""Ascended Diamond""}"	yes	reviewed_preserved_or_moved_display
Scripts/General/zzMaw-Items.lua	Ascended Topaz	"local craftingNames={""Lunar Shard"", ""Fire Topaz"", ""Amethyst Chunk"", ""Amber Droplet"", ""Royal Amethyst"", ""Gemcutter's Ruby"", ""Solarstone"", ""Erudite Crystal"", ""Erathian Sapphire"", ""Queen's Diamond"",""Ascended Lunar Shard"", ""Ascended Topaz"", ""Ascended Amethyst"", ""Ascended Amber"", ""Ascended Purple Amethyst"", ""Ascended Ruby"", ""Ascended Solarstone"", ""Ascended Amber Droplet"", ""Ascended Sapphire"", ""Ascended Diamond""}"	yes	reviewed_preserved_or_moved_display
Scripts/General/zzMaw-Items.lua	Erathian Sapphire	"local craftingNames={""Lunar Shard"", ""Fire Topaz"", ""Amethyst Chunk"", ""Amber Droplet"", ""Royal Amethyst"", ""Gemcutter's Ruby"", ""Solarstone"", ""Erudite Crystal"", ""Erathian Sapphire"", ""Queen's Diamond"",""Ascended Lunar Shard"", ""Ascended Topaz"", ""Ascended Amethyst"", ""Ascended Amber"", ""Ascended Purple Amethyst"", ""Ascended Ruby"", ""Ascended Solarstone"", ""Ascended Amber Droplet"", ""Ascended Sapphire"", ""Ascended Diamond""}"	yes	reviewed_preserved_or_moved_display
Scripts/General/zzMaw-Items.lua	Erudite Crystal	"local craftingNames={""Lunar Shard"", ""Fire Topaz"", ""Amethyst Chunk"", ""Amber Droplet"", ""Royal Amethyst"", ""Gemcutter's Ruby"", ""Solarstone"", ""Erudite Crystal"", ""Erathian Sapphire"", ""Queen's Diamond"",""Ascended Lunar Shard"", ""Ascended Topaz"", ""Ascended Amethyst"", ""Ascended Amber"", ""Ascended Purple Amethyst"", ""Ascended Ruby"", ""Ascended Solarstone"", ""Ascended Amber Droplet"", ""Ascended Sapphire"", ""Ascended Diamond""}"	yes	reviewed_preserved_or_moved_display
Scripts/General/zzMaw-Items.lua	Fire Topaz	"local craftingNames={""Lunar Shard"", ""Fire Topaz"", ""Amethyst Chunk"", ""Amber Droplet"", ""Royal Amethyst"", ""Gemcutter's Ruby"", ""Solarstone"", ""Erudite Crystal"", ""Erathian Sapphire"", ""Queen's Diamond"",""Ascended Lunar Shard"", ""Ascended Topaz"", ""Ascended Amethyst"", ""Ascended Amber"", ""Ascended Purple Amethyst"", ""Ascended Ruby"", ""Ascended Solarstone"", ""Ascended Amber Droplet"", ""Ascended Sapphire"", ""Ascended Diamond""}"	yes	reviewed_preserved_or_moved_display
Scripts/General/zzMaw-Items.lua	Gemcutter's Ruby	"local craftingNames={""Lunar Shard"", ""Fire Topaz"", ""Amethyst Chunk"", ""Amber Droplet"", ""Royal Amethyst"", ""Gemcutter's Ruby"", ""Solarstone"", ""Erudite Crystal"", ""Erathian Sapphire"", ""Queen's Diamond"",""Ascended Lunar Shard"", ""Ascended Topaz"", ""Ascended Amethyst"", ""Ascended Amber"", ""Ascended Purple Amethyst"", ""Ascended Ruby"", ""Ascended Solarstone"", ""Ascended Amber Droplet"", ""Ascended Sapphire"", ""Ascended Diamond""}"	yes	reviewed_preserved_or_moved_display
Scripts/General/zzMaw-Items.lua	Lunar Shard	"local craftingNames={""Lunar Shard"", ""Fire Topaz"", ""Amethyst Chunk"", ""Amber Droplet"", ""Royal Amethyst"", ""Gemcutter's Ruby"", ""Solarstone"", ""Erudite Crystal"", ""Erathian Sapphire"", ""Queen's Diamond"",""Ascended Lunar Shard"", ""Ascended Topaz"", ""Ascended Amethyst"", ""Ascended Amber"", ""Ascended Purple Amethyst"", ""Ascended Ruby"", ""Ascended Solarstone"", ""Ascended Amber Droplet"", ""Ascended Sapphire"", ""Ascended Diamond""}"	yes	reviewed_preserved_or_moved_display
Scripts/General/zzMaw-Items.lua	Queen's Diamond	"local craftingNames={""Lunar Shard"", ""Fire Topaz"", ""Amethyst Chunk"", ""Amber Droplet"", ""Royal Amethyst"", ""Gemcutter's Ruby"", ""Solarstone"", ""Erudite Crystal"", ""Erathian Sapphire"", ""Queen's Diamond"",""Ascended Lunar Shard"", ""Ascended Topaz"", ""Ascended Amethyst"", ""Ascended Amber"", ""Ascended Purple Amethyst"", ""Ascended Ruby"", ""Ascended Solarstone"", ""Ascended Amber Droplet"", ""Ascended Sapphire"", ""Ascended Diamond""}"	yes	reviewed_preserved_or_moved_display
Scripts/General/zzMaw-Items.lua	Royal Amethyst	"local craftingNames={""Lunar Shard"", ""Fire Topaz"", ""Amethyst Chunk"", ""Amber Droplet"", ""Royal Amethyst"", ""Gemcutter's Ruby"", ""Solarstone"", ""Erudite Crystal"", ""Erathian Sapphire"", ""Queen's Diamond"",""Ascended Lunar Shard"", ""Ascended Topaz"", ""Ascended Amethyst"", ""Ascended Amber"", ""Ascended Purple Amethyst"", ""Ascended Ruby"", ""Ascended Solarstone"", ""Ascended Amber Droplet"", ""Ascended Sapphire"", ""Ascended Diamond""}"	yes	reviewed_preserved_or_moved_display
Scripts/General/zzMaw-Items.lua	Solarstone	"local craftingNames={""Lunar Shard"", ""Fire Topaz"", ""Amethyst Chunk"", ""Amber Droplet"", ""Royal Amethyst"", ""Gemcutter's Ruby"", ""Solarstone"", ""Erudite Crystal"", ""Erathian Sapphire"", ""Queen's Diamond"",""Ascended Lunar Shard"", ""Ascended Topaz"", ""Ascended Amethyst"", ""Ascended Amber"", ""Ascended Purple Amethyst"", ""Ascended Ruby"", ""Ascended Solarstone"", ""Ascended Amber Droplet"", ""Ascended Sapphire"", ""Ascended Diamond""}"	yes	reviewed_preserved_or_moved_display
Scripts/General/zzMaw-Items.lua	%s created	"Game.ShowStatusText(string.format(""%s created"", craftingNames[i+1]))"	yes	reviewed_preserved_or_moved_display
Scripts/General/zzMaw-Items.lua	No gem to upgrade	"Game.ShowStatusText(""No gem to upgrade"")"	yes	reviewed_preserved_or_moved_display
Scripts/General/zzMaw-Items.lua	Convert %s into %s? (U)	"Game.ShowStatusText(string.format(""Convert %s into %s? (U)"",craftingNames[i], craftingNames[i+1]))"	yes	reviewed_preserved_or_moved_display
Scripts/General/zzMaw-Items.lua	No gem to upgrade	"Game.ShowStatusText(""No gem to upgrade"")"	yes	reviewed_preserved_or_moved_display
Scripts/General/zzMaw-Maps.lua	The dungeon has already been cleared, but you have the option to reset it and attempt it once more with even harder monsters. Please note that no completion rewards will be given for this reset. Would you like to proceed with resetting the dungeon? (yes/no)	"resetTxt=""The dungeon has already been cleared, but you have the option to reset it and attempt it once more with even harder monsters. Please note that no completion rewards will be given for this reset. Would you like to proceed with resetting the dungeon? (yes/no)"""	yes	reviewed_preserved_or_moved_display
Scripts/General/zzMaw-Maps.lua	Entering will reset the dungeon	"Game.ShowStatusText(""Entering will reset the dungeon"")"	yes	reviewed_preserved_or_moved_display
Scripts/General/zzMaw-Maps.lua	Empty Barrel	"evt.hint[19999] = ""Empty Barrel"""	yes	reviewed_preserved_or_moved_display
Scripts/General/zzMaw-Maps.lua	Dimension Map	"Game.ItemsTxt[290].Name=""Dimension Map"""	yes	reviewed_preserved_or_moved_display
Scripts/General/zzMaw-Monsters.lua	"Hit Points 	100"	"t.HitPoints.Text=""Hit Points \t100"" .. shortenNumber(round(cur), 3, true)"	yes	reviewed_preserved_or_moved_display
Scripts/General/zzMaw-Monsters.lua	Level:          	"t.ArmorClass.Text=string.format(""Level:          "" .. lvl .. ""\n"" .. t.ArmorClass.Text)"	yes	reviewed_preserved_or_moved_display
Scripts/General/zzMaw-Monsters.lua	"Fire\01200000	070"	"t.Resistances[1].Text=string.format(""Fire\01200000	070"" .. res[0]%1000)"	yes	reviewed_preserved_or_moved_display
Scripts/General/zzMaw-Monsters.lua	"Elec\01200000	070"	"t.Resistances[2].Text=string.format(""Elec\01200000	070"" .. res[1])"	yes	reviewed_preserved_or_moved_display
Scripts/General/zzMaw-Monsters.lua	"Cold\01200000	070"	"t.Resistances[3].Text=string.format(""Cold\01200000	070"" .. res[2])"	yes	reviewed_preserved_or_moved_display
Scripts/General/zzMaw-Monsters.lua	"Poison\01200000	070"	"t.Resistances[4].Text=string.format(""Poison\01200000	070"" .. res[10])"	yes	reviewed_preserved_or_moved_display
Scripts/General/zzMaw-Monsters.lua	"Magic\01200000	070"	"t.Resistances[4].Text=string.format(""Magic\01200000	070"" .. magicRes)"	yes	reviewed_preserved_or_moved_display
Scripts/General/zzMaw-Monsters.lua	Slow	"[const.MonsterBuff.Slow] = ""Slow"","	yes	reviewed_preserved_or_moved_display
Scripts/General/zzMaw-Monsters.lua	Charm	"[const.MonsterBuff.Charm] = ""Charm"","	yes	reviewed_preserved_or_moved_display
Scripts/General/zzMaw-Monsters.lua	Berserk	"[const.MonsterBuff.Berserk] = ""Berserk"","	yes	reviewed_preserved_or_moved_display
Scripts/General/zzMaw-Monsters.lua	Fear	"[const.MonsterBuff.Fear] = ""Fear"","	yes	reviewed_preserved_or_moved_display
Scripts/General/zzMaw-Monsters.lua	Enslave	"[const.MonsterBuff.Enslave] = ""Enslave"","	yes	reviewed_preserved_or_moved_display
Scripts/General/zzMaw-Monsters.lua	Paralyze	"[const.MonsterBuff.Paralyze] = ""Paralyze"","	yes	reviewed_preserved_or_moved_display
Scripts/General/zzMaw-Monsters.lua	Shrinking	"[const.MonsterBuff.ShrinkingRay] = ""Shrinking"","	yes	reviewed_preserved_or_moved_display
Scripts/General/zzMaw-Monsters.lua	Armor Halved	"[const.MonsterBuff.ArmorHalved] = ""Armor Halved"","	yes	reviewed_preserved_or_moved_display
Scripts/General/zzMaw-Monsters.lua	Damage Halved	"[const.MonsterBuff.DamageHalved] = ""Damage Halved"","	yes	reviewed_preserved_or_moved_display
Scripts/General/zzMaw-Monsters.lua	Melee Only	"[const.MonsterBuff.MeleeOnly] = ""Melee Only"","	yes	reviewed_preserved_or_moved_display
Scripts/General/zzMaw-Monsters.lua	"
Physical damage taken: +"	"activeDebuffs = activeDebuffs .. ""\nPhysical damage taken: +"" .. round(spearStack) .. ""%"""	yes	reviewed_preserved_or_moved_display
Scripts/General/zzMaw-Monsters.lua	"
All damage taken: +"	"activeDebuffs = activeDebuffs .. ""\nAll damage taken: +"" .. round(legendaryStack) .. ""%"""	yes	reviewed_preserved_or_moved_display
Scripts/General/zzMaw-Monsters.lua	Debuffs:	"t.EffectsHeader.Text = t.EffectsHeader.Text .. ""\n\n"" .. StrColor(255,200,0, ""Debuffs:"" .. activeDebuffs)"	yes	reviewed_preserved_or_moved_display
Scripts/General/zzMaw-Monsters.lua	Not enough food	"Game.ShowStatusText(""Not enough food"")"	yes	reviewed_preserved_or_moved_display
Scripts/General/zzMaw-Monsters.lua	Can't teleport now	"Game.ShowStatusText(""Can't teleport now"")"	yes	reviewed_preserved_or_moved_display
Scripts/General/zzMaw-Monsters.lua	Resurrected 	"Game.PlaceMonTxt[i+300]=string.format(""Resurrected "" .. Game.MonstersTxt[i].Name)"	yes	reviewed_preserved_or_moved_display
Scripts/General/zzMaw-Monsters.lua	446561746820436f756e743a20	"deathCounter.Text=_H""446561746820436f756e743a20""..vars.MadnessDeathCounter"	yes	reviewed_preserved_or_moved_display
Scripts/General/zzMaw-Monsters.lua	Loading now will count as death, are you sure to proceed?	"Game.ShowStatusText(""Loading now will count as death, are you sure to proceed?"")"	yes	reviewed_preserved_or_moved_display
Scripts/General/zzMaw-Monsters.lua	Dungeon Completed!	"Game.ShowStatusText(""Dungeon Completed!"")"	yes	reviewed_preserved_or_moved_display
Scripts/General/zzMaw-Monsters.lua	Dungeon Completed!	"Game.EscMessage(string.format(""Dungeon Completed!""))"	yes	reviewed_preserved_or_moved_display
Scripts/General/zzMaw-Monsters.lua	"Dungeon Completed!
Reset is possible again."	"Game.ShowStatusText(""Dungeon Completed!\nReset is possible again."")"	yes	reviewed_preserved_or_moved_display
Scripts/General/zzMaw-Monsters.lua	"Dungeon Completed!
Reset is possible again."	"Game.EscMessage(string.format(""Dungeon Completed!\nReset is possible again.""))"	yes	reviewed_preserved_or_moved_display
Scripts/General/zzMaw-Monsters.lua	 Exp, 	"Game.ShowStatusText(""Map Completed! You gain "" .. experience .. "" Exp, "" .. gold .. "" Gold and a Crafting Material"")"	yes	reviewed_preserved_or_moved_display
Scripts/General/zzMaw-Monsters.lua	 Gold and a Crafting Material	"Game.ShowStatusText(""Map Completed! You gain "" .. experience .. "" Exp, "" .. gold .. "" Gold and a Crafting Material"")"	yes	reviewed_preserved_or_moved_display
Scripts/General/zzMaw-Monsters.lua	Map Completed! You gain 	"Game.ShowStatusText(""Map Completed! You gain "" .. experience .. "" Exp, "" .. gold .. "" Gold and a Crafting Material"")"	yes	reviewed_preserved_or_moved_display
Scripts/General/zzMaw-Monsters.lua	 Exp, 	"Game.EscMessage(string.format(""Map Completed! You gain "" .. experience .. "" Exp, "" .. gold .. "" Gold and a Crafting Material""))"	yes	reviewed_preserved_or_moved_display
Scripts/General/zzMaw-Monsters.lua	 Gold and a Crafting Material	"Game.EscMessage(string.format(""Map Completed! You gain "" .. experience .. "" Exp, "" .. gold .. "" Gold and a Crafting Material""))"	yes	reviewed_preserved_or_moved_display
Scripts/General/zzMaw-Monsters.lua	Map Completed! You gain 	"Game.EscMessage(string.format(""Map Completed! You gain "" .. experience .. "" Exp, "" .. gold .. "" Gold and a Crafting Material""))"	yes	reviewed_preserved_or_moved_display
Scripts/General/zzMaw-Monsters.lua	Monsters are weakened and can no longer resurrect	"Game.ShowStatusText(""Monsters are weakened and can no longer resurrect"")"	yes	reviewed_preserved_or_moved_display
Scripts/General/zzMaw-Monsters.lua	Monsters are weakened and can no longer resurrect	"Game.EscMessage(string.format(""Monsters are weakened and can no longer resurrect""))"	yes	reviewed_preserved_or_moved_display
Scripts/General/zzMaw-Monsters.lua	"Beyond Madness - a word of warning.

No bolster here (except on starting maps).

Quest timing matters:
- Finish early: immediate power now, less XP.
- Finish late: bigger XP later, no early power.

Run-wide tracking:
- On the character screen, you'll see a death counter shared across all saves of this run.
- On the map, a red counter appears after you take damage and clears when no monsters are nearby.
- Loading or leaving the game while that counter is red counts as a death.

If Insanity wasn't enough for you, you're in the right place."	"Message(""Beyond Madness - a word of warning.\n\nNo bolster here (except on starting maps).\n\nQuest timing matters:\n- Finish early: immediate power now, less XP.\n- Finish late: bigger XP later, no early power.\n\nRun-wide tracking:\n- On the character screen, you'll see a death counter shared across all saves of this run.\n- On the map, a red counter appears after you take damage and clears when no monsters are nearby.\n- Loading or leaving the game while that counter is red counts as a death."	yes	reviewed_preserved_or_moved_display
Scripts/General/zzMaw-Monsters.lua	"You activated Nightmare Mode, monsters will be much stronger and you can't save nor teleport away from them, however, items found will be much stronger.
Leaving a dungeon before killing most of them will cause monsters to respawn.
Clearing a dungeon will grant you extra rewards.
Respawned monsters give less experience and loot, once True Nightmare is activated there is no way back, are you sure? (yes/no)"	"answer=Question(""You activated Nightmare Mode, monsters will be much stronger and you can't save nor teleport away from them, however, items found will be much stronger.\nLeaving a dungeon before killing most of them will cause monsters to respawn.\nClearing a dungeon will grant you extra rewards.\nRespawned monsters give less experience and loot, once True Nightmare is activated there is no way back, are you sure? (yes/no)"")		if answer==""yes"" or answer==""Yes"" or answer==""YES"" then"	yes	reviewed_preserved_or_moved_display
Scripts/General/zzMaw-Monsters.lua	"Welcome to the Nightmare...
Good luck.. you will need"	"Message(""Welcome to the Nightmare...\nGood luck.. you will need"")"	yes	reviewed_preserved_or_moved_display
Scripts/General/zzMaw-Monsters.lua	Difficulty reverted to Hell	"Message(""Difficulty reverted to Hell"")"	yes	reviewed_preserved_or_moved_display
Scripts/General/zzMaw-Monsters.lua	"Greeting adventurer!
Your journey is about to start, but first make sure to check the difficulty settings (ESC-->Controls-->Extra Settings(on the top)-->Bolstering Power)"	"Message(""Greeting adventurer!\nYour journey is about to start, but first make sure to check the difficulty settings (ESC-->Controls-->Extra Settings(on the top)-->Bolstering Power)"")"	yes	reviewed_preserved_or_moved_display
Scripts/General/zzMaw-Monsters.lua	%s	"Game.PlaceMonTxt[i] = string.format(""%s"", i)"	yes	reviewed_preserved_or_moved_display
Scripts/General/zzMaw-Monsters.lua	%s	"if Game.PlaceMonTxt[nameIndex] == string.format(""%s"", nameIndex) then"	yes	reviewed_preserved_or_moved_display
Scripts/General/zzMaw-Monsters.lua	Cleric of Baa	"Game.PlaceMonTxt[211]=""Cleric of Baa"""	yes	reviewed_preserved_or_moved_display
Scripts/General/zzMaw-Monsters.lua	Priest of Baa	"Game.PlaceMonTxt[212]=""Priest of Baa"""	yes	reviewed_preserved_or_moved_display
Scripts/General/zzMaw-Monsters.lua	Cardinal of Baa	"Game.PlaceMonTxt[213]=""Cardinal of Baa"""	yes	reviewed_preserved_or_moved_display
Scripts/General/zzMaw-Monsters.lua	High Cardinal	"Game.PlaceMonTxt[214]=""High Cardinal"""	yes	reviewed_preserved_or_moved_display
Scripts/General/zzMaw-Monsters.lua	Curse	"[9] = ""Disease 1"", [10] = ""Disease 2"", [11] = ""Disease 3"", [1] = ""Curse"","	yes	reviewed_preserved_or_moved_display
Scripts/General/zzMaw-Monsters.lua	Disease 1	"[9] = ""Disease 1"", [10] = ""Disease 2"", [11] = ""Disease 3"", [1] = ""Curse"","	yes	reviewed_preserved_or_moved_display
Scripts/General/zzMaw-Monsters.lua	Disease 2	"[9] = ""Disease 1"", [10] = ""Disease 2"", [11] = ""Disease 3"", [1] = ""Curse"","	yes	reviewed_preserved_or_moved_display
Scripts/General/zzMaw-Monsters.lua	Disease 3	"[9] = ""Disease 1"", [10] = ""Disease 2"", [11] = ""Disease 3"", [1] = ""Curse"","	yes	reviewed_preserved_or_moved_display
Scripts/General/zzMaw-Monsters.lua	Fear	"[5] = ""Insanity"", [22] = ""Spell drain"", [12] = ""Paralysis"", [23] = ""Fear"","	yes	reviewed_preserved_or_moved_display
Scripts/General/zzMaw-Monsters.lua	Insanity	"[5] = ""Insanity"", [22] = ""Spell drain"", [12] = ""Paralysis"", [23] = ""Fear"","	yes	reviewed_preserved_or_moved_display
Scripts/General/zzMaw-Monsters.lua	Paralysis	"[5] = ""Insanity"", [22] = ""Spell drain"", [12] = ""Paralysis"", [23] = ""Fear"","	yes	reviewed_preserved_or_moved_display
Scripts/General/zzMaw-Monsters.lua	Spell drain	"[5] = ""Insanity"", [22] = ""Spell drain"", [12] = ""Paralysis"", [23] = ""Fear"","	yes	reviewed_preserved_or_moved_display
Scripts/General/zzMaw-Monsters.lua	Poison 1	"[6] = ""Poison 1"", [7] = ""Poison 2"", [8] = ""Poison 3"", [2] = ""Weakness"","	yes	reviewed_preserved_or_moved_display
Scripts/General/zzMaw-Monsters.lua	Poison 2	"[6] = ""Poison 1"", [7] = ""Poison 2"", [8] = ""Poison 3"", [2] = ""Weakness"","	yes	reviewed_preserved_or_moved_display
Scripts/General/zzMaw-Monsters.lua	Poison 3	"[6] = ""Poison 1"", [7] = ""Poison 2"", [8] = ""Poison 3"", [2] = ""Weakness"","	yes	reviewed_preserved_or_moved_display
Scripts/General/zzMaw-Monsters.lua	Weakness	"[6] = ""Poison 1"", [7] = ""Poison 2"", [8] = ""Poison 3"", [2] = ""Weakness"","	yes	reviewed_preserved_or_moved_display
Scripts/General/zzMaw-Monsters.lua	Premature ageing	"[3] = ""Sleep"", [13] = ""Unconscious"",[15] = ""Stone"", [21] = ""Premature ageing"","	yes	reviewed_preserved_or_moved_display
Scripts/General/zzMaw-Monsters.lua	Sleep	"[3] = ""Sleep"", [13] = ""Unconscious"",[15] = ""Stone"", [21] = ""Premature ageing"","	yes	reviewed_preserved_or_moved_display
Scripts/General/zzMaw-Monsters.lua	Stone	"[3] = ""Sleep"", [13] = ""Unconscious"",[15] = ""Stone"", [21] = ""Premature ageing"","	yes	reviewed_preserved_or_moved_display
Scripts/General/zzMaw-Monsters.lua	Unconscious	"[3] = ""Sleep"", [13] = ""Unconscious"",[15] = ""Stone"", [21] = ""Premature ageing"","	yes	reviewed_preserved_or_moved_display
Scripts/General/zzMaw-Monsters.lua	Death	"[14] = ""Death"", [16] = ""Eradication"","	yes	reviewed_preserved_or_moved_display
Scripts/General/zzMaw-Monsters.lua	Eradication	"[14] = ""Death"", [16] = ""Eradication"","	yes	reviewed_preserved_or_moved_display
Scripts/General/zzMaw-Monsters.lua	Mad.	"MAWBOLSTER[600]=""Mad."""	yes	reviewed_preserved_or_moved_display
Scripts/General/zzMaw-Monsters.lua	Insane	"MAWBOLSTER[600]=""Insane"""	yes	reviewed_preserved_or_moved_display
Scripts/General/zzMaw-Monsters.lua	Doom	"MAWBOLSTER[600]=""Doom"""	yes	reviewed_preserved_or_moved_display
Scripts/General/zzMaw-Monsters.lua	 cover 	"Game.ShowStatusText(Party[coverPlayerIndex].Name .. "" cover "" .. Party[target].Name)"	yes	reviewed_preserved_or_moved_display
Scripts/General/zzMaw-Monsters.lua	%s	"if Game.PlaceMonTxt[mon.NameId]==string.format(""%s"", mon.NameId) then"	yes	reviewed_preserved_or_moved_display
Scripts/General/zzMaw-Monsters.lua	 monsters	"Game.ShowStatusText(""Teleported "" .. count .. "" monsters"")"	yes	reviewed_preserved_or_moved_display
Scripts/General/zzMaw-Monsters.lua	Teleported 	"Game.ShowStatusText(""Teleported "" .. count .. "" monsters"")"	yes	reviewed_preserved_or_moved_display
Scripts/General/zzMaw-Monsters.lua	 crafting items	"Game.ShowStatusText(""Teleported "" .. objCount .. "" crafting items"")"	yes	reviewed_preserved_or_moved_display
Scripts/General/zzMaw-Monsters.lua	Teleported 	"Game.ShowStatusText(""Teleported "" .. objCount .. "" crafting items"")"	yes	reviewed_preserved_or_moved_display
Scripts/General/zzMaw-Monsters.lua	 crafting items	"Game.ShowStatusText(""Teleported "" .. count .. "" monsters and "" .. objCount .. "" crafting items"")"	yes	reviewed_preserved_or_moved_display
Scripts/General/zzMaw-Monsters.lua	 monsters and 	"Game.ShowStatusText(""Teleported "" .. count .. "" monsters and "" .. objCount .. "" crafting items"")"	yes	reviewed_preserved_or_moved_display
Scripts/General/zzMaw-Monsters.lua	Teleported 	"Game.ShowStatusText(""Teleported "" .. count .. "" monsters and "" .. objCount .. "" crafting items"")"	yes	reviewed_preserved_or_moved_display
Scripts/General/zzMaw-Spells.lua	All buffs have been removed	"Game.ShowStatusText(""All buffs have been removed"")"	yes	reviewed_preserved_or_moved_display
Scripts/General/zzMaw-Spells.lua	 Hit points(crit)	"Game.ShowStatusText(string.format(""You Heal for "" .. round(totHeal) .. "" Hit points(crit)""))"	yes	reviewed_preserved_or_moved_display
Scripts/General/zzMaw-Spells.lua	You Heal for 	"Game.ShowStatusText(string.format(""You Heal for "" .. round(totHeal) .. "" Hit points(crit)""))"	yes	reviewed_preserved_or_moved_display
Scripts/General/zzMaw-Spells.lua	 Hit points	"Game.ShowStatusText(string.format(""You Heal for "" .. round(totHeal) .. "" Hit points""))"	yes	reviewed_preserved_or_moved_display
Scripts/General/zzMaw-Spells.lua	You Heal for 	"Game.ShowStatusText(string.format(""You Heal for "" .. round(totHeal) .. "" Hit points""))"	yes	reviewed_preserved_or_moved_display
Scripts/General/zzMaw-Spells.lua	 heals you for 	"Game.ShowStatusText(string.format(name .. "" heals you for "" .. healData[1] .. "" hit points(crit)""))"	yes	reviewed_preserved_or_moved_display
Scripts/General/zzMaw-Spells.lua	 hit points(crit)	"Game.ShowStatusText(string.format(name .. "" heals you for "" .. healData[1] .. "" hit points(crit)""))"	yes	reviewed_preserved_or_moved_display
Scripts/General/zzMaw-Spells.lua	 heals you for 	"Game.ShowStatusText(string.format(name .. "" heals you for "" .. healData[1] .. "" hit points""))"	yes	reviewed_preserved_or_moved_display
Scripts/General/zzMaw-Spells.lua	 hit points	"Game.ShowStatusText(string.format(name .. "" heals you for "" .. healData[1] .. "" hit points""))"	yes	reviewed_preserved_or_moved_display
Scripts/General/zzMaw-Spells.lua	 for 	"Game.ShowStatusText(string.format(name .. "" heals "" .. Party[t.TargetId].Name .. "" for "" .. healData[1] .. "" hit points(crit)""))"	yes	reviewed_preserved_or_moved_display
Scripts/General/zzMaw-Spells.lua	 heals 	"Game.ShowStatusText(string.format(name .. "" heals "" .. Party[t.TargetId].Name .. "" for "" .. healData[1] .. "" hit points(crit)""))"	yes	reviewed_preserved_or_moved_display
Scripts/General/zzMaw-Spells.lua	 hit points(crit)	"Game.ShowStatusText(string.format(name .. "" heals "" .. Party[t.TargetId].Name .. "" for "" .. healData[1] .. "" hit points(crit)""))"	yes	reviewed_preserved_or_moved_display
Scripts/General/zzMaw-Spells.lua	 for 	"Game.ShowStatusText(string.format(name .. "" heals "" .. Party[t.TargetId].Name .. "" for "" .. healData[1] .. "" hit points""))"	yes	reviewed_preserved_or_moved_display
Scripts/General/zzMaw-Spells.lua	 heals 	"Game.ShowStatusText(string.format(name .. "" heals "" .. Party[t.TargetId].Name .. "" for "" .. healData[1] .. "" hit points""))"	yes	reviewed_preserved_or_moved_display
Scripts/General/zzMaw-Spells.lua	 hit points	"Game.ShowStatusText(string.format(name .. "" heals "" .. Party[t.TargetId].Name .. "" for "" .. healData[1] .. "" hit points""))"	yes	reviewed_preserved_or_moved_display
Scripts/General/zzMaw-Spells.lua	 Hit points(crit)	"Game.ShowStatusText(string.format(""You Heal for "" .. round(totHeal) .. "" Hit points(crit)""))"	yes	reviewed_preserved_or_moved_display
Scripts/General/zzMaw-Spells.lua	You Heal for 	"Game.ShowStatusText(string.format(""You Heal for "" .. round(totHeal) .. "" Hit points(crit)""))"	yes	reviewed_preserved_or_moved_display
Scripts/General/zzMaw-Spells.lua	 Hit points	"Game.ShowStatusText(string.format(""You Heal for "" .. round(totHeal) .. "" Hit points""))"	yes	reviewed_preserved_or_moved_display
Scripts/General/zzMaw-Spells.lua	You Heal for 	"Game.ShowStatusText(string.format(""You Heal for "" .. round(totHeal) .. "" Hit points""))"	yes	reviewed_preserved_or_moved_display
Scripts/General/zzMaw-Spells.lua	 heals you for 	"Game.ShowStatusText(string.format(name .. "" heals you for "" .. healData[1] .. "" hit points(crit)""))"	yes	reviewed_preserved_or_moved_display
Scripts/General/zzMaw-Spells.lua	 hit points(crit)	"Game.ShowStatusText(string.format(name .. "" heals you for "" .. healData[1] .. "" hit points(crit)""))"	yes	reviewed_preserved_or_moved_display
Scripts/General/zzMaw-Spells.lua	 heals you for 	"Game.ShowStatusText(string.format(name .. "" heals you for "" .. healData[1] .. "" hit points""))"	yes	reviewed_preserved_or_moved_display
Scripts/General/zzMaw-Spells.lua	 hit points	"Game.ShowStatusText(string.format(name .. "" heals you for "" .. healData[1] .. "" hit points""))"	yes	reviewed_preserved_or_moved_display
Scripts/General/zzMaw-Spells.lua	 for 	"Game.ShowStatusText(string.format(name .. "" heals "" .. Party[t.TargetId].Name .. "" for "" .. healData[1] .. "" hit points(crit)""))"	yes	reviewed_preserved_or_moved_display
Scripts/General/zzMaw-Spells.lua	 heals 	"Game.ShowStatusText(string.format(name .. "" heals "" .. Party[t.TargetId].Name .. "" for "" .. healData[1] .. "" hit points(crit)""))"	yes	reviewed_preserved_or_moved_display
Scripts/General/zzMaw-Spells.lua	 hit points(crit)	"Game.ShowStatusText(string.format(name .. "" heals "" .. Party[t.TargetId].Name .. "" for "" .. healData[1] .. "" hit points(crit)""))"	yes	reviewed_preserved_or_moved_display
Scripts/General/zzMaw-Spells.lua	 for 	"Game.ShowStatusText(string.format(name .. "" heals "" .. Party[t.TargetId].Name .. "" for "" .. healData[1] .. "" hit points""))"	yes	reviewed_preserved_or_moved_display
Scripts/General/zzMaw-Spells.lua	 heals 	"Game.ShowStatusText(string.format(name .. "" heals "" .. Party[t.TargetId].Name .. "" for "" .. healData[1] .. "" hit points""))"	yes	reviewed_preserved_or_moved_display
Scripts/General/zzMaw-Spells.lua	 hit points	"Game.ShowStatusText(string.format(name .. "" heals "" .. Party[t.TargetId].Name .. "" for "" .. healData[1] .. "" hit points""))"	yes	reviewed_preserved_or_moved_display
Scripts/General/zzMaw-Spells.lua	 Hit points(crit)	"Game.ShowStatusText(string.format(""You Heal for "" .. round(tooltipHeal) .. "" Hit points(crit)""))"	yes	reviewed_preserved_or_moved_display
Scripts/General/zzMaw-Spells.lua	You Heal for 	"Game.ShowStatusText(string.format(""You Heal for "" .. round(tooltipHeal) .. "" Hit points(crit)""))"	yes	reviewed_preserved_or_moved_display
Scripts/General/zzMaw-Spells.lua	 Hit points	"Game.ShowStatusText(string.format(""You Heal for "" .. round(tooltipHeal) .. "" Hit points""))"	yes	reviewed_preserved_or_moved_display
Scripts/General/zzMaw-Spells.lua	You Heal for 	"Game.ShowStatusText(string.format(""You Heal for "" .. round(tooltipHeal) .. "" Hit points""))"	yes	reviewed_preserved_or_moved_display
Scripts/General/zzMaw-Spells.lua	 heals you for 	"Game.ShowStatusText(string.format(name .. "" heals you for "" .. healData[3] .. "" hit points(crit)""))"	yes	reviewed_preserved_or_moved_display
Scripts/General/zzMaw-Spells.lua	 hit points(crit)	"Game.ShowStatusText(string.format(name .. "" heals you for "" .. healData[3] .. "" hit points(crit)""))"	yes	reviewed_preserved_or_moved_display
Scripts/General/zzMaw-Spells.lua	 heals you for 	"Game.ShowStatusText(string.format(name .. "" heals you for "" .. healData[3] .. "" hit points""))"	yes	reviewed_preserved_or_moved_display
Scripts/General/zzMaw-Spells.lua	 hit points	"Game.ShowStatusText(string.format(name .. "" heals you for "" .. healData[3] .. "" hit points""))"	yes	reviewed_preserved_or_moved_display
Scripts/General/zzMaw-Spells.lua	  heals 	"Game.ShowStatusText(string.format(name .. ""  heals "" .. Party[t.TargetId].Name .. "" for "" .. healData[3] .. "" hit points(crit)""))"	yes	reviewed_preserved_or_moved_display
Scripts/General/zzMaw-Spells.lua	 for 	"Game.ShowStatusText(string.format(name .. ""  heals "" .. Party[t.TargetId].Name .. "" for "" .. healData[3] .. "" hit points(crit)""))"	yes	reviewed_preserved_or_moved_display
Scripts/General/zzMaw-Spells.lua	 hit points(crit)	"Game.ShowStatusText(string.format(name .. ""  heals "" .. Party[t.TargetId].Name .. "" for "" .. healData[3] .. "" hit points(crit)""))"	yes	reviewed_preserved_or_moved_display
Scripts/General/zzMaw-Spells.lua	 for 	"Game.ShowStatusText(string.format(name .. "" heals "" .. Party[t.TargetId].Name .. "" for "" .. healData[3] .. "" hit points""))"	yes	reviewed_preserved_or_moved_display
Scripts/General/zzMaw-Spells.lua	 heals 	"Game.ShowStatusText(string.format(name .. "" heals "" .. Party[t.TargetId].Name .. "" for "" .. healData[3] .. "" hit points""))"	yes	reviewed_preserved_or_moved_display
Scripts/General/zzMaw-Spells.lua	 hit points	"Game.ShowStatusText(string.format(name .. "" heals "" .. Party[t.TargetId].Name .. "" for "" .. healData[3] .. "" hit points""))"	yes	reviewed_preserved_or_moved_display
Scripts/General/zzMaw-Spells.lua	 Hit points(crit)	"Game.ShowStatusText(string.format(""You Heal for "" .. round(totHeal) .. "" Hit points(crit)""))"	yes	reviewed_preserved_or_moved_display
Scripts/General/zzMaw-Spells.lua	You Heal for 	"Game.ShowStatusText(string.format(""You Heal for "" .. round(totHeal) .. "" Hit points(crit)""))"	yes	reviewed_preserved_or_moved_display
Scripts/General/zzMaw-Spells.lua	 Hit points	"Game.ShowStatusText(string.format(""You Heal for "" .. round(totHeal) .. "" Hit points""))"	yes	reviewed_preserved_or_moved_display
Scripts/General/zzMaw-Spells.lua	You Heal for 	"Game.ShowStatusText(string.format(""You Heal for "" .. round(totHeal) .. "" Hit points""))"	yes	reviewed_preserved_or_moved_display
Scripts/General/zzMaw-Spells.lua	 heals you for 	"Game.ShowStatusText(string.format(name .. "" heals you for "" .. healData[1] .. "" hit points(crit)""))"	yes	reviewed_preserved_or_moved_display
Scripts/General/zzMaw-Spells.lua	 hit points(crit)	"Game.ShowStatusText(string.format(name .. "" heals you for "" .. healData[1] .. "" hit points(crit)""))"	yes	reviewed_preserved_or_moved_display
Scripts/General/zzMaw-Spells.lua	 heals you for 	"Game.ShowStatusText(string.format(name .. "" heals you for "" .. healData[1] .. "" hit points""))"	yes	reviewed_preserved_or_moved_display
Scripts/General/zzMaw-Spells.lua	 hit points	"Game.ShowStatusText(string.format(name .. "" heals you for "" .. healData[1] .. "" hit points""))"	yes	reviewed_preserved_or_moved_display
Scripts/General/zzMaw-Spells.lua	 for 	"Game.ShowStatusText(string.format(name .. "" heals "" .. Party[t.TargetId].Name .. "" for "" .. healData[1] .. "" hit points(crit)""))"	yes	reviewed_preserved_or_moved_display
Scripts/General/zzMaw-Spells.lua	 heals 	"Game.ShowStatusText(string.format(name .. "" heals "" .. Party[t.TargetId].Name .. "" for "" .. healData[1] .. "" hit points(crit)""))"	yes	reviewed_preserved_or_moved_display
Scripts/General/zzMaw-Spells.lua	 hit points(crit)	"Game.ShowStatusText(string.format(name .. "" heals "" .. Party[t.TargetId].Name .. "" for "" .. healData[1] .. "" hit points(crit)""))"	yes	reviewed_preserved_or_moved_display
Scripts/General/zzMaw-Spells.lua	 for 	"Game.ShowStatusText(string.format(name .. "" heals "" .. Party[t.TargetId].Name .. "" for "" .. healData[1] .. "" hit points""))"	yes	reviewed_preserved_or_moved_display
Scripts/General/zzMaw-Spells.lua	 heals 	"Game.ShowStatusText(string.format(name .. "" heals "" .. Party[t.TargetId].Name .. "" for "" .. healData[1] .. "" hit points""))"	yes	reviewed_preserved_or_moved_display
Scripts/General/zzMaw-Spells.lua	 hit points	"Game.ShowStatusText(string.format(name .. "" heals "" .. Party[t.TargetId].Name .. "" for "" .. healData[1] .. "" hit points""))"	yes	reviewed_preserved_or_moved_display
Scripts/General/zzMaw-Spells.lua	 hit points (crit)	"Game.ShowStatusText(""You heal the party for "" .. tooltipHeal .. "" hit points (crit)"")"	yes	reviewed_preserved_or_moved_display
Scripts/General/zzMaw-Spells.lua	You heal the party for 	"Game.ShowStatusText(""You heal the party for "" .. tooltipHeal .. "" hit points (crit)"")"	yes	reviewed_preserved_or_moved_display
Scripts/General/zzMaw-Spells.lua	 hit points	"Game.ShowStatusText(""You heal the party for "" .. tooltipHeal .. "" hit points"")"	yes	reviewed_preserved_or_moved_display
Scripts/General/zzMaw-Spells.lua	You heal the party for 	"Game.ShowStatusText(""You heal the party for "" .. tooltipHeal .. "" hit points"")"	yes	reviewed_preserved_or_moved_display
Scripts/General/zzMaw-Spells.lua	Ally	"local name = (Multiplayer and Multiplayer.client_name and Multiplayer.client_name(healData.client_id)) or ""Ally"""	yes	reviewed_preserved_or_moved_display
Scripts/General/zzMaw-Spells.lua	 heals the party for 	"Game.ShowStatusText(name .. "" heals the party for "" .. shown .. "" hit points (crit)"")"	yes	reviewed_preserved_or_moved_display
Scripts/General/zzMaw-Spells.lua	 hit points (crit)	"Game.ShowStatusText(name .. "" heals the party for "" .. shown .. "" hit points (crit)"")"	yes	reviewed_preserved_or_moved_display
Scripts/General/zzMaw-Spells.lua	 heals the party for 	"Game.ShowStatusText(name .. "" heals the party for "" .. shown .. "" hit points"")"	yes	reviewed_preserved_or_moved_display
Scripts/General/zzMaw-Spells.lua	 hit points	"Game.ShowStatusText(name .. "" heals the party for "" .. shown .. "" hit points"")"	yes	reviewed_preserved_or_moved_display
Scripts/General/zzMaw-Spells.lua	Chain Lightning	"Game.SpellsTxt[18].Name=""Chain Lightning"""	yes	reviewed_preserved_or_moved_display
Scripts/General/zzMaw-Spells.lua	Spell hits up to 2 times	"Game.SpellsTxt[18].Expert=""Spell hits up to 2 times"""	yes	reviewed_preserved_or_moved_display
Scripts/General/zzMaw-Spells.lua	Spell hits up to 3 times	"Game.SpellsTxt[18].Master=""Spell hits up to 3 times"""	yes	reviewed_preserved_or_moved_display
Scripts/General/zzMaw-Spells.lua	Spell hits up to 4 times	"Game.SpellsTxt[18].GM=""Spell hits up to 4 times"""	yes	reviewed_preserved_or_moved_display
Scripts/General/zzMaw-Spells.lua	Duration 30+3 minutes per point of skill	"Game.SpellsTxt[19].GM=""Duration 30+3 minutes per point of skill"""	yes	reviewed_preserved_or_moved_display
Scripts/General/zzMaw-Spells.lua	"

Expert has 1 hour limit per skill point, Master has 1 day per skill point, Grand has not time limit."	"Game.SpellsTxt[49].Description=string.format(Game.SpellsTxt[49].Description .. ""\n\nExpert has 1 hour limit per skill point, Master has 1 day per skill point, Grand has not time limit."")"	yes	reviewed_preserved_or_moved_display
Scripts/General/zzMaw-Spells.lua	"5 Mana cost: 
cures 12 + 2 HP per point of skill
1 hour limit
"	"Game.SpellsTxt[49].Expert=""5 Mana cost: \ncures 12 + 2 HP per point of skill\n1 hour limit\n"""	yes	reviewed_preserved_or_moved_display
Scripts/General/zzMaw-Spells.lua	"8 Mana cost: 
cures 24 + 4 HP per point of skill
1 day limit
"	"Game.SpellsTxt[49].Master=""8 Mana cost: \ncures 24 + 4 HP per point of skill\n1 day limit\n"""	yes	reviewed_preserved_or_moved_display
Scripts/General/zzMaw-Spells.lua	"16 Mana cost: 
cures 36 + 6 HP per point of skill
no limit
"	"Game.SpellsTxt[49].GM=""16 Mana cost: \ncures 36 + 6 HP per point of skill\nno limit\n"""	yes	reviewed_preserved_or_moved_display
Scripts/General/zzMaw-Spells.lua	"Heroism increases the damage a character does on a successful attack by 10 + 1 point per point of skill in Spirit Magic. This spell affects the entire party at once.
Lasts for 2 hours plus 1 hour per point of skill"	"Game.SpellsTxt[51].Description=""Heroism increases the damage a character does on a successful attack by 10 + 1 point per point of skill in Spirit Magic. This spell affects the entire party at once.\nLasts for 2 hours plus 1 hour per point of skill"""	yes	reviewed_preserved_or_moved_display
Scripts/General/zzMaw-Spells.lua	Increases damage by 10 plus 1 per skill point	"Game.SpellsTxt[51].Expert=""Increases damage by 10 plus 1 per skill point"""	yes	reviewed_preserved_or_moved_display
Scripts/General/zzMaw-Spells.lua	Increases damage by 10 plus 1.5 per skill point	"Game.SpellsTxt[51].Master=""Increases damage by 10 plus 1.5 per skill point"""	yes	reviewed_preserved_or_moved_display
Scripts/General/zzMaw-Spells.lua	Increases damage by 10 plus 2 per skill point	"Game.SpellsTxt[51].GM=""Increases damage by 10 plus 2 per skill point"""	yes	reviewed_preserved_or_moved_display
Scripts/General/zzMaw-Spells.lua	Greater Heal	"Game.SpellsTxt[74].Name=""Greater Heal"""	yes	reviewed_preserved_or_moved_display
Scripts/General/zzMaw-Spells.lua	Greater Heal	"Game.SpellsTxt[74].ShortName=""Greater Heal"""	yes	reviewed_preserved_or_moved_display
Scripts/General/zzMaw-Spells.lua	Protection from Magic affects the entire party at once, granting immunity to certain spells and monster abilities that cause debilitation conditions.  These are:  Poison, Disease, Stone, Paralyze, and Weak.  Every time this spell saves a character from an effect, it weakens.  The spell can survive 1 attack per point of skill in body magic up to 10 attacks--after that, Protection from Magic is broken.	"Game.SpellsTxt[75].Description=""Protection from Magic affects the entire party at once, granting immunity to certain spells and monster abilities that cause debilitation conditions.  These are:  Poison, Disease, Stone, Paralyze, and Weak.  Every time this spell saves a character from an effect, it weakens.  The spell can survive 1 attack per point of skill in body magic up to 10 attacks--after that, Protection from Magic is broken."""	yes	reviewed_preserved_or_moved_display
Scripts/General/zzMaw-Spells.lua	Effect is now passive	"Game.SpellsTxt[i].GM=""Effect is now passive"""	yes	reviewed_preserved_or_moved_display
Scripts/General/zzMaw-Spells.lua	Temporarily increases all seven stats on all your characters by 1 per skill in Light Magic.  This spell lasts until you rest.	"Game.SpellsTxt[83].Description=""Temporarily increases all seven stats on all your characters by 1 per skill in Light Magic.  This spell lasts until you rest."""	yes	reviewed_preserved_or_moved_display
Scripts/General/zzMaw-Spells.lua	All stats increased by 10+1 per skill	"Game.SpellsTxt[83].Expert=""All stats increased by 10+1 per skill"""	yes	reviewed_preserved_or_moved_display
Scripts/General/zzMaw-Spells.lua	All stats increased by 15+1.5 per skill	"Game.SpellsTxt[83].Master=""All stats increased by 15+1.5 per skill"""	yes	reviewed_preserved_or_moved_display
Scripts/General/zzMaw-Spells.lua	All stats increased by 20+2 per skill	"Game.SpellsTxt[83].GM=""All stats increased by 20+2 per skill"""	yes	reviewed_preserved_or_moved_display
Scripts/General/zzMaw-Spells.lua	Simultaneously casts Protection from Fire, Air, Water, Earth, Mind, and Body, plus Feather Fall and Wizard Eye on all your characters at two times your skill in Light Magic.	"Game.SpellsTxt[85].Description=""Simultaneously casts Protection from Fire, Air, Water, Earth, Mind, and Body, plus Feather Fall and Wizard Eye on all your characters at two times your skill in Light Magic."""	yes	reviewed_preserved_or_moved_display
Scripts/General/zzMaw-Spells.lua	All spells cast at 1.5 times skill	"Game.SpellsTxt[85].Master=""All spells cast at 1.5 times skill"""	yes	reviewed_preserved_or_moved_display
Scripts/General/zzMaw-Spells.lua	All spells cast at 2 times skill	"Game.SpellsTxt[85].GM=""All spells cast at 2 times skill"""	yes	reviewed_preserved_or_moved_display
Scripts/General/zzMaw-Spells.lua	Mistform allows the vampire to reduce physical damage by 75%.  However, a vampire in Mistform cannot perform any physical attacks.  Vampires in Mistform are able to use spells and abilities and are affected by spells and abilities.	"Game.SpellsTxt[114].Description=""Mistform allows the vampire to reduce physical damage by 75%.  However, a vampire in Mistform cannot perform any physical attacks.  Vampires in Mistform are able to use spells and abilities and are affected by spells and abilities."""	yes	reviewed_preserved_or_moved_display
Scripts/General/zzMaw-Spells.lua	 Hit points(crit)	"Game.ShowStatusText(string.format(""Shared Life heals for "" .. round(totHeal) .. "" Hit points(crit)""))"	yes	reviewed_preserved_or_moved_display
Scripts/General/zzMaw-Spells.lua	Shared Life heals for 	"Game.ShowStatusText(string.format(""Shared Life heals for "" .. round(totHeal) .. "" Hit points(crit)""))"	yes	reviewed_preserved_or_moved_display
Scripts/General/zzMaw-Spells.lua	 Hit points	"Game.ShowStatusText(string.format(""Shared Life heals for "" .. round(totHeal) .. "" Hit points""))"	yes	reviewed_preserved_or_moved_display
Scripts/General/zzMaw-Spells.lua	Shared Life heals for 	"Game.ShowStatusText(string.format(""Shared Life heals for "" .. round(totHeal) .. "" Hit points""))"	yes	reviewed_preserved_or_moved_display
Scripts/General/zzMaw-Spells.lua	Fly is allowed without restrictions here	"Game.ShowStatusText(""Fly is allowed without restrictions here"")"	yes	reviewed_preserved_or_moved_display
Scripts/General/zzMaw-Spells.lua	"Grants the power of flight to your characters!  This spell is very expensive and only works outdoors, but it is very useful.  Fly will drain one spell point every five minutes it is in use (i.e. when you aren't touching the ground).

At higher difficulties, with the exception of few places, attacking monsters will cancel the effect"	"Game.SpellsTxt[21].Description= ""Grants the power of flight to your characters!  This spell is very expensive and only works outdoors, but it is very useful.  Fly will drain one spell point every five minutes it is in use (i.e. when you aren't touching the ground).\n\nAt higher difficulties, with the exception of few places, attacking monsters will cancel the effect"""	yes	reviewed_preserved_or_moved_display
Scripts/General/zzMaw-Spells.lua	Normal	"masteryName={""Normal"", ""Expert"", ""Master"", ""GM"",[0]=""Normal""}"	yes	reviewed_preserved_or_moved_display
Scripts/General/zzMaw-Spells.lua	Normal	"masteryName={""Normal"", ""Expert"", ""Master"", ""GM"",[0]=""Normal""}"	yes	reviewed_preserved_or_moved_display
Scripts/General/zzMaw-Spells.lua	 Hit points(crit)	"Game.ShowStatusText(string.format(""You Heal for "" .. round(totHeal) .. "" Hit points(crit)""))"	yes	reviewed_preserved_or_moved_display
Scripts/General/zzMaw-Spells.lua	You Heal for 	"Game.ShowStatusText(string.format(""You Heal for "" .. round(totHeal) .. "" Hit points(crit)""))"	yes	reviewed_preserved_or_moved_display
Scripts/General/zzMaw-Spells.lua	 Hit points	"Game.ShowStatusText(string.format(""You Heal for "" .. round(totHeal) .. "" Hit points""))"	yes	reviewed_preserved_or_moved_display
Scripts/General/zzMaw-Spells.lua	You Heal for 	"Game.ShowStatusText(string.format(""You Heal for "" .. round(totHeal) .. "" Hit points""))"	yes	reviewed_preserved_or_moved_display
Scripts/General/zzMaw-Spells.lua	Shrinks even the grandest of monsters down to more manageable sizes. A shrunken monster deals %d%% less damage. Each impact covers one monster per mastery nearby, preferring those not already shrunk. Base duration %gs at every mastery, extended by Ascension. Does not stack with Dark Grasp.	"""Shrinks even the grandest of monsters down to more manageable sizes. A shrunken monster deals %d%% less damage. Each impact covers one monster per mastery nearby, preferring those not already shrunk. Base duration %gs at every mastery, extended by Ascension. Does not stack with Dark Grasp."","	yes	reviewed_preserved_or_moved_display
Scripts/General/zzMaw-Spells.lua	This spell surrounds its target with the power of raw darkness, rendering it unable to fire missile attacks or cast spells. Further the target's movement is slowed, its armor class is halved and it deals %d%% less damage. Base duration %gs at Grandmaster, less below, extended by Ascension. Does not stack with Shrinking Ray.	"""This spell surrounds its target with the power of raw darkness, rendering it unable to fire missile attacks or cast spells. Further the target's movement is slowed, its armor class is halved and it deals %d%% less damage. Base duration %gs at Grandmaster, less below, extended by Ascension. Does not stack with Shrinking Ray."","	yes	reviewed_preserved_or_moved_display
Scripts/General/zzMaw-Spells.lua	Normal	"local masteryField={""Normal"", ""Expert"", ""Master"", ""GM""}"	yes	reviewed_preserved_or_moved_display
Scripts/General/zzMaw-Spells.lua	Duration: %.1f seconds	"local line=string.format(""Duration: %.1f seconds"", duration*GetCCMasteryMult(value, m))"	yes	reviewed_preserved_or_moved_display
Scripts/General/zzMaw-Spells.lua	%s, %d target%s	"line=string.format(""%s, %d target%s"", line, m, m>1 and ""s"" or """")"	yes	reviewed_preserved_or_moved_display
Scripts/General/zzMaw-Spells.lua	Launches a burst of fire at a single target.  Damage is %s+1-%s points of damage per point of skill in Fire Magic.   Firebolt is safe, effective and has a low casting cost.	"Game.SpellsTxt[2].Description=string.format(""Launches a burst of fire at a single target.  Damage is %s+1-%s points of damage per point of skill in Fire Magic.   Firebolt is safe, effective and has a low casting cost."",dmgAddTooltip(s, m,2),diceMaxTooltip(s, m,2))"	yes	reviewed_preserved_or_moved_display
Scripts/General/zzMaw-Spells.lua	Fires a ball of fire at a single target. When it hits, the ball explodes damaging all those nearby, including your characters if they're too close.  Fireball does 1-%s points of damage per point of skill in Fire Magic.	"Game.SpellsTxt[6].Description=string.format(""Fires a ball of fire at a single target. When it hits, the ball explodes damaging all those nearby, including your characters if they're too close.  Fireball does 1-%s points of damage per point of skill in Fire Magic."",diceMaxTooltip(s, m,6))"	yes	reviewed_preserved_or_moved_display
Scripts/General/zzMaw-Spells.lua	Drops a Fire Spike on the ground that waits for a creature to get near it before exploding.  Fire Spikes last until you leave the map or they are triggered.	"Game.SpellsTxt[7].Description=""Drops a Fire Spike on the ground that waits for a creature to get near it before exploding.  Fire Spikes last until you leave the map or they are triggered."""	yes	reviewed_preserved_or_moved_display
Scripts/General/zzMaw-Spells.lua	Causes 1-%s points of damage per point of skill, 5 spikes maximum	"Game.SpellsTxt[7].Expert=string.format(""Causes 1-%s points of damage per point of skill, 5 spikes maximum"",diceMaxTooltip(s, m,7))"	yes	reviewed_preserved_or_moved_display
Scripts/General/zzMaw-Spells.lua	Causes 1-%s points of damage per point of skill, 5 spikes maximum	"Game.SpellsTxt[7].Master=string.format(""Causes 1-%s points of damage per point of skill, 5 spikes maximum"",round(diceMaxTooltip(s, m,7)/6*8))"	yes	reviewed_preserved_or_moved_display
Scripts/General/zzMaw-Spells.lua	Causes 1-%s points of damage per point of skill, 5 spikes maximum	"Game.SpellsTxt[7].GM=string.format(""Causes 1-%s points of damage per point of skill, 5 spikes maximum"",round(diceMaxTooltip(s, m,7)/6*10))"	yes	reviewed_preserved_or_moved_display
Scripts/General/zzMaw-Spells.lua	Reserve a mana percentage to surround your characters with a very hot fire that is only harmful to others.  The spell will deliver %s points of damage plus 1-%s per point of skill to all nearby monsters for as long as they remain in the area of effect.	"Game.SpellsTxt[8].Description=string.format(""Reserve a mana percentage to surround your characters with a very hot fire that is only harmful to others.  The spell will deliver %s points of damage plus 1-%s per point of skill to all nearby monsters for as long as they remain in the area of effect."",dmgAddTooltip(s, m,8),diceMaxTooltip(s, m,8))"	yes	reviewed_preserved_or_moved_display
Scripts/General/zzMaw-Spells.lua	Summons flaming rocks from the sky which fall in a large radius surrounding your chosen target.  Try not to be near the victim when you use this spell.  A single meteor does %s points of damage plus %s per point of skill in Fire Magic.  This spell only works outdoors.	"Game.SpellsTxt[9].Description=string.format(""Summons flaming rocks from the sky which fall in a large radius surrounding your chosen target.  Try not to be near the victim when you use this spell.  A single meteor does %s points of damage plus %s per point of skill in Fire Magic.  This spell only works outdoors."",dmgAddTooltip(s, m,9),diceMaxTooltip(s, m,9))"	yes	reviewed_preserved_or_moved_display
Scripts/General/zzMaw-Spells.lua	Inferno burns all monsters in sight when cast, excluding your characters.  One or two castings can clear out a room of weak or moderately powerful creatures. Each monster takes %s points of damage plus %s per point of skill in Fire Magic.  This spell only works indoors.	"Game.SpellsTxt[10].Description=string.format(""Inferno burns all monsters in sight when cast, excluding your characters.  One or two castings can clear out a room of weak or moderately powerful creatures. Each monster takes %s points of damage plus %s per point of skill in Fire Magic.  This spell only works indoors."",dmgAddTooltip(s, m,10),diceMaxTooltip(s, m,10))"	yes	reviewed_preserved_or_moved_display
Scripts/General/zzMaw-Spells.lua	Among the strongest direct damage spells available, Incinerate inflicts massive damage on a single target.  Only the strongest of monsters can expect to survive this spell.  Damage is %s points plus 1-%s per point of skill in Fire Magic.	"Game.SpellsTxt[11].Description=string.format(""Among the strongest direct damage spells available, Incinerate inflicts massive damage on a single target.  Only the strongest of monsters can expect to survive this spell.  Damage is %s points plus 1-%s per point of skill in Fire Magic."",dmgAddTooltip(s, m,11),diceMaxTooltip(s, m,11))"	yes	reviewed_preserved_or_moved_display
Scripts/General/zzMaw-Spells.lua	Sparks fires small balls of lightning into the world that bounce around until they hit something or dissipate. It is hard to tell where they will go, so this spell is best used in a room crowded with small monsters. Each spark does 1-%s per point of skill in Air Magic.	"Game.SpellsTxt[15].Description=string.format(""Sparks fires small balls of lightning into the world that bounce around until they hit something or dissipate. It is hard to tell where they will go, so this spell is best used in a room crowded with small monsters. Each spark does 1-%s per point of skill in Air Magic."",diceMaxTooltip(s, m,15))"	yes	reviewed_preserved_or_moved_display
Scripts/General/zzMaw-Spells.lua	"Lightning Bolt discharges electricity from the caster's hand to a single target.  It always hits and does %s points plus 1-%s points of damage per point of skill in Air Magic.

The spell then arcs to a second target, hitting it as well."	"Game.SpellsTxt[18].Description=string.format(""Lightning Bolt discharges electricity from the caster's hand to a single target.  It always hits and does %s points plus 1-%s points of damage per point of skill in Air Magic.\n\nThe spell then arcs to a second target, hitting it as well."",dmgAddTooltip(s, m,18),diceMaxTooltip(s, m,18))"	yes	reviewed_preserved_or_moved_display
Scripts/General/zzMaw-Spells.lua	Implosion is a nasty spell that affects a single target by destroying the air around it, causing a sudden inrush from the surrounding air, a thunderclap, and %s points plus 1-%s points of damage per point of skill in Air Magic.	"Game.SpellsTxt[20].Description=string.format(""Implosion is a nasty spell that affects a single target by destroying the air around it, causing a sudden inrush from the surrounding air, a thunderclap, and %s points plus 1-%s points of damage per point of skill in Air Magic."",dmgAddTooltip(s, m,20),diceMaxTooltip(s, m,20))"	yes	reviewed_preserved_or_moved_display
Scripts/General/zzMaw-Spells.lua	Calls stars from the heavens to smite and burn your enemies.  Twenty stars are called, and the damage for each star is %s points plus %s per point of skill in Air Magic. Try not to get caught in the blast! This spell only works outdoors.	"Game.SpellsTxt[22].Description=string.format(""Calls stars from the heavens to smite and burn your enemies.  Twenty stars are called, and the damage for each star is %s points plus %s per point of skill in Air Magic. Try not to get caught in the blast! This spell only works outdoors."",dmgAddTooltip(s, m,22),diceMaxTooltip(s, m,22))"	yes	reviewed_preserved_or_moved_display
Scripts/General/zzMaw-Spells.lua	Sprays poison at monsters directly in front of your characters.  Damage is low, but few monsters have resistance to Water Magic, so it usually works.  Each shot does %s points of damage plus 1-%s per point of skill.	"Game.SpellsTxt[24].Description=string.format(""Sprays poison at monsters directly in front of your characters.  Damage is low, but few monsters have resistance to Water Magic, so it usually works.  Each shot does %s points of damage plus 1-%s per point of skill."",dmgAddTooltip(s, m,24),diceMaxTooltip(s, m,24))"	yes	reviewed_preserved_or_moved_display
Scripts/General/zzMaw-Spells.lua	Fires a bolt of ice at a single target.  The missile does %s + 1-%s points of damage per point of skill in Water Magic.	"Game.SpellsTxt[26].Description=string.format(""Fires a bolt of ice at a single target.  The missile does %s + 1-%s points of damage per point of skill in Water Magic."",dmgAddTooltip(s, m,26),diceMaxTooltip(s, m,26))"	yes	reviewed_preserved_or_moved_display
Scripts/General/zzMaw-Spells.lua	Acid burst squirts a jet of extremely caustic acid at a single victim.  It always hits and does %s points of damage plus 1-%s per point of skill.	"Game.SpellsTxt[29].Description=string.format(""Acid burst squirts a jet of extremely caustic acid at a single victim.  It always hits and does %s points of damage plus 1-%s per point of skill."",dmgAddTooltip(s, m,29),diceMaxTooltip(s, m,29))"	yes	reviewed_preserved_or_moved_display
Scripts/General/zzMaw-Spells.lua	Fires a ball of ice in the direction the caster is facing.  The ball will shatter when it hits something, launching 7 shards of ice in all directions except the caster's.  The shards will ricochet until they strike a creature or melt.  Each shard does %s points of damage plus 1-%s per point of skill in Water Magic.	"Game.SpellsTxt[32].Description=string.format(""Fires a ball of ice in the direction the caster is facing.  The ball will shatter when it hits something, launching 7 shards of ice in all directions except the caster's.  The shards will ricochet until they strike a creature or melt.  Each shard does %s points of damage plus 1-%s per point of skill in Water Magic."",dmgAddTooltip(s, m,32),diceMaxTooltip(s, m,32))"	yes	reviewed_preserved_or_moved_display
Scripts/General/zzMaw-Spells.lua	Slaps a monster with magical force, forcing it to recover from the stun spell before it can do anything else.  Stun also knocks monsters back a little, giving you a chance to get away while the getting is good.  The greater your skill in Earth Magic, the greater the effect of the spell.	"Game.SpellsTxt[34].Description=""Slaps a monster with magical force, forcing it to recover from the stun spell before it can do anything else.  Stun also knocks monsters back a little, giving you a chance to get away while the getting is good.  The greater your skill in Earth Magic, the greater the effect of the spell."""	yes	reviewed_preserved_or_moved_display
Scripts/General/zzMaw-Spells.lua	Summons a swarm of biting, stinging insects to bedevil a single target.  The swarm does %s points of damage plus 1-%s per point of skill in Earth Magic.	"Game.SpellsTxt[37].Description=string.format(""Summons a swarm of biting, stinging insects to bedevil a single target.  The swarm does %s points of damage plus 1-%s per point of skill in Earth Magic."",dmgAddTooltip(s, m,37),diceMaxTooltip(s, m,37))"	yes	reviewed_preserved_or_moved_display
Scripts/General/zzMaw-Spells.lua	"Fires a rotating, razor-thin metal blade at a single monster.  The blade does 1-%s points of damage per point of skill in Earth Magic.

Blades is the only spell capable to deal Physical damage."	"Game.SpellsTxt[39].Description=string.format(""Fires a rotating, razor-thin metal blade at a single monster.  The blade does 1-%s points of damage per point of skill in Earth Magic.\n\nBlades is the only spell capable to deal Physical damage."",diceMaxTooltip(s, m,39))"	yes	reviewed_preserved_or_moved_display
Scripts/General/zzMaw-Spells.lua	Releases a magical stone into the world that will explode when it comes into contact with a creature or enough time passes.  The rock will bounce and roll until it finds a resting spot, so be careful not to be caught in the blast.  The explosion causes %s points of damage plus 1-%s points of damage per point of skill in Earth Magic.	"Game.SpellsTxt[41].Description=string.format(""Releases a magical stone into the world that will explode when it comes into contact with a creature or enough time passes.  The rock will bounce and roll until it finds a resting spot, so be careful not to be caught in the blast.  The explosion causes %s points of damage plus 1-%s points of damage per point of skill in Earth Magic."",dmgAddTooltip(s, m,41),diceMaxTooltip(s, m,41))"	yes	reviewed_preserved_or_moved_display
Scripts/General/zzMaw-Spells.lua	Launches a magical stone which bursts in air, sending shards of explosive earth raining to the ground.  The damage is 1-%s per point of skill in Earth Magic for each shard.  This spell can only be used outdoors.	"Game.SpellsTxt[43].Description=string.format(""Launches a magical stone which bursts in air, sending shards of explosive earth raining to the ground.  The damage is 1-%s per point of skill in Earth Magic for each shard.  This spell can only be used outdoors."",diceMaxTooltip(s, m,43))"	yes	reviewed_preserved_or_moved_display
Scripts/General/zzMaw-Spells.lua	Increases the weight of a single target enormously for an instant, causing internal damage equal to 15%% of the monster's hit points plus another 0.5%% per point of skill in Earth Magic. The bigger they are, the harder they fall.	"Game.SpellsTxt[44].Description=""Increases the weight of a single target enormously for an instant, causing internal damage equal to 15%% of the monster's hit points plus another 0.5%% per point of skill in Earth Magic. The bigger they are, the harder they fall."""	yes	reviewed_preserved_or_moved_display
Scripts/General/zzMaw-Spells.lua	This spell weakens the link between a target's body and soul, causing %s + 2-%s points of damage per point of skill in Spirit Magic to all monsters near the caster.	"Game.SpellsTxt[52].Description=string.format(""This spell weakens the link between a target's body and soul, causing %s + 2-%s points of damage per point of skill in Spirit Magic to all monsters near the caster."",dmgAddTooltip(s, m,52),diceMaxTooltip(s, m,52))"	yes	reviewed_preserved_or_moved_display
Scripts/General/zzMaw-Spells.lua	Fires a bolt of mental force which damages a single target's nervous system.  Mind Blast does %s points of damage plus 1-%s per point of skill in Mind Magic.	"Game.SpellsTxt[59].Description=string.format(""Fires a bolt of mental force which damages a single target's nervous system.  Mind Blast does %s points of damage plus 1-%s per point of skill in Mind Magic."",dmgAddTooltip(s, m,59),diceMaxTooltip(s, m,59))"	yes	reviewed_preserved_or_moved_display
Scripts/General/zzMaw-Spells.lua	Similar to Mind Blast, Psychic Shock targets a single creature with mind damaging magic--only it has a much greater effect.  Psychic Shock does %s points of damage plus 1-%s per point of skill in Mind Magic.	"Game.SpellsTxt[65].Description=string.format(""Similar to Mind Blast, Psychic Shock targets a single creature with mind damaging magic--only it has a much greater effect.  Psychic Shock does %s points of damage plus 1-%s per point of skill in Mind Magic."",dmgAddTooltip(s, m,65),diceMaxTooltip(s, m,65))"	yes	reviewed_preserved_or_moved_display
Scripts/General/zzMaw-Spells.lua	Directly inflicts magical damage upon a single creature.  Harm does %s points of damage plus 1-%s per point of skill in Body Magic.	"Game.SpellsTxt[70].Description=string.format(""Directly inflicts magical damage upon a single creature.  Harm does %s points of damage plus 1-%s per point of skill in Body Magic."",dmgAddTooltip(s, m,70),diceMaxTooltip(s, m,70))"	yes	reviewed_preserved_or_moved_display
Scripts/General/zzMaw-Spells.lua	Flying Fist throws a heavy magical force at a single opponent that does %s points of damage plus 1-%s per point of skill in Body Magic.	"Game.SpellsTxt[76].Description=string.format(""Flying Fist throws a heavy magical force at a single opponent that does %s points of damage plus 1-%s per point of skill in Body Magic."",dmgAddTooltip(s, m,76),diceMaxTooltip(s, m,76))"	yes	reviewed_preserved_or_moved_display
Scripts/General/zzMaw-Spells.lua	Flying Fist throws a heavy magical force at a single opponent that does %s points of damage plus 1-%s per point of skill in Body Magic.	"Game.SpellsTxt[76].Description=string.format(""Flying Fist throws a heavy magical force at a single opponent that does %s points of damage plus 1-%s per point of skill in Body Magic."",dmgAddTooltip(s, m,76),diceMaxTooltip(s, m,76))"	yes	reviewed_preserved_or_moved_display
Scripts/General/zzMaw-Spells.lua	Fires a bolt of light at a single target that does %s + 1-%s points of damage per point of skill in light magic.  Damage vs. Undead is doubled.	"Game.SpellsTxt[78].Description=string.format(""Fires a bolt of light at a single target that does %s + 1-%s points of damage per point of skill in light magic.  Damage vs. Undead is doubled."",dmgAddTooltip(s, m,78),diceMaxTooltip(s, m,78))"	yes	reviewed_preserved_or_moved_display
Scripts/General/zzMaw-Spells.lua	Calls upon the power of heaven to undo the evil magic that extends the lives of the undead, inflicting %s points of damage plus 1-%s per point of skill in Light Magic upon a single, unlucky target.  This spell only works on the undead.	"Game.SpellsTxt[79].Description=string.format(""Calls upon the power of heaven to undo the evil magic that extends the lives of the undead, inflicting %s points of damage plus 1-%s per point of skill in Light Magic upon a single, unlucky target.  This spell only works on the undead."",dmgAddTooltip(s, m,79),diceMaxTooltip(s, m,79))"	yes	reviewed_preserved_or_moved_display
Scripts/General/zzMaw-Spells.lua	Inflicts %s points of damage plus %s per point of skill in Light Magic on all creatures in sight.  This spell can only be cast indoors.	"Game.SpellsTxt[84].Description=string.format(""Inflicts %s points of damage plus %s per point of skill in Light Magic on all creatures in sight.  This spell can only be cast indoors."",dmgAddTooltip(s, m,84),diceMaxTooltip(s, m,84))"	yes	reviewed_preserved_or_moved_display
Scripts/General/zzMaw-Spells.lua	Sunray is the second most devastating damage spell in the game. It does %s points of damage plus 1-%s points per point of skill in Light Magic, by concentrating the light of the sun on one unfortunate creature. Indoors it can be cast at any time; outdoors it only works during the day.	"Game.SpellsTxt[87].Description=string.format(""Sunray is the second most devastating damage spell in the game. It does %s points of damage plus 1-%s points per point of skill in Light Magic, by concentrating the light of the sun on one unfortunate creature. Indoors it can be cast at any time; outdoors it only works during the day."",dmgAddTooltip(s, m,87),diceMaxTooltip(s, m,87))"	yes	reviewed_preserved_or_moved_display
Scripts/General/zzMaw-Spells.lua	A poisonous cloud of noxious gases is formed in front of the caster and moves slowly away from your characters.  The cloud does %s points of damage plus 1-%s per point of skill in Dark Magic and lasts until something runs into it.	"Game.SpellsTxt[90].Description=string.format(""A poisonous cloud of noxious gases is formed in front of the caster and moves slowly away from your characters.  The cloud does %s points of damage plus 1-%s per point of skill in Dark Magic and lasts until something runs into it."",dmgAddTooltip(s, m,90),diceMaxTooltip(s, m,90))"	yes	reviewed_preserved_or_moved_display
Scripts/General/zzMaw-Spells.lua	Fires a blast of hot, jagged metal in front of the caster, striking any creature that gets in the way.  Each piece inflicts 1-%s points of damage per point of skill in Dark Magic.	"Game.SpellsTxt[93].Description=string.format(""Fires a blast of hot, jagged metal in front of the caster, striking any creature that gets in the way.  Each piece inflicts 1-%s points of damage per point of skill in Dark Magic."",diceMaxTooltip(s, m,93))"	yes	reviewed_preserved_or_moved_display
Scripts/General/zzMaw-Spells.lua	Dragon Breath empowers the caster to exhale a cloud of toxic vapors that targets a single monster and damage all creatures nearby, doing 1-%s points of damage per point of skill in Dark Magic.	"Game.SpellsTxt[97].Description=string.format(""Dragon Breath empowers the caster to exhale a cloud of toxic vapors that targets a single monster and damage all creatures nearby, doing 1-%s points of damage per point of skill in Dark Magic."",diceMaxTooltip(s, m,97))"	yes	reviewed_preserved_or_moved_display
Scripts/General/zzMaw-Spells.lua	This spell is the town killer. Armageddon inflicts %s points of damage plus %s point of damage for every point of Dark skill your character has to every creature on the map, including all your characters. It can only be cast three times per day and only outdoors.	"Game.SpellsTxt[98].Description=string.format(""This spell is the town killer. Armageddon inflicts %s points of damage plus %s point of damage for every point of Dark skill your character has to every creature on the map, including all your characters. It can only be cast three times per day and only outdoors."",dmgAddTooltip(s, m,98),diceMaxTooltip(s, m,98))"	yes	reviewed_preserved_or_moved_display
Scripts/General/zzMaw-Spells.lua	This horrible spell sucks the life from all creatures in sight, friend or enemy.  Souldrinker then transfers that life to your party in much the same fashion as Shared Life.  Damage (and healing) is %s + 1-%s per point of skill.	"Game.SpellsTxt[99].Description=string.format(""This horrible spell sucks the life from all creatures in sight, friend or enemy.  Souldrinker then transfers that life to your party in much the same fashion as Shared Life.  Damage (and healing) is %s + 1-%s per point of skill."",dmgAddTooltip(s, m,99),diceMaxTooltip(s, m,99))"	yes	reviewed_preserved_or_moved_display
Scripts/General/zzMaw-Spells.lua	This frightening ability grants the Dark Elf the power to wield Darkfire, a dangerous combination of the powers of Dark and Fire. Any target stricken by the Darkfire bolt resists with either its Fire or Dark resistance--whichever is lower. Damage is %s points of damage plus 1-%s per point of skill.	"Game.SpellsTxt[103].Description=string.format(""This frightening ability grants the Dark Elf the power to wield Darkfire, a dangerous combination of the powers of Dark and Fire. Any target stricken by the Darkfire bolt resists with either its Fire or Dark resistance--whichever is lower. Damage is %s points of damage plus 1-%s per point of skill."",dmgAddTooltip(s, m,103),diceMaxTooltip(s, m,103))"	yes	reviewed_preserved_or_moved_display
Scripts/General/zzMaw-Spells.lua	Lifedrain allows the vampire to damage his or her target and simultaneously heal based on the damage done in the Lifedrain.  This ability does 1-%s points of damage per skill.	"Game.SpellsTxt[111].Description=string.format(""Lifedrain allows the vampire to damage his or her target and simultaneously heal based on the damage done in the Lifedrain.  This ability does 1-%s points of damage per skill."",diceMaxTooltip(s, m,111))"	yes	reviewed_preserved_or_moved_display
Scripts/General/zzMaw-Spells.lua	Damage 1-%s per point of skill	"Game.SpellsTxt[111].Master=string.format(""Damage 1-%s per point of skill"",round(diceMaxTooltip(s, m,111)/3*5))"	yes	reviewed_preserved_or_moved_display
Scripts/General/zzMaw-Spells.lua	Damage 1-%s per point of skill	"Game.SpellsTxt[111].GM=string.format(""Damage 1-%s per point of skill"",round(diceMaxTooltip(s, m,111)/3*7))"	yes	reviewed_preserved_or_moved_display
Scripts/General/zzMaw-Spells.lua	This ability is an upgraded version of the normal Dragon breath weapon attack.  It acts much like a fireball, striking its target and exploding out to hit everything near it, except the explosion does much more damage than most fireballs.	"Game.SpellsTxt[123].Description=""This ability is an upgraded version of the normal Dragon breath weapon attack.  It acts much like a fireball, striking its target and exploding out to hit everything near it, except the explosion does much more damage than most fireballs."""	yes	reviewed_preserved_or_moved_display
Scripts/General/zzMaw-Spells.lua	"%s Mana cost: 
cures %s + %s HP per point of skill
1 day limit
"	"Game.SpellsTxt[49].Expert=string.format(""%s Mana cost: \ncures %s + %s HP per point of skill\n1 day limit\n"",sp.Cost[2], sp.Base[2], sp.Scaling[2])"	yes	reviewed_preserved_or_moved_display
Scripts/General/zzMaw-Spells.lua	"%s Mana cost: 
cures %s + %s HP per point of skill
1 day limit
"	"Game.SpellsTxt[49].Master=string.format(""%s Mana cost: \ncures %s + %s HP per point of skill\n1 day limit\n"",sp.Cost[3], sp.Base[3], sp.Scaling[3])"	yes	reviewed_preserved_or_moved_display
Scripts/General/zzMaw-Spells.lua	"%s Mana cost: 
cures %s + %s HP per point of skill
1 day limit
"	"Game.SpellsTxt[49].GM=string.format(""%s Mana cost: \ncures %s + %s HP per point of skill\n1 day limit\n"",sp.Cost[4], sp.Base[4], sp.Scaling[4])"	yes	reviewed_preserved_or_moved_display
Scripts/General/zzMaw-Spells.lua	Adds %s + %s HP per point of skill to the pool	"Game.SpellsTxt[54].Master=string.format(""Adds %s + %s HP per point of skill to the pool"", sp.Base[3], sp.Scaling[3])"	yes	reviewed_preserved_or_moved_display
Scripts/General/zzMaw-Spells.lua	Adds %s + %s HP per point of skill to the pool	"Game.SpellsTxt[54].GM=string.format(""Adds %s + %s HP per point of skill to the pool"", sp.Base[4], sp.Scaling[4])"	yes	reviewed_preserved_or_moved_display
Scripts/General/zzMaw-Spells.lua	Removes Death and Eradication with no time limit	"Game.SpellsTxt[53].GM=""Removes Death and Eradication with no time limit"""	yes	reviewed_preserved_or_moved_display
Scripts/General/zzMaw-Spells.lua	Cures %s + %s HP per point of skill	"Game.SpellsTxt[55].GM=string.format(""Cures %s + %s HP per point of skill"", sp.Base[4], sp.Scaling[4])"	yes	reviewed_preserved_or_moved_display
Scripts/General/zzMaw-Spells.lua	"%s Mana cost: 
cures %s + %s HP per point of skill"	"Game.SpellsTxt[68].Normal=string.format(""%s Mana cost: \ncures %s + %s HP per point of skill"",sp.Cost[1], sp.Base[1], sp.Scaling[1])"	yes	reviewed_preserved_or_moved_display
Scripts/General/zzMaw-Spells.lua	"%s Mana cost: 
cures %s + %s HP per point of skill"	"Game.SpellsTxt[68].Expert=string.format(""%s Mana cost: \ncures %s + %s HP per point of skill"",sp.Cost[2], sp.Base[2], sp.Scaling[2])"	yes	reviewed_preserved_or_moved_display
Scripts/General/zzMaw-Spells.lua	"%s Mana cost: 
cures %s + %s HP per point of skill"	"Game.SpellsTxt[68].Master=string.format(""%s Mana cost: \ncures %s + %s HP per point of skill"",sp.Cost[3], sp.Base[3], sp.Scaling[3])"	yes	reviewed_preserved_or_moved_display
Scripts/General/zzMaw-Spells.lua	"%s Mana cost: 
cures %s + %s HP per point of skill"	"Game.SpellsTxt[68].GM=string.format(""%s Mana cost: \ncures %s + %s HP per point of skill"",sp.Cost[4], sp.Base[4], sp.Scaling[4])"	yes	reviewed_preserved_or_moved_display
Scripts/General/zzMaw-Spells.lua	"%s Mana cost: 
cures %s + %s HP per point of skill
1 day limit
"	"Game.SpellsTxt[74].Master=string.format(""%s Mana cost: \ncures %s + %s HP per point of skill\n1 day limit\n"",sp.Cost[3], sp.Base[3], sp.Scaling[3])"	yes	reviewed_preserved_or_moved_display
Scripts/General/zzMaw-Spells.lua	"%s Mana cost: 
cures %s + %s HP per point of skill
no limit
"	"Game.SpellsTxt[74].GM=string.format(""%s Mana cost: \ncures %s + %s HP per point of skill\nno limit\n"",sp.Cost[4], sp.Base[4], sp.Scaling[4])"	yes	reviewed_preserved_or_moved_display
Scripts/General/zzMaw-Spells.lua	"%s Mana cost: 
cures %s + %s HP per point of skill"	"Game.SpellsTxt[77].GM=string.format(""%s Mana cost: \ncures %s + %s HP per point of skill"",sp.Cost[4], sp.Base[4], sp.Scaling[4])"	yes	reviewed_preserved_or_moved_display
Scripts/General/zzMaw-Spells.lua	"
Not Active"	"local txt=StrColor(255,0,0,""\nNot Active"")"	yes	reviewed_preserved_or_moved_display
Scripts/General/zzMaw-Spells.lua	"
Active ("	"txt=StrColor(0,255,0,""\nActive ("" .. Party[j].Name .. "")"")"	yes	reviewed_preserved_or_moved_display
Scripts/General/zzMaw-Spells.lua	"

Health Reserved: "	"Game.SpellsTxt[sp].Description=Game.SpellsTxt[sp].Description .. ""\n\nHealth Reserved: "" .. StrColor(0,255,0,percent .. ""%"" .. txt)"	yes	reviewed_preserved_or_moved_display
Scripts/General/zzMaw-Spells.lua	"

Mana Reserved: "	"Game.SpellsTxt[sp].Description=Game.SpellsTxt[sp].Description .. ""\n\nMana Reserved: "" .. StrColor(0,100,255,percent .. ""%"" .. txt)"	yes	reviewed_preserved_or_moved_display
Scripts/General/zzMaw-Spells.lua	"
Not Active"	"local txt=StrColor(255,0,0,""\nNot Active"")"	yes	reviewed_preserved_or_moved_display
Scripts/General/zzMaw-Spells.lua	"
Active("	"txt=StrColor(0,255,0,""\nActive("" .. Party[j].Name .. "")"")"	yes	reviewed_preserved_or_moved_display
Scripts/General/zzMaw-Spells.lua	"

Health Reserved: "	"Game.SpellsTxt[sp].Description=oldSpellTooltips[sp] .. ""\n\nHealth Reserved: "" .. StrColor(0,255,0,cost .. txt)"	yes	reviewed_preserved_or_moved_display
Scripts/General/zzMaw-Spells.lua	"

Mana Reserved: "	"Game.SpellsTxt[sp].Description=oldSpellTooltips[sp] .. ""\n\nMana Reserved: "" .. StrColor(0,100,255,cost .. txt)"	yes	reviewed_preserved_or_moved_display
Scripts/General/zzMaw-Spells.lua	"

Recovery time: "	"Game.SpellsTxt[i].Description=Game.SpellsTxt[i].Description .. ""\n\nRecovery time: "" .. speed"	yes	reviewed_preserved_or_moved_display
Scripts/General/zzMaw-Spells.lua	"

Recovery time: "	"Game.SpellsTxt[i].Description=Game.SpellsTxt[i].Description .. ""\n\nRecovery time: "" .. speed"	yes	reviewed_preserved_or_moved_display
Scripts/General/zzMaw-Spells.lua	"

Recovery time: "	"Game.SpellsTxt[i].Description=Game.SpellsTxt[i].Description .. ""\n\nRecovery time: "" .. oldTable[i][magicM]"	yes	reviewed_preserved_or_moved_display
Scripts/General/zzMaw-Spells.lua	"

Recovery time: "	"Game.SpellsTxt[i].Description=oldSpellTooltips[i] .. ""\n\nRecovery time: "" .. oldTable[i][magicM]"	yes	reviewed_preserved_or_moved_display
Scripts/General/zzMaw-Spells.lua	"

Can't learn"	"local txt=StrColor(255,0,0,""\n\nCan't learn"")"	yes	reviewed_preserved_or_moved_display
Scripts/General/zzMaw-Spells.lua	"

Not Learned"	"txt=StrColor(255,0,0,""\n\nNot Learned"")"	yes	reviewed_preserved_or_moved_display
Scripts/General/zzMaw-Spells.lua	Not enough Hit Points	"Game.ShowStatusText(""Not enough Hit Points"")"	yes	reviewed_preserved_or_moved_display
Scripts/General/zzMaw-Spells.lua	Not enough Mana	"Game.ShowStatusText(""Not enough Mana"")"	yes	reviewed_preserved_or_moved_display
Scripts/General/zzMaw-Spells.lua	Buff Disabled	"Game.ShowStatusText(""Buff Disabled"")"	yes	reviewed_preserved_or_moved_display
Scripts/General/zzMaw-Spells.lua	Causes your party weapons to burn with a magical fire, giving the weapons fire enchant, on top of any other enchants	"sp.Description = string.format(""Causes your party weapons to burn with a magical fire, giving the weapons fire enchant, on top of any other enchants"")"	yes	reviewed_preserved_or_moved_display
Scripts/General/zzMaw-Spells.lua	"Reserve a percentage of your mana to increase your party Recovery speed by %s%% plus %s%% per Skill Level, up to double bonus.
This effect remains active until deactivated or lose consciousness."	"sp.Description = string.format(""Reserve a percentage of your mana to increase your party Recovery speed by %s%% plus %s%% per Skill Level, up to double bonus.\nThis effect remains active until deactivated or lose consciousness."", bf.Base[1],bf.Scaling[1]/10)"	yes	reviewed_preserved_or_moved_display
Scripts/General/zzMaw-Spells.lua	"Reserve a percentage of your mana to reduce any incoming magic damage to your party by %s%% plus %s%% per Skill Level, up to double bonus.
This effect remains active until deactivated or lose consciousness."	"sp.Description = string.format(""Reserve a percentage of your mana to reduce any incoming magic damage to your party by %s%% plus %s%% per Skill Level, up to double bonus.\nThis effect remains active until deactivated or lose consciousness."", bf.Base[1],bf.Scaling[1]/10)"	yes	reviewed_preserved_or_moved_display
Scripts/General/zzMaw-Spells.lua	"Reserve a percentage of your mana to enhance your party's Armor Class by %s.
You get an additional 1 point for every 2 caster levels, increased by %s%% per skill level, up to double bonus.
This effect remains active until deactivated or lose consciousness."	"sp.Description = string.format(""Reserve a percentage of your mana to enhance your party's Armor Class by %s.\nYou get an additional 1 point for every 2 caster levels, increased by %s%% per skill level, up to double bonus.\nThis effect remains active until deactivated or lose consciousness."", bf.Base[1],bf.Scaling[1])"	yes	reviewed_preserved_or_moved_display
Scripts/General/zzMaw-Spells.lua	"Reserve a percentage of your mana to increase spell damage of your party by %s%% plus %s%% per Skill Level, up to double bonus.
This effect remains active until deactivated or lose consciousness."	"sp.Description = string.format(""Reserve a percentage of your mana to increase spell damage of your party by %s%% plus %s%% per Skill Level, up to double bonus.\nThis effect remains active until deactivated or lose consciousness."", bf.Base[1],bf.Scaling[1]/10)"	yes	reviewed_preserved_or_moved_display
Scripts/General/zzMaw-Spells.lua	Empower Magic	"sp.Name = ""Empower Magic"""	yes	reviewed_preserved_or_moved_display
Scripts/General/zzMaw-Spells.lua	"Reserve a percentage of your mana to increase critical chance of your party by %s%% plus %s%% per Skill Level, up to double bonus.
This effect remains active until deactivated or lose consciousness."	"sp.Description = string.format(""Reserve a percentage of your mana to increase critical chance of your party by %s%% plus %s%% per Skill Level, up to double bonus.\nThis effect remains active until deactivated or lose consciousness."", bf.Base[1],bf.Scaling[1]/10)"	yes	reviewed_preserved_or_moved_display
Scripts/General/zzMaw-Spells.lua	"Reserve a percentage of your mana to increase your party melee damage by %s%% plus %s%% per Skill Level, up to double bonus.
This effect remains active until deactivated or lose consciousness."	"sp.Description = string.format(""Reserve a percentage of your mana to increase your party melee damage by %s%% plus %s%% per Skill Level, up to double bonus.\nThis effect remains active until deactivated or lose consciousness."", bf.Base[1],bf.Scaling[1]/10)"	yes	reviewed_preserved_or_moved_display
Scripts/General/zzMaw-Spells.lua	"Reserve a percentage of your mana to increase your party mana regen.
Regen depends on the mana pool, caster level and it's increased by %s%% per skill point, up to double bonus.
This effect remains active until deactivated or lose consciousness."	"sp.Description = string.format(""Reserve a percentage of your mana to increase your party mana regen.\nRegen depends on the mana pool, caster level and it's increased by %s%% per skill point, up to double bonus.\nThis effect remains active until deactivated or lose consciousness."", bf.Scaling[1])"	yes	reviewed_preserved_or_moved_display
Scripts/General/zzMaw-Spells.lua	Meditation	"sp.Name = ""Meditation"""	yes	reviewed_preserved_or_moved_display
Scripts/General/zzMaw-Spells.lua	"Reserve a percentage of your mana to increase your party health regen.
Regen depends on the health pool, caster level and it's increased by %s%% per skill point, up to double bonus.
This effect remains active until deactivated or lose consciousness."	"sp.Description = string.format(""Reserve a percentage of your mana to increase your party health regen.\nRegen depends on the health pool, caster level and it's increased by %s%% per skill point, up to double bonus.\nThis effect remains active until deactivated or lose consciousness."", bf.Scaling[1])"	yes	reviewed_preserved_or_moved_display
Scripts/General/zzMaw-Spells.lua	"Reserve a percentage of your mana to increase your party unarmed damage by %s%% plus %s%% per Skill Level, up to double bonus.
Staves with GM skill and Unarmed is considered as unarmed as well.
This effect remains active until deactivated or lose consciousness."	"sp.Description = string.format(""Reserve a percentage of your mana to increase your party unarmed damage by %s%% plus %s%% per Skill Level, up to double bonus.\nStaves with GM skill and Unarmed is considered as unarmed as well.\nThis effect remains active until deactivated or lose consciousness."", bf.Base[1],bf.Scaling[1]/10)"	yes	reviewed_preserved_or_moved_display
Scripts/General/zzMaw-Spells.lua	"Reserve a percentage of your mana to enhance all of your party's Resistances by %s.
While the base effects remain consistent, each additional 3 levels in Light Magic will enhance the effects equivalently to only 2 levels.
This effect remains active until deactivated or lose consciousness."	"sp.Description = string.format(""Reserve a percentage of your mana to enhance all of your party's Resistances by %s.\nWhile the base effects remain consistent, each additional 3 levels in Light Magic will enhance the effects equivalently to only 2 levels.\nThis effect remains active until deactivated or lose consciousness."", bf.Base[1], bf.Scaling[1])"	yes	reviewed_preserved_or_moved_display
Scripts/General/zzMaw-Spells.lua	"Reserve a percentage of your mana to simultaneously casts Haste, Shield, Stone Skin, and Fate on all your characters.
While the base effects remain consistent, each additional 3 levels in Light Magic will enhance the effects equivalently to only 2 levels.
This effect remains active until deactivated or lose consciousness."	"sp.Description = string.format(""Reserve a percentage of your mana to simultaneously casts Haste, Shield, Stone Skin, and Fate on all your characters.\nWhile the base effects remain consistent, each additional 3 levels in Light Magic will enhance the effects equivalently to only 2 levels.\nThis effect remains active until deactivated or lose consciousness."")"	yes	reviewed_preserved_or_moved_display
Scripts/General/zzMaw-Spells.lua	"Reserve a percentage of your mana to  tightly binds the soul to the body. This will delay death due to massive hit point loss, but will not stop a character from going unconscious. If a preserved character's hit points are too low when the spell wears off, he or she will die.
This effect remains active until deactivated or lose consciousness."	"sp.Description = string.format(""Reserve a percentage of your mana to  tightly binds the soul to the body. This will delay death due to massive hit point loss, but will not stop a character from going unconscious. If a preserved character's hit points are too low when the spell wears off, he or she will die.\nThis effect remains active until deactivated or lose consciousness."")"	yes	reviewed_preserved_or_moved_display
Scripts/General/zzMaw-Spells.lua	"Reserve a percentage of your mana to affect the entire party at once, granting immunity to certain spells and monster abilities that cause debilitation conditions.  These are:  Poison, Disease, Stone, Paralyze, Weak, Death and Eradicated.
This effect remains active until deactivated or lose consciousness."	"sp.Description = string.format(""Reserve a percentage of your mana to affect the entire party at once, granting immunity to certain spells and monster abilities that cause debilitation conditions.  These are:  Poison, Disease, Stone, Paralyze, Weak, Death and Eradicated.\nThis effect remains active until deactivated or lose consciousness."")"	yes	reviewed_preserved_or_moved_display
Scripts/General/zzMaw-Spells.lua	"Reserve a percentage of your mana.
When a monster hits a character with Pain Reflection active, the monster takes damage equal to what it inflicted on the character."	"sp.Description = string.format(""Reserve a percentage of your mana.\nWhen a monster hits a character with Pain Reflection active, the monster takes damage equal to what it inflicted on the character."")"	yes	reviewed_preserved_or_moved_display
Scripts/General/zzMaw-Spells.lua	Enchants party weapons with the Vampiric ability.  Damage inflicted on monsters will be given to the weapon's wielder as extra hit points, up to his or her normal hit point maximum.	"sp.Description = ""Enchants party weapons with the Vampiric ability.  Damage inflicted on monsters will be given to the weapon's wielder as extra hit points, up to his or her normal hit point maximum."""	yes	reviewed_preserved_or_moved_display
Scripts/General/zzMaw-Spells.lua	Vampiric Aura	"sp.Name=""Vampiric Aura"""	yes	reviewed_preserved_or_moved_display
Scripts/General/zzMaw-Spells.lua	"Reserve a flat amount of mana to increase the radius of light surrounding your party in the dark.
This effect remains active until deactivated or lose consciousness."	"sp.Description = string.format(""Reserve a flat amount of mana to increase the radius of light surrounding your party in the dark.\nThis effect remains active until deactivated or lose consciousness."")"	yes	reviewed_preserved_or_moved_display
Scripts/General/zzMaw-Spells.lua	"Reserve a flat amount of mana to show the locations of monsters and other points of interest while outdoors in the minimap.
This effect remains active until deactivated or lose consciousness."	"sp.Description = string.format(""Reserve a flat amount of mana to show the locations of monsters and other points of interest while outdoors in the minimap.\nThis effect remains active until deactivated or lose consciousness."")"	yes	reviewed_preserved_or_moved_display
Scripts/General/zzMaw-Spells.lua	"Reserve a flat amount of mana to grants the power of flight to your characters!  Only works outdoors, but it is very useful.  Fly will drain one spell point every five minutes it is in use (i.e. when you aren't touching the ground).
This effect remains active until deactivated or lose consciousness."	"sp.Description = string.format(""Reserve a flat amount of mana to grants the power of flight to your characters!  Only works outdoors, but it is very useful.  Fly will drain one spell point every five minutes it is in use (i.e. when you aren't touching the ground).\nThis effect remains active until deactivated or lose consciousness."")"	yes	reviewed_preserved_or_moved_display
Scripts/General/zzMaw-Spells.lua	"Reserve a flat amount of mana
Only useful outdoors, Water Walk lets your characters walk along the surface of water without sinking.
This effect remains active until deactivated or lose consciousness."	"sp.Description = string.format(""Reserve a flat amount of mana\nOnly useful outdoors, Water Walk lets your characters walk along the surface of water without sinking.\nThis effect remains active until deactivated or lose consciousness."")"	yes	reviewed_preserved_or_moved_display
Scripts/General/zzMaw-Spells.lua	Grants 3 Intellect to all party per skill point	"Skillz.setDesc(const.Skills.Fire,5,""Grants 3 Intellect to all party per skill point"")"	yes	reviewed_preserved_or_moved_display
Scripts/General/zzMaw-Spells.lua	Grants 3 Speed to all party per skill point	"Skillz.setDesc(const.Skills.Air,5,""Grants 3 Speed to all party per skill point"")"	yes	reviewed_preserved_or_moved_display
Scripts/General/zzMaw-Spells.lua	Grants 3 Luck to all party per skill point	"Skillz.setDesc(const.Skills.Water,5,""Grants 3 Luck to all party per skill point"")"	yes	reviewed_preserved_or_moved_display
Scripts/General/zzMaw-Spells.lua	Grants 3 Endurance to all party per skill point	"Skillz.setDesc(const.Skills.Earth,5,""Grants 3 Endurance to all party per skill point"")"	yes	reviewed_preserved_or_moved_display
Scripts/General/zzMaw-Spells.lua	Grants 3 Accuracy to all party per skill point	"Skillz.setDesc(const.Skills.Spirit,5,""Grants 3 Accuracy to all party per skill point"")"	yes	reviewed_preserved_or_moved_display
Scripts/General/zzMaw-Spells.lua	Grants 3 Personality to all party per skill point	"Skillz.setDesc(const.Skills.Mind,5,""Grants 3 Personality to all party per skill point"")"	yes	reviewed_preserved_or_moved_display
Scripts/General/zzMaw-Spells.lua	Grants 3 Might to all party per skill point	"Skillz.setDesc(const.Skills.Body,5,""Grants 3 Might to all party per skill point"")"	yes	reviewed_preserved_or_moved_display
Scripts/General/zzMaw-Spells.lua	Book	"txt[970+i].NotIdentifiedName=""Book"""	yes	reviewed_preserved_or_moved_display
Scripts/General/zzMaw-Spells.lua	Fire Magic Book	"txt[971].Name=""Fire Magic Book"""	yes	reviewed_preserved_or_moved_display
Scripts/General/zzMaw-Spells.lua	Air Magic Book	"txt[972].Name=""Air Magic Book"""	yes	reviewed_preserved_or_moved_display
Scripts/General/zzMaw-Spells.lua	Water Magic Book	"txt[973].Name=""Water Magic Book"""	yes	reviewed_preserved_or_moved_display
Scripts/General/zzMaw-Spells.lua	Earth Magic Book	"txt[974].Name=""Earth Magic Book"""	yes	reviewed_preserved_or_moved_display
Scripts/General/zzMaw-Spells.lua	Spirit Magic Book	"txt[975].Name=""Spirit Magic Book"""	yes	reviewed_preserved_or_moved_display
Scripts/General/zzMaw-Spells.lua	Mind Magic Book	"txt[976].Name=""Mind Magic Book"""	yes	reviewed_preserved_or_moved_display
Scripts/General/zzMaw-Spells.lua	Body Magic Book	"txt[977].Name=""Body Magic Book"""	yes	reviewed_preserved_or_moved_display
Scripts/General/zzMaw-Spells.lua	Light Magic Book	"txt[978].Name=""Light Magic Book"""	yes	reviewed_preserved_or_moved_display
Scripts/General/zzMaw-Spells.lua	Dark Magic Book	"txt[979].Name=""Dark Magic Book"""	yes	reviewed_preserved_or_moved_display
Scripts/General/zzMaw-Spells.lua	A scorched grimoire that radiates gentle heat; a heat-seal brands the cover, and the pages grow too hot to hold unless you're versed in Fire.	"txt[971].Notes=""A scorched grimoire that radiates gentle heat; a heat-seal brands the cover, and the pages grow too hot to hold unless you're versed in Fire."""	yes	reviewed_preserved_or_moved_display
Scripts/General/zzMaw-Spells.lua	Feather-light pages hum with static; a whirling air-sigil scatters the lines to the wind, settling only for one trained in Air.	"txt[972].Notes=""Feather-light pages hum with static; a whirling air-sigil scatters the lines to the wind, settling only for one trained in Air."""	yes	reviewed_preserved_or_moved_display
Scripts/General/zzMaw-Spells.lua	Damp vellum where ink ripples like tides; a water-ward dissolves every character into droplets unless a Water adept calls them back.	"txt[973].Notes=""Damp vellum where ink ripples like tides; a water-ward dissolves every character into droplets unless a Water adept calls them back."""	yes	reviewed_preserved_or_moved_display
Scripts/General/zzMaw-Spells.lua	Heavy as quarried rock, grit packed in the spine; a stone-seal weighs the script down, rising into legible relief for those attuned to Earth.	"txt[974].Notes=""Heavy as quarried rock, grit packed in the spine; a stone-seal weighs the script down, rising into legible relief for those attuned to Earth."""	yes	reviewed_preserved_or_moved_display
Scripts/General/zzMaw-Spells.lua	A calm glow lingers between the leaves; a spirit-binding sigil veils the prayers, and they fade to silence without skill in Spirit.	"txt[975].Notes=""A calm glow lingers between the leaves; a spirit-binding sigil veils the prayers, and they fade to silence without skill in Spirit."""	yes	reviewed_preserved_or_moved_display
Scripts/General/zzMaw-Spells.lua	Margins of tight glyphs that reorder themselves; a thought-lock scrambles the text into riddles unless a Mind disciple aligns it.	"txt[976].Notes=""Margins of tight glyphs that reorder themselves; a thought-lock scrambles the text into riddles unless a Mind disciple aligns it."""	yes	reviewed_preserved_or_moved_display
Scripts/General/zzMaw-Spells.lua	Thick, herb-scented vellum warm to the pulse; a vigor-ward stiffens the pages, relaxing only for the steady hands of Body practitioners.	"txt[977].Notes=""Thick, herb-scented vellum warm to the pulse; a vigor-ward stiffens the pages, relaxing only for the steady hands of Body practitioners."""	yes	reviewed_preserved_or_moved_display
Scripts/General/zzMaw-Spells.lua	A pale radiance seeps through the cover; a sun-seal flares too bright to read, dimming into clarity for those trained in Light.	"txt[978].Notes=""A pale radiance seeps through the cover; a sun-seal flares too bright to read, dimming into clarity for those trained in Light."""	yes	reviewed_preserved_or_moved_display
Scripts/General/zzMaw-Spells.lua	Ink like pooled night that drinks the torchglow; a shadow-ward devours the lines, revealing them only to readers skilled in Dark.	"txt[979].Notes=""Ink like pooled night that drinks the torchglow; a shadow-ward devours the lines, revealing them only to readers skilled in Dark."""	yes	reviewed_preserved_or_moved_display
Scripts/General/zzMaw-Spells.lua	Madness is not a place for cowards	"Game.ShowStatusText(""Madness is not a place for cowards"")"	yes	reviewed_preserved_or_moved_display
Scripts/General/zzMaw-Stats.lua	Map data reset, press Y to continue...	"Game.ShowStatusText(""Map data reset, press Y to continue..."")"	yes	reviewed_preserved_or_moved_display
Scripts/General/zzMaw-Stats.lua	Current map data reset.	"Game.ShowStatusText(""Current map data reset."")"	yes	reviewed_preserved_or_moved_display
Scripts/General/zzMaw-Stats.lua	"

Physical Leech: %s
Magical Leech: %s"	"return string.format(""\n\nPhysical Leech: %s\nMagical Leech: %s"","	yes	reviewed_preserved_or_moved_display
Scripts/General/zzMaw-Stats.lua	"
Leech done with bow is halved. Magical Leech also includes damage done with weapons enchants."	".. ""\nLeech done with bow is halved. Magical Leech also includes damage done with weapons enchants."""	yes	reviewed_preserved_or_moved_display
Scripts/General/zzMaw-Stats.lua	"
Leech counts health bars, not damage: take away 50% of a monster's health with 10% leech, and you heal 5% of your own."	".. ""\nLeech counts health bars, not damage: take away 50% of a monster's health with 10% leech, and you heal 5% of your own."""	yes	reviewed_preserved_or_moved_display
Scripts/General/zzMaw-Stats.lua	"
Every monster is measured with the bar of the middle variant of its family: weak variants leech for less, strong ones and bosses for more."	".. ""\nEvery monster is measured with the bar of the middle variant of its family: weak variants leech for less, strong ones and bosses for more."""	yes	reviewed_preserved_or_moved_display
Scripts/General/zzMaw-Stats.lua	"Intellect represents a character's ability to reason and understand complex, abstract concepts.
Spell Damage and Spell Critical Damage are based on Intellect."	"local baseText=""Intellect represents a character's ability to reason and understand complex, abstract concepts.\nSpell Damage and Spell Critical Damage are based on Intellect."""	yes	reviewed_preserved_or_moved_display
Scripts/General/zzMaw-Stats.lua	Personality represents both a character's strength of will and personal charm. Maximum spell points, Mana cost and Healing Power are based on Personality.	"local baseText=""Personality represents both a character's strength of will and personal charm. Maximum spell points, Mana cost and Healing Power are based on Personality."""	yes	reviewed_preserved_or_moved_display
Scripts/General/zzMaw-Stats.lua	"%s

Bonus healing: %s%s

Spell cost reduction: %s%s

Increase the mana by 2 levels worth of mana per 5 personality"	"t.Text=string.format(""%s\n\nBonus healing: %s%s\n\nSpell cost reduction: %s%s\n\nIncrease the mana by 2 levels worth of mana per 5 personality"",baseText,healingBonus,""%"",spellCostReduction,""%"")"	yes	reviewed_preserved_or_moved_display
Scripts/General/zzMaw-Stats.lua	"%s

Critical melee and bow strike damage bonus: %s%s"	"t.Text=string.format(""%s\n\nCritical melee and bow strike damage bonus: %s%s"",Game.StatsDescriptions[4],critDmg*100-100,""%"")"	yes	reviewed_preserved_or_moved_display
Scripts/General/zzMaw-Stats.lua	"%s

Dodge chance: %s%%"	"t.Text=string.format(""%s\n\nDodge chance: %s%%"",Game.StatsDescriptions[5],math.floor(dodgeChance*1000)/10)"	yes	reviewed_preserved_or_moved_display
Scripts/General/zzMaw-Stats.lua	"Melee Power: %s
Ranged Power: %s
Spell Power: %s"	"local txt=string.format(""Melee Power: %s\nRanged Power: %s\nSpell Power: %s"",StrColor(255,0,0,DPS1),StrColor(200,200,0,DPS2),StrColor(50,50,220,DPS3))"	yes	reviewed_preserved_or_moved_display
Scripts/General/zzMaw-Stats.lua	Currently Active Legendary effects:	"local legTxt=""Currently Active Legendary effects:"""	yes	reviewed_preserved_or_moved_display
Scripts/General/zzMaw-Stats.lua	"

Bolster Level in MM6: "	"t.Text=t.Text ..""\n\nTotal Levels gained: "" .. StrColor(255,255,153,round(getTotalLevel())).. ""\n\nLevels gained in MM6: "" .. StrColor(255,255,153,round(vars.MMLVL[3]*100)/100) .. ""\nLevels gained in MM7: "" .. StrColor(255,255,153,round(vars.MMLVL[2]*100)/100) .. ""\nLevels gained in MM8: "" .. StrColor(255,255,153,round(vars.MMLVL[1]*100)/100) .. ""\n\nBolster Level in MM6: "" .. StrColor(255,255,153,round(bolsterLevel6)) ..""\nBolster Level in MM7: "" .. StrColor(255,255,153,round(bolsterLevel7)) .."	yes	reviewed_preserved_or_moved_display
Scripts/General/zzMaw-Stats.lua	"

Levels gained in MM6: "	"t.Text=t.Text ..""\n\nTotal Levels gained: "" .. StrColor(255,255,153,round(getTotalLevel())).. ""\n\nLevels gained in MM6: "" .. StrColor(255,255,153,round(vars.MMLVL[3]*100)/100) .. ""\nLevels gained in MM7: "" .. StrColor(255,255,153,round(vars.MMLVL[2]*100)/100) .. ""\nLevels gained in MM8: "" .. StrColor(255,255,153,round(vars.MMLVL[1]*100)/100) .. ""\n\nBolster Level in MM6: "" .. StrColor(255,255,153,round(bolsterLevel6)) ..""\nBolster Level in MM7: "" .. StrColor(255,255,153,round(bolsterLevel7)) .."	yes	reviewed_preserved_or_moved_display
Scripts/General/zzMaw-Stats.lua	"

Total Levels gained: "	"t.Text=t.Text ..""\n\nTotal Levels gained: "" .. StrColor(255,255,153,round(getTotalLevel())).. ""\n\nLevels gained in MM6: "" .. StrColor(255,255,153,round(vars.MMLVL[3]*100)/100) .. ""\nLevels gained in MM7: "" .. StrColor(255,255,153,round(vars.MMLVL[2]*100)/100) .. ""\nLevels gained in MM8: "" .. StrColor(255,255,153,round(vars.MMLVL[1]*100)/100) .. ""\n\nBolster Level in MM6: "" .. StrColor(255,255,153,round(bolsterLevel6)) ..""\nBolster Level in MM7: "" .. StrColor(255,255,153,round(bolsterLevel7)) .."	yes	reviewed_preserved_or_moved_display
Scripts/General/zzMaw-Stats.lua	"
Bolster Level in MM7: "	"t.Text=t.Text ..""\n\nTotal Levels gained: "" .. StrColor(255,255,153,round(getTotalLevel())).. ""\n\nLevels gained in MM6: "" .. StrColor(255,255,153,round(vars.MMLVL[3]*100)/100) .. ""\nLevels gained in MM7: "" .. StrColor(255,255,153,round(vars.MMLVL[2]*100)/100) .. ""\nLevels gained in MM8: "" .. StrColor(255,255,153,round(vars.MMLVL[1]*100)/100) .. ""\n\nBolster Level in MM6: "" .. StrColor(255,255,153,round(bolsterLevel6)) ..""\nBolster Level in MM7: "" .. StrColor(255,255,153,round(bolsterLevel7)) .."	yes	reviewed_preserved_or_moved_display
Scripts/General/zzMaw-Stats.lua	"
Bolster Level in MM8: "	"t.Text=t.Text ..""\n\nTotal Levels gained: "" .. StrColor(255,255,153,round(getTotalLevel())).. ""\n\nLevels gained in MM6: "" .. StrColor(255,255,153,round(vars.MMLVL[3]*100)/100) .. ""\nLevels gained in MM7: "" .. StrColor(255,255,153,round(vars.MMLVL[2]*100)/100) .. ""\nLevels gained in MM8: "" .. StrColor(255,255,153,round(vars.MMLVL[1]*100)/100) .. ""\n\nBolster Level in MM6: "" .. StrColor(255,255,153,round(bolsterLevel6)) ..""\nBolster Level in MM7: "" .. StrColor(255,255,153,round(bolsterLevel7)) .."	yes	reviewed_preserved_or_moved_display
Scripts/General/zzMaw-Stats.lua	"
Levels gained in MM7: "	"t.Text=t.Text ..""\n\nTotal Levels gained: "" .. StrColor(255,255,153,round(getTotalLevel())).. ""\n\nLevels gained in MM6: "" .. StrColor(255,255,153,round(vars.MMLVL[3]*100)/100) .. ""\nLevels gained in MM7: "" .. StrColor(255,255,153,round(vars.MMLVL[2]*100)/100) .. ""\nLevels gained in MM8: "" .. StrColor(255,255,153,round(vars.MMLVL[1]*100)/100) .. ""\n\nBolster Level in MM6: "" .. StrColor(255,255,153,round(bolsterLevel6)) ..""\nBolster Level in MM7: "" .. StrColor(255,255,153,round(bolsterLevel7)) .."	yes	reviewed_preserved_or_moved_display
Scripts/General/zzMaw-Stats.lua	"
Levels gained in MM8: "	"t.Text=t.Text ..""\n\nTotal Levels gained: "" .. StrColor(255,255,153,round(getTotalLevel())).. ""\n\nLevels gained in MM6: "" .. StrColor(255,255,153,round(vars.MMLVL[3]*100)/100) .. ""\nLevels gained in MM7: "" .. StrColor(255,255,153,round(vars.MMLVL[2]*100)/100) .. ""\nLevels gained in MM8: "" .. StrColor(255,255,153,round(vars.MMLVL[1]*100)/100) .. ""\n\nBolster Level in MM6: "" .. StrColor(255,255,153,round(bolsterLevel6)) ..""\nBolster Level in MM7: "" .. StrColor(255,255,153,round(bolsterLevel7)) .."	yes	reviewed_preserved_or_moved_display
Scripts/General/zzMaw-Stats.lua	"%s

TOTAL DAMAGE RECOUNT
Total Damage done: %s"	"t.Text=string.format(""%s\n\nTOTAL DAMAGE RECOUNT\nTotal Damage done: %s"",t.Text,StrColor(255,255,100,round(damage)))"	yes	reviewed_preserved_or_moved_display
Scripts/General/zzMaw-Stats.lua	"%s
Total Ranged Damage done: %s"	"t.Text=string.format(""%s\nTotal Ranged Damage done: %s"",t.Text,StrColor(255,255,100,round(damage)))"	yes	reviewed_preserved_or_moved_display
Scripts/General/zzMaw-Stats.lua	"%s

Total percentage, Melee/Ranged/Total:"	"t.Text = string.format(""%s\n\nTotal percentage, Melee/Ranged/Total:"", t.Text)"	yes	reviewed_preserved_or_moved_display
Scripts/General/zzMaw-Stats.lua	"%s
 %s	 %29s	%32s %s	%37s %s	%42s"	"t.Text = string.format(""%s\n %s\t %29s\t%32s %s\t%37s %s\t%42s"", t.Text, Party[i].Name,"	yes	reviewed_preserved_or_moved_display
Scripts/General/zzMaw-Stats.lua	"

TOTAL HEALING RECOUNT:
Total Healing Done:  "	"t.Text = t.Text .. ""\n\nTOTAL HEALING RECOUNT:\nTotal Healing Done:  "" .. StrColor(0,255,0,vars.healingDone[id]) .. ""\nTotal Regen Healing: "" .. StrColor(0,255,0,vars.regenerationHeal[id]) .. ""\nTotal Leech Healing: "" .. StrColor(0,255,0,vars.leechDone[id])"	yes	reviewed_preserved_or_moved_display
Scripts/General/zzMaw-Stats.lua	"
Total Leech Healing: "	"t.Text = t.Text .. ""\n\nTOTAL HEALING RECOUNT:\nTotal Healing Done:  "" .. StrColor(0,255,0,vars.healingDone[id]) .. ""\nTotal Regen Healing: "" .. StrColor(0,255,0,vars.regenerationHeal[id]) .. ""\nTotal Leech Healing: "" .. StrColor(0,255,0,vars.leechDone[id])"	yes	reviewed_preserved_or_moved_display
Scripts/General/zzMaw-Stats.lua	"
Total Regen Healing: "	"t.Text = t.Text .. ""\n\nTOTAL HEALING RECOUNT:\nTotal Healing Done:  "" .. StrColor(0,255,0,vars.healingDone[id]) .. ""\nTotal Regen Healing: "" .. StrColor(0,255,0,vars.regenerationHeal[id]) .. ""\nTotal Leech Healing: "" .. StrColor(0,255,0,vars.leechDone[id])"	yes	reviewed_preserved_or_moved_display
Scripts/General/zzMaw-Stats.lua	"

Total percentage, Heal/Regen/Leech/Total:"	"t.Text = t.Text .. ""\n\nTotal percentage, Heal/Regen/Leech/Total:"""	yes	reviewed_preserved_or_moved_display
Scripts/General/zzMaw-Stats.lua	"%s
 %s	 %29s	%32s %s	%37s %s	%42s %s	%47s"	"t.Text = string.format(""%s\n %s\t %29s\t%32s %s\t%37s %s\t%42s %s\t%47s"", t.Text, Party[i].Name,"	yes	reviewed_preserved_or_moved_display
Scripts/General/zzMaw-Stats.lua	"

Only healing done when monsters are in the nearbies is counted"	"t.Text = t.Text .. ""\n\nOnly healing done when monsters are in the nearbies is counted"""	yes	reviewed_preserved_or_moved_display
Scripts/General/zzMaw-Stats.lua	"%s

CURRENT MAP DAMAGE RECOUNT
Melee Damage done in current map: %s"	"t.Text=string.format(""%s\n\nCURRENT MAP DAMAGE RECOUNT\nMelee Damage done in current map: %s"",t.Text,StrColor(255,255,100,round(damage)))"	yes	reviewed_preserved_or_moved_display
Scripts/General/zzMaw-Stats.lua	"%s
Ranged Damage done in current map: %s"	"t.Text=string.format(""%s\nRanged Damage done in current map: %s"",t.Text,StrColor(255,255,100,round(damage)))"	yes	reviewed_preserved_or_moved_display
Scripts/General/zzMaw-Stats.lua	"%s

Map percentage, Melee/Ranged/Total:"	"t.Text = string.format(""%s\n\nMap percentage, Melee/Ranged/Total:"", t.Text)"	yes	reviewed_preserved_or_moved_display
Scripts/General/zzMaw-Stats.lua	"%s
 %s	 %29s	%32s %s	%37s %s	%42s"	"t.Text = string.format(""%s\n %s\t %29s\t%32s %s\t%37s %s\t%42s"", t.Text, Party[i].Name,"	yes	reviewed_preserved_or_moved_display
Scripts/General/zzMaw-Stats.lua	"

CURRENT MAP HEALING RECOUNT:
Healing Done in current Map:  "	"t.Text = t.Text .. ""\n\nCURRENT MAP HEALING RECOUNT:\nHealing Done in current Map:  "" .. StrColor(0,255,0,mapvars.healingDone[id]) .. ""\nRegen Healing in current Map: "" .. StrColor(0,255,0,mapvars.regenerationHeal[id]) .. ""\nLeech Healing in current Map: "" .. StrColor(0,255,0,mapvars.leechDone[id])"	yes	reviewed_preserved_or_moved_display
Scripts/General/zzMaw-Stats.lua	"
Leech Healing in current Map: "	"t.Text = t.Text .. ""\n\nCURRENT MAP HEALING RECOUNT:\nHealing Done in current Map:  "" .. StrColor(0,255,0,mapvars.healingDone[id]) .. ""\nRegen Healing in current Map: "" .. StrColor(0,255,0,mapvars.regenerationHeal[id]) .. ""\nLeech Healing in current Map: "" .. StrColor(0,255,0,mapvars.leechDone[id])"	yes	reviewed_preserved_or_moved_display
Scripts/General/zzMaw-Stats.lua	"
Regen Healing in current Map: "	"t.Text = t.Text .. ""\n\nCURRENT MAP HEALING RECOUNT:\nHealing Done in current Map:  "" .. StrColor(0,255,0,mapvars.healingDone[id]) .. ""\nRegen Healing in current Map: "" .. StrColor(0,255,0,mapvars.regenerationHeal[id]) .. ""\nLeech Healing in current Map: "" .. StrColor(0,255,0,mapvars.leechDone[id])"	yes	reviewed_preserved_or_moved_display
Scripts/General/zzMaw-Stats.lua	"

Map percentage, Heal/Regen/Leech/Total:"	"t.Text = t.Text .. ""\n\nMap percentage, Heal/Regen/Leech/Total:"""	yes	reviewed_preserved_or_moved_display
Scripts/General/zzMaw-Stats.lua	"%s
 %s	 %29s	%32s %s	%37s %s	%42s %s	%47s"	"t.Text = string.format(""%s\n %s\t %29s\t%32s %s\t%37s %s\t%42s %s\t%47s"", t.Text, Party[i].Name,"	yes	reviewed_preserved_or_moved_display
Scripts/General/zzMaw-Stats.lua	"

Only healing done when monsters are in the nearbies is counted"	"t.Text = t.Text .. ""\n\nOnly healing done when monsters are in the nearbies is counted"""	yes	reviewed_preserved_or_moved_display
Scripts/General/zzMaw-Stats.lua	"

Damage is reduced by an amount equal to % shown.

Light resistance is equal to the lowest between Mind and Body resistances.
Dark resistance is equal to the lowest between elemental resistances.
Energy resistance is equal to the lowest resistance."	"t.Text=t.Text .. ""\n\nDamage is reduced by an amount equal to % shown.\n\nLight resistance is equal to the lowest between Mind and Body resistances.\nDark resistance is equal to the lowest between elemental resistances.\nEnergy resistance is equal to the lowest resistance."""	yes	reviewed_preserved_or_moved_display
Scripts/General/zzMaw-Stats.lua	Hit Points	"Game.GlobalTxt[108]=StrColor(0,255, 0,""Hit Points"")"	yes	reviewed_preserved_or_moved_display
Scripts/General/zzMaw-Stats.lua	Hit Points	"Game.GlobalTxt[108]=StrColor(0,255, 0,""Hit Points"")"	yes	reviewed_preserved_or_moved_display
Scripts/General/zzMaw-Stats.lua	%6s	"resistanceText[i]=StrColor(0,255,0,string.format(""%6s"", resistances[9+i]))"	yes	reviewed_preserved_or_moved_display
Scripts/General/zzMaw-Stats.lua	"	            %s%s "	"Game.GlobalTxt[87]=StrColor(255, 70, 70,    string.format(resListBackup[1] .. ""\t            %s%s "",resistances2[10],""%"")) .. resistanceText[1] .. ""\n\n\n\n\n\n\n\n\n"""	yes	reviewed_preserved_or_moved_display
Scripts/General/zzMaw-Stats.lua	"	            %s%s "	"Game.GlobalTxt[6]=StrColor(173, 216, 230,   string.format(resListBackup[2] .. ""\t            %s%s "",resistances2[11],""%"")) .. resistanceText[2] .. ""\n\n\n\n\n\n\n\n\n"""	yes	reviewed_preserved_or_moved_display
Scripts/General/zzMaw-Stats.lua	"	            %s%s "	"Game.GlobalTxt[240]=StrColor(100, 180, 255, string.format(resListBackup[3] .. ""\t            %s%s "",resistances2[12],""%"")) .. resistanceText[3] .. ""\n\n\n\n\n\n\n\n\n"""	yes	reviewed_preserved_or_moved_display
Scripts/General/zzMaw-Stats.lua	"	            %s%s "	"Game.GlobalTxt[70]=StrColor(153, 76, 0,     string.format(resListBackup[4] .. ""\t            %s%s "",resistances2[13],""%"")) .. resistanceText[4] .. ""\n\n\n\n\n\n\n\n\n"""	yes	reviewed_preserved_or_moved_display
Scripts/General/zzMaw-Stats.lua	"	            %s%s "	"Game.GlobalTxt[142]=StrColor(200, 200, 255, string.format(resListBackup[5] .. ""\t            %s%s "",resistances2[14],""%"")) .. resistanceText[5] .. ""\n\n\n\n\n\n\n\n\n"""	yes	reviewed_preserved_or_moved_display
Scripts/General/zzMaw-Stats.lua	"	            %s%s "	"Game.GlobalTxt[29]=StrColor(255, 192, 203,  string.format(resListBackup[6] .. ""\t            %s%s "",resistances2[15],""%""))	 .. resistanceText[6] .. ""\n\n\n\n\n\n\n\n\n"""	yes	reviewed_preserved_or_moved_display
Scripts/General/zzMaw-Stats.lua	"M/R/S:%s/%s/%s






"	"Game.GlobalTxt[47]=string.format(""M/R/S:%s/%s/%s\n\n\n\n\n\n\n"",StrColor(255,0,0,DPS1),StrColor(200,200,0,DPS2),StrColor(50,50,220,DPS3))"	yes	reviewed_preserved_or_moved_display
Scripts/General/zzMaw-Stats.lua	"M/R:%s/%s






"	"Game.GlobalTxt[47]=string.format(""M/R:%s/%s\n\n\n\n\n\n\n"",StrColor(255,0,0,DPS1),StrColor(200,200,0,DPS2))"	yes	reviewed_preserved_or_moved_display
Scripts/General/zzMaw-Stats.lua	"Vitality: %s







"	"Game.GlobalTxt[172]=string.format(""Vitality: %s\n\n\n\n\n\n\n\n"",StrColor(0,255,0,vitality))"	yes	reviewed_preserved_or_moved_display
Scripts/General/zzMaw-Stats.lua	Quick Spell	"Game.GlobalTxt[172]=""Quick Spell"""	yes	reviewed_preserved_or_moved_display
Scripts/General/zz_Maw-initialize.lua	mismatched installation; MAW settings will be unavailable.	".. ""mismatched installation; MAW settings will be unavailable."")"	yes	reviewed_preserved_or_moved_display
Scripts/General/zz_Maw-initialize.lua	Buff Rework	"createSwitch(180, ""Buff Rework"", ""buffRework"", {""ON"",""OFF""})"	yes	reviewed_preserved_or_moved_display
Scripts/General/zz_Maw-initialize.lua	M&M6 Projectiles	"createSwitch(220, ""M&M6 Projectiles"", ""restoreProjectiles"", {""ON"",""OFF""})"	yes	reviewed_preserved_or_moved_display
Scripts/General/zz_Maw-initialize.lua	Homing Projectiles	"createSwitch(260, ""Homing Projectiles"", ""homingProjectiles"", {""ON"",""OFF""})"	yes	reviewed_preserved_or_moved_display
Scripts/General/zz_Maw-initialize.lua	Damage on Friendly Units	"createSwitch(300, ""Damage on Friendly Units"", ""friendlyDamage"", {""ON"",""OFF""})"	yes	reviewed_preserved_or_moved_display
Scripts/General/zz_Maw-initialize.lua	Loot Filter	"createSwitch(340, ""Loot Filter"", ""lootFilter"", {""OFF"",""Common"", ""Uncom."", ""Rare"", ""Epic"",""Ancient"",""Primordial""})"	yes	reviewed_preserved_or_moved_display
Scripts/General/zz_Maw-initialize.lua	Bow Disabled	"Game.ShowStatusText(""Bow Disabled"")"	yes	reviewed_preserved_or_moved_display
Scripts/General/zz_Maw-initialize.lua	Bow Enabled	"Game.ShowStatusText(""Bow Enabled"")"	yes	reviewed_preserved_or_moved_display
Scripts/General/zzzMaw_Artifacts.lua	Insanity	"[const.MonsterBonus.Insane] = ""Insanity"","	yes	reviewed_preserved_or_moved_display
Scripts/General/zzzMaw_Artifacts.lua	Disease	"[const.MonsterBonus.Disease1] = ""Disease"","	yes	reviewed_preserved_or_moved_display
Scripts/General/zzzMaw_Artifacts.lua	Disease	"[const.MonsterBonus.Disease2] = ""Disease"","	yes	reviewed_preserved_or_moved_display
Scripts/General/zzzMaw_Artifacts.lua	Disease	"[const.MonsterBonus.Disease3] = ""Disease"","	yes	reviewed_preserved_or_moved_display
Scripts/General/zzzMaw_Artifacts.lua	Paralysis	"[const.MonsterBonus.Paralyze] = ""Paralysis"","	yes	reviewed_preserved_or_moved_display
Scripts/General/zzzMaw_Artifacts.lua	Stone	"[const.MonsterBonus.Stone] = ""Stone"","	yes	reviewed_preserved_or_moved_display
Scripts/General/zzzMaw_Artifacts.lua	Poison	"[const.MonsterBonus.Poison1] = ""Poison"","	yes	reviewed_preserved_or_moved_display
Scripts/General/zzzMaw_Artifacts.lua	Poison	"[const.MonsterBonus.Poison2] = ""Poison"","	yes	reviewed_preserved_or_moved_display
Scripts/General/zzzMaw_Artifacts.lua	Poison	"[const.MonsterBonus.Poison3] = ""Poison"","	yes	reviewed_preserved_or_moved_display
Scripts/General/zzzMaw_Artifacts.lua	Sleep	"[const.MonsterBonus.Asleep] = ""Sleep"","	yes	reviewed_preserved_or_moved_display
Scripts/General/zzzMaw_Artifacts.lua	 damage on hit	".. "" damage on hit"""	yes	reviewed_preserved_or_moved_display
Scripts/General/zzzMaw_Artifacts.lua	 damage vs 	"lines[#lines + 1] = ""x"" .. factor .. "" damage vs "" .. table.concat(names, "", "")"	yes	reviewed_preserved_or_moved_display
Scripts/General/zzzMaw_Artifacts.lua	% skill in 	".. ""% skill in "" .. table.concat(names, "", "")"	yes	reviewed_preserved_or_moved_display
Scripts/General/zzzMaw_Artifacts.lua	Immune to 	"lines[#lines + 1] = ""Immune to "" .. table.concat(names, "", "")"	yes	reviewed_preserved_or_moved_display
Scripts/General/zzzMaw_Artifacts.lua	Shared Life: periodically transfers HP from party members with more current HP to the wearer.	"lines[#lines + 1] = ""Shared Life: periodically transfers HP from party members with more current HP to the wearer."""	yes	reviewed_preserved_or_moved_display
Scripts/General/zzzMaw_Artifacts.lua	Uses HP amounts, not percentages. Can revive the wearer from unconsciousness.	"lines[#lines + 1] = ""Uses HP amounts, not percentages. Can revive the wearer from unconsciousness."""	yes	reviewed_preserved_or_moved_display
Scripts/General/zzzMaw_Artifacts.lua	 HP over time	"lines[#lines + 1] = ""Drains "" .. -drain.HP .. "" HP over time"""	yes	reviewed_preserved_or_moved_display
Scripts/General/zzzMaw_Artifacts.lua	Negative drain life: 	"""Negative drain life: "" .. round(-leech*100) .. ""%"")"	yes	reviewed_preserved_or_moved_display
Scripts/General/zzzMaw_CraftingBag.lua	Item	"local displayName = (itemRecord.Identified and txt.Name) or txt.NotIdentifiedName or txt.Name or ""Item"""	yes	reviewed_preserved_or_moved_display
Scripts/General/zzzOnlineVariableSender.lua	 heals you for 	"Game.ShowStatusText((t.HealerName or ""Ally"") .. "" heals you for "" .. tostring(t.Amount or 0) .. "" Hit Points"")"	yes	reviewed_preserved_or_moved_display
Scripts/General/zzzOnlineVariableSender.lua	 Hit Points	"Game.ShowStatusText((t.HealerName or ""Ally"") .. "" heals you for "" .. tostring(t.Amount or 0) .. "" Hit Points"")"	yes	reviewed_preserved_or_moved_display
Scripts/General/zzzOnlineVariableSender.lua	Ally	"Game.ShowStatusText((t.HealerName or ""Ally"") .. "" heals you for "" .. tostring(t.Amount or 0) .. "" Hit Points"")"	yes	reviewed_preserved_or_moved_display
Scripts/General/zzzOnlineVariableSender.lua	Health: 	"StrColor(0,255,0,  ""Health: "" .. tostring(Party[0].HP) .. ""/"" .. tostring(round(maxHP))) .."	yes	reviewed_preserved_or_moved_display
Scripts/General/zzzOnlineVariableSender.lua	  Mana: 	"StrColor(50,50,255,""  Mana: ""   .. tostring(Party[0].SP) .. ""/"" .. tostring(round(FSP)))"	yes	reviewed_preserved_or_moved_display
Scripts/General/zzzzMalekith-Randomizer.lua	 Randomizer	"Text = "" Randomizer"","	yes	reviewed_preserved_or_moved_display
Scripts/Global/GLOBAL.lua	We have no more items to trade for pyramids	"Message(""We have no more items to trade for pyramids"")"	yes	reviewed_preserved_or_moved_display
Scripts/Global/GLOBAL.lua	We have no more items to trade for pyramids	"Message(""We have no more items to trade for pyramids"")"	yes	reviewed_preserved_or_moved_display
Scripts/Global/GLOBAL.lua	We have no more items to trade for pyramids	"Message(""We have no more items to trade for pyramids"")"	yes	reviewed_preserved_or_moved_display
Scripts/Global/GLOBAL.lua	We have no more items to trade for kegs	"Message(""We have no more items to trade for kegs"")"	yes	reviewed_preserved_or_moved_display
Scripts/Global/GLOBAL.lua	We have no more items to trade for kegs	"Message(""We have no more items to trade for kegs"")"	yes	reviewed_preserved_or_moved_display
Scripts/Global/GLOBAL.lua	We have no more items to trade for kegs	"Message(""We have no more items to trade for kegs"")"	yes	reviewed_preserved_or_moved_display
Scripts/Global/Quest_SavingGoobers.lua	Telelocator	"Game.NPC[TeleNPCId].Name = ""Telelocator"""	yes	reviewed_preserved_or_moved_display
Scripts/Global/Quest_SavingGoobers.lua	Charge telelocator	"Topic	= ""Charge telelocator"","	yes	reviewed_preserved_or_moved_display
Scripts/Global/Quest_SavingGoobers.lua	Charged. Insert request.	"Message(""Charged. Insert request."")"	yes	reviewed_preserved_or_moved_display
Scripts/Global/Quest_SavingGoobers.lua	*You don't have any philosopher stone to charge the telelocator.*	"Message(""*You don't have any philosopher stone to charge the telelocator.*"")"	yes	reviewed_preserved_or_moved_display
Scripts/Global/Quest_SavingGoobers.lua	Enter the data.	"Answer = Question(""Enter the data."")"	yes	reviewed_preserved_or_moved_display
Scripts/Global/Quest_SavingGoobers.lua	Re-record: enter the data.	"Message(""Re-record: enter the data."")"	yes	reviewed_preserved_or_moved_display
Scripts/Global/Quest_SavingGoobers.lua	Re-record: unable to locate.	"Message(""Re-record: unable to locate."")"	yes	reviewed_preserved_or_moved_display
Scripts/Global/Quest_SavingGoobers.lua	%s. World: Enroth. Realm: %s. Landmark: %s. Year: %s.	"local FString	= ""%s. World: Enroth. Realm: %s. Landmark: %s. Year: %s."""	yes	reviewed_preserved_or_moved_display
Scripts/Global/Quest_SavingGoobers.lua	Re-record: unable to locate.	"Message(""Re-record: unable to locate."")"	yes	reviewed_preserved_or_moved_display
Scripts/Global/Quest_SavingGoobers.lua	"

Realms: Detached. Time: Detached."	"CurMes = ""Targets found. Realms: Attuned. Time: Attuned.\n\n"" .. table.concat(Messages, ""\n"") .. ""\n\nRealms: Detached. Time: Detached."""	yes	reviewed_preserved_or_moved_display
Scripts/Global/Quest_SavingGoobers.lua	"Targets found. Realms: Attuned. Time: Attuned.

"	"CurMes = ""Targets found. Realms: Attuned. Time: Attuned.\n\n"" .. table.concat(Messages, ""\n"") .. ""\n\nRealms: Detached. Time: Detached."""	yes	reviewed_preserved_or_moved_display
Scripts/Global/Quest_SavingGoobers.lua	Enter the data.	"Answer = Question(""Enter the data."")"	yes	reviewed_preserved_or_moved_display
Scripts/Global/Quest_SavingGoobers.lua	Re-record: enter the data.	"Message(""Re-record: enter the data."")"	yes	reviewed_preserved_or_moved_display
Scripts/Global/Quest_SavingGoobers.lua	Re-record: unable to locate.	"Message(""Re-record: unable to locate."")"	yes	reviewed_preserved_or_moved_display
Scripts/Global/Quest_SavingGoobers.lua	"%s. World: Enroth. Realm: %s. Landmark: %s. Year: %s
Targets' status: in %s.
"	"local FString	= ""%s. World: Enroth. Realm: %s. Landmark: %s. Year: %s\nTargets' status: in %s.\n"""	yes	reviewed_preserved_or_moved_display
Scripts/Global/Quest_SavingGoobers.lua	"
Realms: Detached. Time: Detached."	"CurMes = ""Targets found. Realms: Attuned. Time: Attuned.\n\n"" .. CurMes .. ""\nRealms: Detached. Time: Detached."""	yes	reviewed_preserved_or_moved_display
Scripts/Global/Quest_SavingGoobers.lua	"Targets found. Realms: Attuned. Time: Attuned.

"	"CurMes = ""Targets found. Realms: Attuned. Time: Attuned.\n\n"" .. CurMes .. ""\nRealms: Detached. Time: Detached."""	yes	reviewed_preserved_or_moved_display
Scripts/Global/Quest_SavingGoobers.lua	Enter the data.	"Answer = Question(""Enter the data."")"	yes	reviewed_preserved_or_moved_display
Scripts/Global/Quest_SavingGoobers.lua	Re-record: enter the data.	"Message(""Re-record: enter the data."")"	yes	reviewed_preserved_or_moved_display
Scripts/Global/Quest_SavingGoobers.lua	Re-record: unable to locate.	"Message(""Re-record: unable to locate."")"	yes	reviewed_preserved_or_moved_display
Scripts/Global/Quest_SavingGoobers.lua	"World: Enroth. Realm: %s. Landmark: %s. Year: %s
Targets' status: %s, type: %s, state: %s.
"	"local FString	= ""World: Enroth. Realm: %s. Landmark: %s. Year: %s\nTargets' status: %s, type: %s, state: %s.\n"""	yes	reviewed_preserved_or_moved_display
Scripts/Global/Quest_SavingGoobers.lua	"
Realms: Detached. Time: Detached."	"CurMes = ""Targets found. Realms: Attuned. Time: Attuned.\n\n"" .. CurMes .. ""\nRealms: Detached. Time: Detached."""	yes	reviewed_preserved_or_moved_display
Scripts/Global/Quest_SavingGoobers.lua	"Targets found. Realms: Attuned. Time: Attuned.

"	"CurMes = ""Targets found. Realms: Attuned. Time: Attuned.\n\n"" .. CurMes .. ""\nRealms: Detached. Time: Detached."""	yes	reviewed_preserved_or_moved_display
Scripts/Global/Quest_SavingGoobers.lua	Locate item	"Topic	= ""Locate item"","	yes	reviewed_preserved_or_moved_display
Scripts/Global/Quest_SavingGoobers.lua	Locate person	"Topic	= ""Locate person"","	yes	reviewed_preserved_or_moved_display
Scripts/Global/Quest_SavingGoobers.lua	Locate monster	"Topic	= ""Locate monster"","	yes	reviewed_preserved_or_moved_display
Scripts/Global/zzMAWPotions.lua	This potion has not enough power	"Game.ShowStatusText(""This potion has not enough power"")"	yes	reviewed_preserved_or_moved_display
Scripts/Global/zzMAWPotions.lua	This potion has not enough power	"Game.ShowStatusText(""This potion has not enough power"")"	yes	reviewed_preserved_or_moved_display
Scripts/Global/zzMAWPotions.lua	This potion has not enough power	"Game.ShowStatusText(""This potion has not enough power"")"	yes	reviewed_preserved_or_moved_display
Scripts/Global/zzMAWPotions.lua	This potion has not enough power	"Game.ShowStatusText(""This potion has not enough power"")"	yes	reviewed_preserved_or_moved_display
Scripts/Global/zzMAWRespec.lua	If you seek to pursuit a new path and reset your skills, you have come to the right place.	"Text = ""If you seek to pursuit a new path and reset your skills, you have come to the right place."""	yes	reviewed_preserved_or_moved_display
Scripts/Global/zzMAWRespec.lua	Skill reset info	"Topic = ""Skill reset info"","	yes	reviewed_preserved_or_moved_display
Scripts/Global/zzMAWRespec.lua	"By agreeing to this, every skill you possess shall be returned to the beginning, to the level of a Novice, and all the points you've invested in these skills shall be returned to you. 

Once your skill grows to the necessary level, mastery of it shall be bestowed upon you once more, should you have achieved it before.

For this service, a tribute of 1000 gold for each level you have achieved shall be required"	"Ungive = ""By agreeing to this, every skill you possess shall be returned to the beginning, to the level of a Novice, and all the points you've invested in these skills shall be returned to you. \n\nOnce your skill grows to the necessary level, mastery of it shall be bestowed upon you once more, should you have achieved it before.\n\nFor this service, a tribute of 1000 gold for each level you have achieved shall be required"""	yes	reviewed_preserved_or_moved_display
Scripts/Global/zzMAWRespec.lua	I want to reset	"Topic = ""I want to reset"","	yes	reviewed_preserved_or_moved_display
Scripts/Global/zzMAWRespec.lua	Not enough gold.	"Message(""Not enough gold."")"	yes	reviewed_preserved_or_moved_display
Scripts/Global/zzMAWRespec.lua	Your skill points has been reset!	"Message(""Your skill points has been reset!"")"	yes	reviewed_preserved_or_moved_display
Scripts/Global/zzMAW_DruidCircletQuest.lua	Druid Circlet	"Topic = ""Druid Circlet"","	yes	reviewed_preserved_or_moved_display
Scripts/Global/zzMAW_DruidCircletQuest.lua	The pilgrims bound for the Druid Circle were seeking more than old stones. It is said the druids of the Ancients left a relic there, the Druid Circlet of Power. The Temple of the Sun wishes to keep it safe before it falls into the wrong hands. The Circle lies to the northeast of here. If you find the circlet, bring it to me, and the Temple will reward you.	"Give = ""The pilgrims bound for the Druid Circle were seeking more than old stones. It is said the druids of the Ancients left a relic there, the Druid Circlet of Power. The Temple of the Sun wishes to keep it safe before it falls into the wrong hands. The Circle lies to the northeast of here. If you find the circlet, bring it to me, and the Temple will reward you."","	yes	reviewed_preserved_or_moved_display
Scripts/Global/zzMAW_DruidCircletQuest.lua	You do not have the circlet. The Druid Circle lies to the northeast of here; look for it there.	"Undone = ""You do not have the circlet. The Druid Circle lies to the northeast of here; look for it there."","	yes	reviewed_preserved_or_moved_display
Scripts/Global/zzMAW_DruidCircletQuest.lua	The Druid Circlet of Power! How many pilgrims gave their lives just to set eyes on it... The Temple of the Sun will keep it safe. Accept the Temple's gratitude, and this amulet.	"Done = ""The Druid Circlet of Power! How many pilgrims gave their lives just to set eyes on it... The Temple of the Sun will keep it safe. Accept the Temple's gratitude, and this amulet."","	yes	reviewed_preserved_or_moved_display
Scripts/Global/zzMAW_DruidCircletQuest.lua	The circlet is in safe hands. The Temple of the Sun will not forget your help.	"After = ""The circlet is in safe hands. The Temple of the Sun will not forget your help."","	yes	reviewed_preserved_or_moved_display
Scripts/Global/zzMAW_DruidCircletQuest.lua	Find the Druid Circlet of Power in the Druid Circle and bring it to Dantillion in Murmurwoods.	"Quest = ""Find the Druid Circlet of Power in the Druid Circle and bring it to Dantillion in Murmurwoods."","	yes	reviewed_preserved_or_moved_display
Scripts/Global/zzMaw_Arena.lua	Welcome to the arena, warriors! This might be different than you remember. Prepare yourselves, sharpen your skills, and brace for the challenge ahead. Get ready to showcase your strength, strategy, and determination. The battle awaits!	"Text = ""Welcome to the arena, warriors! This might be different than you remember. Prepare yourselves, sharpen your skills, and brace for the challenge ahead. Get ready to showcase your strength, strategy, and determination. The battle awaits!"""	yes	reviewed_preserved_or_moved_display
Scripts/Global/zzMaw_Arena.lua	It looks like you've never tried the Endless Waves mode before. In this mode, waves of enemies will keep appearing, growing stronger over time. Everytime you clear a level, your progress is saved, and you can start from the latest checkpoint. Prepare yourself for a relentless challenge!	"local txt=""It looks like you've never tried the Endless Waves mode before. In this mode, waves of enemies will keep appearing, growing stronger over time. Everytime you clear a level, your progress is saved, and you can start from the latest checkpoint. Prepare yourself for a relentless challenge!"""	yes	reviewed_preserved_or_moved_display
Scripts/Global/zzMaw_Arena.lua	Endless Arena	"Topic = ""Endless Arena"","	yes	reviewed_preserved_or_moved_display
Scripts/Global/zzMaw_Arena.lua	Start Level 	"Topic = ""Start Level ""  .. vars.highestArenaWave+1,"	yes	reviewed_preserved_or_moved_display
Scripts/Global/zzMaw_Arena.lua	Let's get started!	"Ungive = ""Let's get started!"","	yes	reviewed_preserved_or_moved_display
Scripts/Global/zzMaw_Arena.lua	 completed!	"Message(""Level "" .. currentArenaLevel .. "" completed!"")"	yes	reviewed_preserved_or_moved_display
Scripts/Global/zzMaw_Arena.lua	Level 	"Message(""Level "" .. currentArenaLevel .. "" completed!"")"	yes	reviewed_preserved_or_moved_display
Scripts/Global/zzMaw_DimensionalMapsQuest.lua	The rifts between worlds open only for those who have walked far enough. Return to me when one of you has reached level %d.	"local TEXT_TOO_LOW = ""The rifts between worlds open only for those who have walked far enough. Return to me when one of you has reached level %d."""	yes	reviewed_preserved_or_moved_display
Scripts/Global/zzMaw_DimensionalMapsQuest.lua	I have looked beyond the veil and found a place the other side has rewritten. Take this map: it will open %s anew, filled with creatures from another dimension (Map Level %d). Clear it, then return to me.	"local TEXT_GIVE = ""I have looked beyond the veil and found a place the other side has rewritten. Take this map: it will open %s anew, filled with creatures from another dimension (Map Level %d). Clear it, then return to me."""	yes	reviewed_preserved_or_moved_display
Scripts/Global/zzMaw_DimensionalMapsQuest.lua	The rift I showed you still stands. Clear it, then return to me.	"local TEXT_NOT_CLEARED = ""The rift I showed you still stands. Clear it, then return to me."""	yes	reviewed_preserved_or_moved_display
Scripts/Global/zzMaw_DimensionalMapsQuest.lua	The rift in %s is sealed. Accept this reward: %d gold.	"local TEXT_REWARD = ""The rift in %s is sealed. Accept this reward: %d gold."""	yes	reviewed_preserved_or_moved_display
Scripts/Global/zzMaw_DimensionalMapsQuest.lua	You have sealed every rift I could find. There is nothing more I can show you.	"local TEXT_ALL_DONE = ""You have sealed every rift I could find. There is nothing more I can show you."""	yes	reviewed_preserved_or_moved_display
Scripts/Global/zzMaw_DimensionalMapsQuest.lua	Dimensional Maps	"Texts = {Topic = ""Dimensional Maps""},"	yes	reviewed_preserved_or_moved_display
Scripts/Global/zzMaw_Mapping.lua	Resistance Ignored	"Game.ShowStatusText(""Resistance Ignored"")"	yes	reviewed_preserved_or_moved_display
Scripts/Maps/7d20.lua	Wine Rack	"evt.hint[196] = ""Wine Rack"""	yes	reviewed_preserved_or_moved_display
Scripts/Maps/7d21.lua	It's a trap!	"Game.ShowStatusText(""It's a trap!"")"	yes	reviewed_preserved_or_moved_display
Scripts/Maps/7d21.lua	Queen Arrived!	"Game.ShowStatusText(""Queen Arrived!"")"	yes	reviewed_preserved_or_moved_display
Scripts/Maps/7d24.lua	Monsters swarming...	"Game.ShowStatusText(""Monsters swarming..."")"	yes	reviewed_preserved_or_moved_display
Scripts/Maps/7d29.lua	Goblin King	"Game.PlaceMonTxt[300]=""Goblin King"""	yes	reviewed_preserved_or_moved_display
Scripts/Maps/7d29.lua	Noises from the throne room	"Game.ShowStatusText(""Noises from the throne room"")"	yes	reviewed_preserved_or_moved_display
Scripts/Maps/7out01.lua	Refreshing!	"Game.ShowStatusText (""Refreshing!"")         -- ""Refreshing!"""	yes	reviewed_preserved_or_moved_display
Scripts/Maps/7out01.lua	+50 Fire Resistance temporary.	"Game.ShowStatusText(""+50 Fire Resistance temporary."")          -- ""+50 Fire Resistance temporary."""	yes	reviewed_preserved_or_moved_display
Scripts/Maps/7out02.lua	It's an ambush!	"Game.ShowStatusText(""It's an ambush!"")"	yes	reviewed_preserved_or_moved_display
Scripts/Maps/7out02.lua	Goblin Reinforcements	"Game.ShowStatusText(""Goblin Reinforcements"")"	yes	reviewed_preserved_or_moved_display
Scripts/Maps/7out02.lua	Enroth	"evt.hint[2666]=""Enroth"""	yes	reviewed_preserved_or_moved_display
Scripts/Maps/7out02.lua	Jadame	"evt.hint[1888]=""Jadame"""	yes	reviewed_preserved_or_moved_display
Scripts/Maps/7out02.lua	You need a key to teleport to Emerald Island.	"Game.ShowStatusText(""You need a key to teleport to Emerald Island."")  -- ""You need a key to teleport to Emerald Island."""	yes	reviewed_preserved_or_moved_display
Scripts/Maps/7out02.lua	You need a key to teleport to Evenmorn Island.	"Game.ShowStatusText(""You need a key to teleport to Evenmorn Island."")  -- ""You need a key to teleport to Evenmorn Island."""	yes	reviewed_preserved_or_moved_display
Scripts/Maps/7out02.lua	You need a key to use this hub. Talk to Illene Farswell.	"Game.ShowStatusText(""You need a key to use this hub. Talk to Illene Farswell."")     -- ""You need a key to use this hub. Talk to Illene Farswell!"""	yes	reviewed_preserved_or_moved_display
Scripts/Maps/7out05.lua	The night is dark and full of terrors	"Game.ShowStatusText(""The night is dark and full of terrors"")"	yes	reviewed_preserved_or_moved_display
Scripts/Maps/7out05.lua	In the night the deads rise	"Game.ShowStatusText(""In the night the deads rise"")"	yes	reviewed_preserved_or_moved_display
Scripts/Maps/7out05.lua	You need a key to teleport to Erathia.	"Game.ShowStatusText(""You need a key to teleport to Erathia."")  -- ""You need a key to teleport to Erathia."""	yes	reviewed_preserved_or_moved_display
Scripts/Maps/out02.lua	Enroth	"evt.hint[2666]=""Enroth"""	yes	reviewed_preserved_or_moved_display
Scripts/Maps/out02.lua	Antagarich	"evt.hint[1777]=""Antagarich"""	yes	reviewed_preserved_or_moved_display
Scripts/Maps/outb3.lua	Access have been destroyed	"Game.ShowStatusText(""Access have been destroyed"")"	yes	reviewed_preserved_or_moved_display
Scripts/Maps/outb3.lua	You must prove your worth first	"Game.ShowStatusText(""You must prove your worth first"")"	yes	reviewed_preserved_or_moved_display
Scripts/Maps/oute3.lua	Antagarich	"evt.hint[1777]=""Antagarich"""	yes	reviewed_preserved_or_moved_display
Scripts/Maps/oute3.lua	Jadame	"evt.hint[1888]=""Jadame"""	yes	reviewed_preserved_or_moved_display
Scripts/Maps/znwc.lua	empty	"Game.ShowStatusText(""empty"")"	yes	reviewed_preserved_or_moved_display
Scripts/Modules/MawCore/Classes.lua	Icy Touch	"Game.SpellsTxt[26].Name=""Icy Touch"""	yes	reviewed_preserved_or_moved_display
Scripts/Modules/MawCore/Classes.lua	% of current weapon damage.	"Game.SpellsTxt[26].Description=""This spell is exclusive to Death Knights and deals damage equal to "" .. (mult26[1]*100) .. ""% of current weapon damage."""	yes	reviewed_preserved_or_moved_display
Scripts/Modules/MawCore/Classes.lua	This spell is exclusive to Death Knights and deals damage equal to 	"Game.SpellsTxt[26].Description=""This spell is exclusive to Death Knights and deals damage equal to "" .. (mult26[1]*100) .. ""% of current weapon damage."""	yes	reviewed_preserved_or_moved_display
Scripts/Modules/MawCore/Classes.lua	% of Melee damage	"Game.SpellsTxt[26].Normal=""Deals damage equal to "" .. (mult26[1]*100) .. ""% of Melee damage"""	yes	reviewed_preserved_or_moved_display
Scripts/Modules/MawCore/Classes.lua	Deals damage equal to 	"Game.SpellsTxt[26].Normal=""Deals damage equal to "" .. (mult26[1]*100) .. ""% of Melee damage"""	yes	reviewed_preserved_or_moved_display
Scripts/Modules/MawCore/Classes.lua	Monster slows by 1/2 of speed	"Game.SpellsTxt[26].Expert=""Monster slows by 1/2 of speed"""	yes	reviewed_preserved_or_moved_display
Scripts/Modules/MawCore/Classes.lua	Damage Increased to 	"Game.SpellsTxt[26].Master=""Damage Increased to "" .. (mult26[3]*100) .. ""%"""	yes	reviewed_preserved_or_moved_display
Scripts/Modules/MawCore/Classes.lua	Monster slows by 1/4 of speed	"Game.SpellsTxt[26].GM=""Monster slows by 1/4 of speed"""	yes	reviewed_preserved_or_moved_display
Scripts/Modules/MawCore/Classes.lua	Frostbite	"Game.SpellsTxt[29].Name=""Frostbite"""	yes	reviewed_preserved_or_moved_display
Scripts/Modules/MawCore/Classes.lua	% of current weapon damage.	"Game.SpellsTxt[29].Description=""This is the strongest single damage spell available to death knights and deals damage equal to "" .. (mult29[1]*100) .. ""% of current weapon damage."""	yes	reviewed_preserved_or_moved_display
Scripts/Modules/MawCore/Classes.lua	This is the strongest single damage spell available to death knights and deals damage equal to 	"Game.SpellsTxt[29].Description=""This is the strongest single damage spell available to death knights and deals damage equal to "" .. (mult29[1]*100) .. ""% of current weapon damage."""	yes	reviewed_preserved_or_moved_display
Scripts/Modules/MawCore/Classes.lua	% of Melee damage	"Game.SpellsTxt[29].Master=""Deals damage equal to "" .. (mult29[3]*100) .. ""% of Melee damage"""	yes	reviewed_preserved_or_moved_display
Scripts/Modules/MawCore/Classes.lua	Deals damage equal to 	"Game.SpellsTxt[29].Master=""Deals damage equal to "" .. (mult29[3]*100) .. ""% of Melee damage"""	yes	reviewed_preserved_or_moved_display
Scripts/Modules/MawCore/Classes.lua	% of Melee damage	"Game.SpellsTxt[29].GM=""Deals damage equal to "" .. (mult29[4]*100) .. ""% of Melee damage"""	yes	reviewed_preserved_or_moved_display
Scripts/Modules/MawCore/Classes.lua	Deals damage equal to 	"Game.SpellsTxt[29].GM=""Deals damage equal to "" .. (mult29[4]*100) .. ""% of Melee damage"""	yes	reviewed_preserved_or_moved_display
Scripts/Modules/MawCore/Classes.lua	Ice Bomb	"Game.SpellsTxt[32].Name=""Ice Bomb"""	yes	reviewed_preserved_or_moved_display
Scripts/Modules/MawCore/Classes.lua	% of current weapon damage.	"Game.SpellsTxt[32].Description=""Throw an ice bomb that shatters upon hitting something, most effective versus big foes or multiple enemies.\nDeals damage equal to "" .. (mult32[1]*100) .. ""% of current weapon damage."""	yes	reviewed_preserved_or_moved_display
Scripts/Modules/MawCore/Classes.lua	"Throw an ice bomb that shatters upon hitting something, most effective versus big foes or multiple enemies.
Deals damage equal to "	"Game.SpellsTxt[32].Description=""Throw an ice bomb that shatters upon hitting something, most effective versus big foes or multiple enemies.\nDeals damage equal to "" .. (mult32[1]*100) .. ""% of current weapon damage."""	yes	reviewed_preserved_or_moved_display
Scripts/Modules/MawCore/Classes.lua	% of Melee damage	"Game.SpellsTxt[32].GM=""Each hit deals damage equal to "" .. (mult32[4]*100) .. ""% of Melee damage"""	yes	reviewed_preserved_or_moved_display
Scripts/Modules/MawCore/Classes.lua	Each hit deals damage equal to 	"Game.SpellsTxt[32].GM=""Each hit deals damage equal to "" .. (mult32[4]*100) .. ""% of Melee damage"""	yes	reviewed_preserved_or_moved_display
Scripts/Modules/MawCore/Classes.lua	Blood Leech	"Game.SpellsTxt[68].Name=""Blood Leech"""	yes	reviewed_preserved_or_moved_display
Scripts/Modules/MawCore/Classes.lua	Activating this spell imbues the knight body with blood, leeching life upon attacking at the cost of 6 spell points.	"Game.SpellsTxt[68].Description=""Activating this spell imbues the knight body with blood, leeching life upon attacking at the cost of 6 spell points."""	yes	reviewed_preserved_or_moved_display
Scripts/Modules/MawCore/Classes.lua	Superior Blood Leech	"Game.SpellsTxt[74].Name=""Superior Blood Leech"""	yes	reviewed_preserved_or_moved_display
Scripts/Modules/MawCore/Classes.lua	Activating this spell imbues the knight essence with blood, leeching a superior amount of life upon attacking at the cost of 12 spell points.	"Game.SpellsTxt[74].Description=""Activating this spell imbues the knight essence with blood, leeching a superior amount of life upon attacking at the cost of 12 spell points."""	yes	reviewed_preserved_or_moved_display
Scripts/Modules/MawCore/Classes.lua	Asphyxiate	"Game.SpellsTxt[76].Name=""Asphyxiate"""	yes	reviewed_preserved_or_moved_display
Scripts/Modules/MawCore/Classes.lua	% and making him unable to act for 4 seconds	"Game.SpellsTxt[76].Description=""Asphyxiate the target deal damage equal to "" .. (mult76[3]*100) .. ""% and making him unable to act for 4 seconds"""	yes	reviewed_preserved_or_moved_display
Scripts/Modules/MawCore/Classes.lua	Asphyxiate the target deal damage equal to 	"Game.SpellsTxt[76].Description=""Asphyxiate the target deal damage equal to "" .. (mult76[3]*100) .. ""% and making him unable to act for 4 seconds"""	yes	reviewed_preserved_or_moved_display
Scripts/Modules/MawCore/Classes.lua	No additional effects	"Game.SpellsTxt[76].Master=""No additional effects"""	yes	reviewed_preserved_or_moved_display
Scripts/Modules/MawCore/Classes.lua	Damage increased to 	"Game.SpellsTxt[76].GM=""Damage increased to "" .. (mult76[4]*100) .. ""%"""	yes	reviewed_preserved_or_moved_display
Scripts/Modules/MawCore/Classes.lua	Death Coil	"Game.SpellsTxt[90].Name=""Death Coil"""	yes	reviewed_preserved_or_moved_display
Scripts/Modules/MawCore/Classes.lua	% of the base weapon damage	"Game.SpellsTxt[90].Description=""A deadly spell capable to heal the caster upon hitting the target by an amount equal to double the Life leech enchant. Deals damage equal to "" .. (mult90[1]*100) .. ""% of the base weapon damage"""	yes	reviewed_preserved_or_moved_display
Scripts/Modules/MawCore/Classes.lua	A deadly spell capable to heal the caster upon hitting the target by an amount equal to double the Life leech enchant. Deals damage equal to 	"Game.SpellsTxt[90].Description=""A deadly spell capable to heal the caster upon hitting the target by an amount equal to double the Life leech enchant. Deals damage equal to "" .. (mult90[1]*100) .. ""% of the base weapon damage"""	yes	reviewed_preserved_or_moved_display
Scripts/Modules/MawCore/Classes.lua	N/A	"Game.SpellsTxt[90].Normal=""N/A"""	yes	reviewed_preserved_or_moved_display
Scripts/Modules/MawCore/Classes.lua	Deals damage equal to 	"Game.SpellsTxt[90].Expert=""Deals damage equal to "" .. (mult90[2]*100) .. ""%"""	yes	reviewed_preserved_or_moved_display
Scripts/Modules/MawCore/Classes.lua	Leech amount increased by 50%	"Game.SpellsTxt[90].Master=""Leech amount increased by 50%"""	yes	reviewed_preserved_or_moved_display
Scripts/Modules/MawCore/Classes.lua	Damage increased to 	"Game.SpellsTxt[90].GM=""Damage increased to "" .. (mult90[4]*100) .. ""%"""	yes	reviewed_preserved_or_moved_display
Scripts/Modules/MawCore/Classes.lua	Death Grasp	"Game.SpellsTxt[96].Name=""Death Grasp"""	yes	reviewed_preserved_or_moved_display
Scripts/Modules/MawCore/Classes.lua	No additional effects	"Game.SpellsTxt[96].Master=""No additional effects"""	yes	reviewed_preserved_or_moved_display
Scripts/Modules/MawCore/Classes.lua	Death Breath	"Game.SpellsTxt[97].Name=""Death Breath"""	yes	reviewed_preserved_or_moved_display
Scripts/Modules/MawCore/Classes.lua	% of weapon damage	"Game.SpellsTxt[97].Description=""A lethal explosion dealing huge damage to all monsters in the area. Can be used safely also in close combat.\nDeals damage equal to "" .. (mult97[1]*100) .. ""% of weapon damage"""	yes	reviewed_preserved_or_moved_display
Scripts/Modules/MawCore/Classes.lua	"A lethal explosion dealing huge damage to all monsters in the area. Can be used safely also in close combat.
Deals damage equal to "	"Game.SpellsTxt[97].Description=""A lethal explosion dealing huge damage to all monsters in the area. Can be used safely also in close combat.\nDeals damage equal to "" .. (mult97[1]*100) .. ""% of weapon damage"""	yes	reviewed_preserved_or_moved_display
Scripts/Modules/MawCore/Classes.lua	This spell is as good as it will ever be!	"Game.SpellsTxt[97].GM=""This spell is as good as it will ever be!"""	yes	reviewed_preserved_or_moved_display
Scripts/Modules/MawCore/Classes.lua	Frost	"Skillz.setName(14, ""Frost"")"	yes	reviewed_preserved_or_moved_display
Scripts/Modules/MawCore/Classes.lua	Blood	"Skillz.setName(18, ""Blood"")"	yes	reviewed_preserved_or_moved_display
Scripts/Modules/MawCore/Classes.lua	Unholy	"Skillz.setName(20, ""Unholy"")"	yes	reviewed_preserved_or_moved_display
Scripts/Modules/MawCore/Classes.lua	Water Magic	"Skillz.setName(14, ""Water Magic"")"	yes	reviewed_preserved_or_moved_display
Scripts/Modules/MawCore/Classes.lua	Body Magic	"Skillz.setName(18, ""Body Magic"")"	yes	reviewed_preserved_or_moved_display
Scripts/Modules/MawCore/Classes.lua	Dark Magic	"Skillz.setName(20, ""Dark Magic"")"	yes	reviewed_preserved_or_moved_display
Scripts/Modules/MawCore/Classes.lua	Combat	"Skillz.setName(12, ""Combat"")"	yes	reviewed_preserved_or_moved_display
Scripts/Modules/MawCore/Classes.lua	Subtlety	"Skillz.setName(13, ""Subtlety"")"	yes	reviewed_preserved_or_moved_display
Scripts/Modules/MawCore/Classes.lua	Poisons	"Skillz.setName(14, ""Poisons"")"	yes	reviewed_preserved_or_moved_display
Scripts/Modules/MawCore/Classes.lua	Assassination	"Skillz.setName(15, ""Assassination"")"	yes	reviewed_preserved_or_moved_display
Scripts/Modules/MawCore/Classes.lua	Fires a ball of fire at a single target. When it hits, the ball explodes damaging all those nearby, including your characters if they're too close.  Fireball does %s%% of a melee attack damage.	"Game.SpellsTxt[6].Description=string.format(""Fires a ball of fire at a single target. When it hits, the ball explodes damaging all those nearby, including your characters if they're too close.  Fireball does %s%% of a melee attack damage."",assassinSpells[6].DamageMult*100)"	yes	reviewed_preserved_or_moved_display
Scripts/Modules/MawCore/Classes.lua	Drops a Fire Spike on the ground that waits for a creature to get near it before exploding.  Fire Spikes last until you leave the map or they are triggered. Fire Spike does %s%% of a melee attack damage.	"Game.SpellsTxt[7].Description=string.format(""Drops a Fire Spike on the ground that waits for a creature to get near it before exploding.  Fire Spikes last until you leave the map or they are triggered. Fire Spike does %s%% of a melee attack damage."",assassinSpells[7].DamageMult*100)"	yes	reviewed_preserved_or_moved_display
Scripts/Modules/MawCore/Classes.lua	"Lightning Bolt discharges electricity from the caster's hand to a single target.  It always hits and does %s%% of a melee attack damage.

The spell then arcs to a second target, hitting it as well."	"Game.SpellsTxt[18].Description=string.format(""Lightning Bolt discharges electricity from the caster's hand to a single target.  It always hits and does %s%% of a melee attack damage.\n\nThe spell then arcs to a second target, hitting it as well."",assassinSpells[18].DamageMult*100)"	yes	reviewed_preserved_or_moved_display
Scripts/Modules/MawCore/Classes.lua	Sprays poison at monsters directly in front of your characters.  Damage is low, but few monsters have resistance to Water Magic, so it usually works.  Each shot does %s%% of a melee attack damage.	"Game.SpellsTxt[24].Description=string.format(""Sprays poison at monsters directly in front of your characters.  Damage is low, but few monsters have resistance to Water Magic, so it usually works.  Each shot does %s%% of a melee attack damage."",assassinSpells[24].DamageMult*100)"	yes	reviewed_preserved_or_moved_display
Scripts/Modules/MawCore/Classes.lua	Acid burst squirts a jet of extremely caustic acid at a single victim.  It always hits and does %s%% of a melee attack damage.	"Game.SpellsTxt[29].Description=string.format(""Acid burst squirts a jet of extremely caustic acid at a single victim.  It always hits and does %s%% of a melee attack damage."",assassinSpells[29].DamageMult*100)"	yes	reviewed_preserved_or_moved_display
Scripts/Modules/MawCore/Classes.lua	Slaps a monster with magical force, forcing it to recover from the stun spell before it can do anything else.  Stun also knocks monsters back a little, giving you a chance to get away while the getting is good.  The greater your skill in Earth Magic, the greater the effect of the spell. Stun does %s%% of a melee attack damage.	"Game.SpellsTxt[34].Description=string.format(""Slaps a monster with magical force, forcing it to recover from the stun spell before it can do anything else.  Stun also knocks monsters back a little, giving you a chance to get away while the getting is good.  The greater your skill in Earth Magic, the greater the effect of the spell. Stun does %s%% of a melee attack damage."",assassinSpells[34].DamageMult*100)"	yes	reviewed_preserved_or_moved_display
Scripts/Modules/MawCore/Classes.lua	"Fires a rotating, razor-thin metal blade at a single monster.  The blade does %s%% of a melee attack damage.

Blades is the only spell capable to deal Physical damage."	"Game.SpellsTxt[39].Description=string.format(""Fires a rotating, razor-thin metal blade at a single monster.  The blade does %s%% of a melee attack damage.\n\nBlades is the only spell capable to deal Physical damage."",assassinSpells[39].DamageMult*100)"	yes	reviewed_preserved_or_moved_display
Scripts/Modules/MawCore/Classes.lua	Increases the weight of a single target enormously for an instant, causing internal damage equal to %s%% of a melee attack damage.	"Game.SpellsTxt[44].Description=string.format(""Increases the weight of a single target enormously for an instant, causing internal damage equal to %s%% of a melee attack damage."",assassinSpells[44].DamageMult*100)"	yes	reviewed_preserved_or_moved_display
Scripts/Modules/MawCore/Classes.lua	Spell hits up to 2 times	"Game.SpellsTxt[18].Expert=""Spell hits up to 2 times"""	yes	reviewed_preserved_or_moved_display
Scripts/Modules/MawCore/Classes.lua	Spell hits up to 3 times	"Game.SpellsTxt[18].Master=""Spell hits up to 3 times"""	yes	reviewed_preserved_or_moved_display
Scripts/Modules/MawCore/Classes.lua	Spell hits up to 4 times	"Game.SpellsTxt[18].GM=""Spell hits up to 4 times"""	yes	reviewed_preserved_or_moved_display
Scripts/Modules/MawCore/Classes.lua	"

This Ability requires "	"Game.SpellsTxt[key].Description=Game.SpellsTxt[key].Description .. ""\n\nThis Ability requires "" .. assassinSpells[key].StackCost .. "" Combo Points to be casted."""	yes	reviewed_preserved_or_moved_display
Scripts/Modules/MawCore/Classes.lua	 Combo Points to be casted.	"Game.SpellsTxt[key].Description=Game.SpellsTxt[key].Description .. ""\n\nThis Ability requires "" .. assassinSpells[key].StackCost .. "" Combo Points to be casted."""	yes	reviewed_preserved_or_moved_display
Scripts/Modules/MawCore/Classes.lua	Fire Magic	"Skillz.setName(12, ""Fire Magic"")"	yes	reviewed_preserved_or_moved_display
Scripts/Modules/MawCore/Classes.lua	Air Magic	"Skillz.setName(13, ""Air Magic"")"	yes	reviewed_preserved_or_moved_display
Scripts/Modules/MawCore/Classes.lua	Water Magic	"Skillz.setName(14, ""Water Magic"")"	yes	reviewed_preserved_or_moved_display
Scripts/Modules/MawCore/Classes.lua	Earth Magic	"Skillz.setName(15, ""Earth Magic"")"	yes	reviewed_preserved_or_moved_display
Scripts/Modules/MawCore/Classes.lua	Elementalists learn their spells through practice	"Game.ShowStatusText(""Elementalists learn their spells through practice"")"	yes	reviewed_preserved_or_moved_display
Scripts/Modules/MawCore/Classes.lua	 on attack disabled	"Game.ShowStatusText(Game.SpellsTxt[t.Param].Name .. "" on attack disabled"")"	yes	reviewed_preserved_or_moved_display
Scripts/Modules/MawCore/Classes.lua	 on attack activated	"Game.ShowStatusText(Game.SpellsTxt[t.Param].Name .. "" on attack activated"")"	yes	reviewed_preserved_or_moved_display
Scripts/Modules/MawCore/Classes.lua	 on attack disabled	"Game.ShowStatusText(Game.SpellsTxt[pl.QuickSpell].Name .. "" on attack disabled"")"	yes	reviewed_preserved_or_moved_display
Scripts/Modules/MawCore/Classes.lua	 on attack activated	"Game.ShowStatusText(Game.SpellsTxt[pl.QuickSpell].Name .. "" on attack activated"")"	yes	reviewed_preserved_or_moved_display
Scripts/Modules/MawCore/Damage.lua	Learned 	"Message(""Learned "" .. Game.SpellsTxt[spell2].Name)"	yes	reviewed_preserved_or_moved_display
Scripts/Modules/MawCore/Damage.lua	*Swap*	"Game.ShowStatusText(""*Swap*"")"	yes	reviewed_preserved_or_moved_display
Scripts/Modules/MawCore/Damage.lua	(CRIT!)	"critMessage=StrColor(255,255,30,""(CRIT!)"")"	yes	reviewed_preserved_or_moved_display
Scripts/Modules/MawCore/Damage.lua	%s shoots %s for %s points!%s	"msg=string.format(""%s shoots %s for %s points!%s"", name, monName, msgTxt, critMessage)"	yes	reviewed_preserved_or_moved_display
Scripts/Modules/MawCore/Damage.lua	%s hits %s for %s points!%s	"msg=string.format(""%s hits %s for %s points!%s"", name, monName, msgTxt, critMessage)"	yes	reviewed_preserved_or_moved_display
Scripts/Modules/MawCore/Damage.lua	%s inflicts %s points killing %s!%s	"msg=string.format(""%s inflicts %s points killing %s!%s"", name, msgTxt, monName, critMessage)"	yes	reviewed_preserved_or_moved_display
Scripts/Modules/MawCore/Damage.lua	%s hits for a total of %s points!%s	"msg=string.format(""%s hits for a total of %s points!%s"", name, msgTxt, critMessage)"	yes	reviewed_preserved_or_moved_display
Scripts/Modules/MawCore/Damage.lua	*Swap*	"Game.ShowStatusText(""*Swap*"")"	yes	reviewed_preserved_or_moved_display
Scripts/Modules/MawCore/Damage.lua	*Swap*	"Game.ShowStatusText(""*Swap*"")"	yes	reviewed_preserved_or_moved_display
Scripts/Modules/MawCore/Damage.lua	Legendary power saves you from lethal damage	"Game.ShowStatusText(""Legendary power saves you from lethal damage"")"	yes	reviewed_preserved_or_moved_display
Scripts/Modules/MawCore/Damage.lua	Divine Protection saves you from lethal damage	"Game.ShowStatusText(""Divine Protection saves you from lethal damage"")"	yes	reviewed_preserved_or_moved_display
Scripts/Modules/MawCore/Damage.lua	Disintegrated	"Game.ShowStatusText(""Disintegrated"")"	yes	reviewed_preserved_or_moved_display
Scripts/Modules/MawCore/SkillTooltip.lua	Novice	"SkillTooltip.masteryNames = {"""", ""Novice"", ""Expert"", ""Master"", ""Grand"","	yes	reviewed_preserved_or_moved_display
Scripts/Modules/MawCore/SkillTooltip.lua	"

Melee Life Leech vs equal level: %s
Next Level Bonus: %s
(lower against higher level monsters)"	"txt = txt .. string.format(""\n\nMelee Life Leech vs equal level: %s\nNext Level Bonus: %s\n(lower against higher level monsters)"","	yes	reviewed_preserved_or_moved_display
Scripts/Modules/MawCore/SkillTooltip.lua	"%s

Current bonuses at skill %s:
- Damage base: %s
- Damage scaling: %s

- Healing base: %s
- Healing scaling: %s

- Mana cost: %s
- Cast time: %s
"	"return string.format(""%s\n\nCurrent bonuses at skill %s:\n- Damage base: %s\n- Damage scaling: %s\n\n- Healing base: %s\n- Healing scaling: %s\n\n- Mana cost: %s\n- Cast time: %s\n"","	yes	reviewed_preserved_or_moved_display
Scripts/Modules/MawCore/SkillTooltip.lua	"%s
	070Each spear attack makes the target take %s%% more physical damage, stacking until it dies
Increased by 50%% with Halberds"	"return string.format(""%s\n\t070Each spear attack makes the target take %s%% more physical damage, stacking until it dies\nIncreased by 50%% with Halberds"", baseSpearTooltip, damageIncrease)"	yes	reviewed_preserved_or_moved_display
Scripts/Modules/MawCore/SkillTooltip.lua	"Shield skill provides great defense against both physical and magical attacks.

Shield Skill boosts the AC and Resistances gained from your Shield  by a percent amount."	"[8] = ""Shield skill provides great defense against both physical and magical attacks.\n\nShield Skill boosts the AC and Resistances gained from your Shield  by a percent amount."","	yes	reviewed_preserved_or_moved_display
Scripts/Modules/MawCore/SkillTooltip.lua	"Leather armor is the lightest armor a character can wear.  While leather provides less protection than chain or plate armor, it also slows your character down the least.

Leather Armor Skill boosts the AC and Resistances gained by ALL armors when equipping a Leather Armor by a percent amount."	"[9] = ""Leather armor is the lightest armor a character can wear.  While leather provides less protection than chain or plate armor, it also slows your character down the least.\n\nLeather Armor Skill boosts the AC and Resistances gained by ALL armors when equipping a Leather Armor by a percent amount."","	yes	reviewed_preserved_or_moved_display
Scripts/Modules/MawCore/SkillTooltip.lua	"Chain armor is the medium armor type.  It provides more protection than leather and less than plate, but it also slows your character down more than leather.

Chain Armor Skill boosts the AC and Resistances gained by ALL armors when equipping a Chain Armor by a percent amount."	"[10] = ""Chain armor is the medium armor type.  It provides more protection than leather and less than plate, but it also slows your character down more than leather.\n\nChain Armor Skill boosts the AC and Resistances gained by ALL armors when equipping a Chain Armor by a percent amount."","	yes	reviewed_preserved_or_moved_display
Scripts/Modules/MawCore/SkillTooltip.lua	"Plate armor is the heaviest armor type.  It provides the most protection, but it slows your character down more than leather or chain.

Plate Armor Skill boosts the AC and Resistances gained by ALL armors when equipping a Plate Armor by a percent amount."	"[11] = ""Plate armor is the heaviest armor type.  It provides the most protection, but it slows your character down more than leather or chain.\n\nPlate Armor Skill boosts the AC and Resistances gained by ALL armors when equipping a Plate Armor by a percent amount."","	yes	reviewed_preserved_or_moved_display
Scripts/Modules/MawCore/SkillTooltip.lua	% off its damage -- and Retaliation answers it all the same.	".. cut .. ""% off its damage -- and Retaliation answers it all the same."")"	yes	reviewed_preserved_or_moved_display
Scripts/Modules/MawCore/SkillTooltip.lua	"Cover Skill is a defensive prowess enabling a character to shield allies by intercepting incoming damage. This ability strategically positions the user as the primary target of enemy onslaughts, thereby protecting teammates who are more susceptible to damage.

If available, Expert, Master and Grandmaster is learned at skill "	"return ""Cover Skill is a defensive prowess enabling a character to shield allies by intercepting incoming damage. This ability strategically positions the user as the primary target of enemy onslaughts, thereby protecting teammates who are more susceptible to damage.\n\nIf available, Expert, Master and Grandmaster is learned at skill """	yes	reviewed_preserved_or_moved_display
Scripts/Modules/MawCore/SkillTooltip.lua	".

Grants 10 plus 1% chance per skill point to Cover, up to 40%, however, something might happen once at max level....

Current cover chance: "	".. "".\n\nGrants 10 plus 1% chance per skill point to Cover, up to 40%, however, something might happen once at max level....\n\nCurrent cover chance: "" .. chance .. ""%"""	yes	reviewed_preserved_or_moved_display
Scripts/Modules/MawCore/SkillTooltip.lua	"

Press P to enable/disable
"	".. solo .. ""\n\nPress P to enable/disable\n"""	yes	reviewed_preserved_or_moved_display
Scripts/Modules/MawCore/SkillTooltip.lua	"Mana shield consume mana to reduce damage when an hit would take you below a certain threshold.

If available, Expert, Master and Grandmaster is learned at skill "	"return ""Mana shield consume mana to reduce damage when an hit would take you below a certain threshold.\n\nIf available, Expert, Master and Grandmaster is learned at skill """	yes	reviewed_preserved_or_moved_display
Scripts/Modules/MawCore/SkillTooltip.lua	".

Mastery increase its mana efficience, which stops growing past skill "	".. "".\n\nMastery increase its mana efficience, which stops growing past skill """	yes	reviewed_preserved_or_moved_display
Scripts/Modules/MawCore/SkillTooltip.lua	Chance to Stun vs level 	"txt = txt .. ""Chance to Stun vs level "" .. refLvl .. "": "" .. chance .. ""%"""	yes	reviewed_preserved_or_moved_display
Scripts/Modules/MawCore/SkillTooltip.lua	Chance to Paralyze vs level 	"txt = txt .. ""Chance to Paralyze vs level "" .. refLvl .. "": "" .. chance .. ""%"""	yes	reviewed_preserved_or_moved_display
Scripts/Modules/MawCore/SkillTooltip.lua	"
Knights can learn up to a Supreme level, which is learned automatically at skill level "	"return Skillz.getDesc(35, 1) .. ""\nKnights can learn up to a Supreme level, which is learned automatically at skill level "" .. requirement .. "".\n"""	yes	reviewed_preserved_or_moved_display
Scripts/Modules/MawCore/SkillTooltip.lua	Effects vary per spell	"local EV=""Effects vary per spell"""	yes	reviewed_preserved_or_moved_display
Scripts/Modules/MawCore/SkillTooltip.lua	"

Every 7 Skill level adds 1 level into ascension.
"	"local ASC=""\n\nEvery 7 Skill level adds 1 level into ascension.\n"""	yes	reviewed_preserved_or_moved_display
Scripts/Modules/MawCore/SkillTooltip.lua	% of monster Hit points as fire damage.	"return MawSchoolDescBase[12] .. ASC .. ""Melee attacks deal an extra "" .. m1/10 .. ""% of monster Hit points as fire damage."""	yes	reviewed_preserved_or_moved_display
Scripts/Modules/MawCore/SkillTooltip.lua	Melee attacks deal an extra 	"return MawSchoolDescBase[12] .. ASC .. ""Melee attacks deal an extra "" .. m1/10 .. ""% of monster Hit points as fire damage."""	yes	reviewed_preserved_or_moved_display
Scripts/Modules/MawCore/SkillTooltip.lua	Reduce all damage taken by 	"return MawSchoolDescBase[13] .. ASC .. ""Reduce all damage taken by "" .. airReduction .. ""%\n"""	yes	reviewed_preserved_or_moved_display
Scripts/Modules/MawCore/SkillTooltip.lua	"(calculated after resistances)
"	"return MawSchoolDescBase[14] .. ASC .. ""Reduce all damage taken by "" .. waterReduction .. ""(calculated after resistances)\n"""	yes	reviewed_preserved_or_moved_display
Scripts/Modules/MawCore/SkillTooltip.lua	Reduce all damage taken by 	"return MawSchoolDescBase[14] .. ASC .. ""Reduce all damage taken by "" .. waterReduction .. ""(calculated after resistances)\n"""	yes	reviewed_preserved_or_moved_display
Scripts/Modules/MawCore/SkillTooltip.lua	"Increases melee damage 0.5-1-1.5-2 (at N-E-M-GM) per Earth Magic Level
"	"[15]={[1]=MawSchoolDescBase[15] .. ASC .. ""Increases melee damage 0.5-1-1.5-2 (at N-E-M-GM) per Earth Magic Level\n""},"	yes	reviewed_preserved_or_moved_display
Scripts/Modules/MawCore/SkillTooltip.lua	Increases melee damage by 	"return MawSchoolDescBase[16] .. ASC .. ""Increases melee damage by "" .. m5 .. ""%\n"""	yes	reviewed_preserved_or_moved_display
Scripts/Modules/MawCore/SkillTooltip.lua	" Spell Points
"	"return MawSchoolDescBase[17] .. ASC .. ""Melee attacks restore "" .. spLeech .. "" Spell Points\n"""	yes	reviewed_preserved_or_moved_display
Scripts/Modules/MawCore/SkillTooltip.lua	Melee attacks restore 	"return MawSchoolDescBase[17] .. ASC .. ""Melee attacks restore "" .. spLeech .. "" Spell Points\n"""	yes	reviewed_preserved_or_moved_display
Scripts/Modules/MawCore/SkillTooltip.lua	" Hit Points
"	"return MawSchoolDescBase[18] .. ASC .. ""Melee attacks restore "" .. leech .. "" Hit Points\n"""	yes	reviewed_preserved_or_moved_display
Scripts/Modules/MawCore/SkillTooltip.lua	Melee attacks restore 	"return MawSchoolDescBase[18] .. ASC .. ""Melee attacks restore "" .. leech .. "" Hit Points\n"""	yes	reviewed_preserved_or_moved_display
Scripts/Modules/MawCore/SkillTooltip.lua	This skill is only available to death knights and increases damage by 	"return ""This skill is only available to death knights and increases damage by """	yes	reviewed_preserved_or_moved_display
Scripts/Modules/MawCore/SkillTooltip.lua	 per skill point (at Novice, Expert, Master; Grand Master adds nothing)	".. dkDamageRow() .. "" per skill point (at Novice, Expert, Master; Grand Master adds nothing)"""	yes	reviewed_preserved_or_moved_display
Scripts/Modules/MawCore/SkillTooltip.lua	" and increases attack speed by 1% per skill point.
"	".. "" and increases attack speed by 1% per skill point.\n"""	yes	reviewed_preserved_or_moved_display
Scripts/Modules/MawCore/SkillTooltip.lua	"This skill is only available to death knights and reduces physical damage taken.
"	"return ""This skill is only available to death knights and reduces physical damage taken.\n"""	yes	reviewed_preserved_or_moved_display
Scripts/Modules/MawCore/SkillTooltip.lua	Current Reduction: 	".. ""Current Reduction: "" .. Formulas.reductionPercent(bloodS) ..""%\n\n"""	yes	reviewed_preserved_or_moved_display
Scripts/Modules/MawCore/SkillTooltip.lua	% of the physical damage you deal (	".. ""Your attacks also leech "" .. blood .. ""% of the physical damage you deal ("""	yes	reviewed_preserved_or_moved_display
Scripts/Modules/MawCore/SkillTooltip.lua	Your attacks also leech 	".. ""Your attacks also leech "" .. blood .. ""% of the physical damage you deal ("""	yes	reviewed_preserved_or_moved_display
Scripts/Modules/MawCore/SkillTooltip.lua	"% with a bow). This stacks with a weapon's vampiric enchant.
"	".. blood/2 .. ""% with a bow). This stacks with a weapon's vampiric enchant.\n"""	yes	reviewed_preserved_or_moved_display
Scripts/Modules/MawCore/SkillTooltip.lua	This skill is only available to death knights and increases damage by 	"return ""This skill is only available to death knights and increases damage by """	yes	reviewed_preserved_or_moved_display
Scripts/Modules/MawCore/SkillTooltip.lua	 per skill point (at Novice, Expert, Master; Grand Master adds nothing)	".. dkDamageRow() .. "" per skill point (at Novice, Expert, Master; Grand Master adds nothing)"""	yes	reviewed_preserved_or_moved_display
Scripts/Modules/MawCore/SkillTooltip.lua	" and reduces magical damage taken.
"	".. "" and reduces magical damage taken.\n"""	yes	reviewed_preserved_or_moved_display
Scripts/Modules/MawCore/SkillTooltip.lua	Current Reduction: 	".. ""Current Reduction: "" .. Formulas.reductionPercent(unholyS) ..""%\n"""	yes	reviewed_preserved_or_moved_display
Scripts/Modules/MawCore/SkillTooltip.lua	Increases damage by 1 per Skill point	"[2]=""Increases damage by 1 per Skill point"","	yes	reviewed_preserved_or_moved_display
Scripts/Modules/MawCore/SkillTooltip.lua	Increases damage by 1.5 per Skill point	"[3]=""Increases damage by 1.5 per Skill point"","	yes	reviewed_preserved_or_moved_display
Scripts/Modules/MawCore/SkillTooltip.lua	Increases damage by 2 per Skill point	"[4]=""Increases damage by 2 per Skill point"","	yes	reviewed_preserved_or_moved_display
Scripts/Modules/MawCore/SkillTooltip.lua	Melee attacks heal on hit	"[2]=""Melee attacks heal on hit"","	yes	reviewed_preserved_or_moved_display
Scripts/Modules/MawCore/SkillTooltip.lua	Double healing effect	"[3]=""Double healing effect"","	yes	reviewed_preserved_or_moved_display
Scripts/Modules/MawCore/SkillTooltip.lua	Triple healing effect	"[4]=""Triple healing effect"","	yes	reviewed_preserved_or_moved_display
Scripts/Modules/MawCore/SkillTooltip.lua	Increased Attack speed by 0.5% per Skill	"[2]=""Increased Attack speed by 0.5% per Skill"","	yes	reviewed_preserved_or_moved_display
Scripts/Modules/MawCore/SkillTooltip.lua	Increased Attack speed by 1% per Skill	"[3]=""Increased Attack speed by 1% per Skill"","	yes	reviewed_preserved_or_moved_display
Scripts/Modules/MawCore/SkillTooltip.lua	Increased Attack speed by 1.5% per Skill	"[4]=""Increased Attack speed by 1.5% per Skill"","	yes	reviewed_preserved_or_moved_display
Scripts/Modules/MawCore/SkillTooltip.lua	Increased Attack speed by 2% per Skill	"[5]=""Increased Attack speed by 2% per Skill""},"	yes	reviewed_preserved_or_moved_display
Scripts/Modules/MawCore/SkillTooltip.lua	Enabled	"local enableDisableText = StrColor(0,255,0, ""Enabled"")"	yes	reviewed_preserved_or_moved_display
Scripts/Modules/MawCore/SkillTooltip.lua	Disabled	"enableDisableText = StrColor(255,0,0, ""Disabled"")"	yes	reviewed_preserved_or_moved_display
Scripts/Modules/MawCore/SkillTooltip.lua	"Elementalist offensive spells, when casted randomly, grant elementalist stacks, which increase spell damage, speed and cost.
Press R to enable/disable random rotation.
Currently "	"local rotationText = StrColor(0,0,0,""Elementalist offensive spells, when casted randomly, grant elementalist stacks, which increase spell damage, speed and cost.\nPress R to enable/disable random rotation.\nCurrently "") .. enableDisableText .. ""\n\n"""	yes	reviewed_preserved_or_moved_display
Scripts/Modules/MawCore/SkillTooltip.lua	"Elementalists learn new spells with practice instead of books.

Progress toward learning "	"return EV .. "" \n\n"" .. rotationText .. ""Elementalists learn new spells with practice instead of books.\n\nProgress toward learning "" .. Game.SpellsTxt[(id-12)*11+currentTier+1].Name .. "": "" .. percentageProgression ..""%"""	yes	reviewed_preserved_or_moved_display
Scripts/Modules/MawCore/SkillTooltip.lua	"Elementalists learn new spells with practice instead of books.

All the available spells of this school have been learned."	"return EV .. "" \n\n"" .. rotationText .. ""Elementalists learn new spells with practice instead of books.\n\nAll the available spells of this school have been learned."""	yes	reviewed_preserved_or_moved_display
Scripts/Modules/MawCore/SkillTooltip.lua	"Combat is the skill that allows you to endure prolonged fights by enhancing your energy recovery.

Each attack has a base 10% chance, plus 1% per skill point, to restore 15 energy.

"	"[12]={[1]=""Combat is the skill that allows you to endure prolonged fights by enhancing your energy recovery.\n\nEach attack has a base 10% chance, plus 1% per skill point, to restore 15 energy.\n\n"","	yes	reviewed_preserved_or_moved_display
Scripts/Modules/MawCore/SkillTooltip.lua	Melee attack costs 30 energy	"[2]=""Melee attack costs 45 energy"",[3]=""Melee attack costs 40 energy"",[4]=""Melee attack costs 35 energy"",[5]=""Melee attack costs 30 energy""},"	yes	reviewed_preserved_or_moved_display
Scripts/Modules/MawCore/SkillTooltip.lua	Melee attack costs 35 energy	"[2]=""Melee attack costs 45 energy"",[3]=""Melee attack costs 40 energy"",[4]=""Melee attack costs 35 energy"",[5]=""Melee attack costs 30 energy""},"	yes	reviewed_preserved_or_moved_display
Scripts/Modules/MawCore/SkillTooltip.lua	Melee attack costs 40 energy	"[2]=""Melee attack costs 45 energy"",[3]=""Melee attack costs 40 energy"",[4]=""Melee attack costs 35 energy"",[5]=""Melee attack costs 30 energy""},"	yes	reviewed_preserved_or_moved_display
Scripts/Modules/MawCore/SkillTooltip.lua	Melee attack costs 45 energy	"[2]=""Melee attack costs 45 energy"",[3]=""Melee attack costs 40 energy"",[4]=""Melee attack costs 35 energy"",[5]=""Melee attack costs 30 energy""},"	yes	reviewed_preserved_or_moved_display
Scripts/Modules/MawCore/SkillTooltip.lua	"Subtlety manipulates the boundary between life and death, granting you energy upon killing enemies and increasing your speed.

Energy consuming attack grants 1 stack, which increase your attack speed by 0.5% per skill point in Subtlety. Stacks up to 5 times.

"	"[13]={[1]=""Subtlety manipulates the boundary between life and death, granting you energy upon killing enemies and increasing your speed.\n\nEnergy consuming attack grants 1 stack, which increase your attack speed by 0.5% per skill point in Subtlety. Stacks up to 5 times.\n\n"","	yes	reviewed_preserved_or_moved_display
Scripts/Modules/MawCore/SkillTooltip.lua	Killing a monster restores 10 energy	"[2]=""Killing a monster restores 10 energy"",[3]=""Killing a monster restores 15 energy"",[4]=""Killing a monster restores 20 energy"",[5]=""Killing a monster restores 25 energy""},"	yes	reviewed_preserved_or_moved_display
Scripts/Modules/MawCore/SkillTooltip.lua	Killing a monster restores 15 energy	"[2]=""Killing a monster restores 10 energy"",[3]=""Killing a monster restores 15 energy"",[4]=""Killing a monster restores 20 energy"",[5]=""Killing a monster restores 25 energy""},"	yes	reviewed_preserved_or_moved_display
Scripts/Modules/MawCore/SkillTooltip.lua	Killing a monster restores 20 energy	"[2]=""Killing a monster restores 10 energy"",[3]=""Killing a monster restores 15 energy"",[4]=""Killing a monster restores 20 energy"",[5]=""Killing a monster restores 25 energy""},"	yes	reviewed_preserved_or_moved_display
Scripts/Modules/MawCore/SkillTooltip.lua	Killing a monster restores 25 energy	"[2]=""Killing a monster restores 10 energy"",[3]=""Killing a monster restores 15 energy"",[4]=""Killing a monster restores 20 energy"",[5]=""Killing a monster restores 25 energy""},"	yes	reviewed_preserved_or_moved_display
Scripts/Modules/MawCore/SkillTooltip.lua	"Poisoning is the art of mastering toxins through self-experimentation, transforming suffering into vitality. Higher skill levels increase your energy regeneration.

Each attack deals bonus water damage equal to 0.1% of the target's HP per skill point.

"	"[14]={[1]=""Poisoning is the art of mastering toxins through self-experimentation, transforming suffering into vitality. Higher skill levels increase your energy regeneration.\n\nEach attack deals bonus water damage equal to 0.1% of the target's HP per skill point.\n\n"","	yes	reviewed_preserved_or_moved_display
Scripts/Modules/MawCore/SkillTooltip.lua	 energy per second	"[2]=""You regenerate "" .. Formulas.assassinEnergyPerSec(1) .. "" energy per second"",[3]=""You regenerate "" .. Formulas.assassinEnergyPerSec(2) .. "" energy per second"",[4]=""You regenerate "" .. Formulas.assassinEnergyPerSec(3) .. "" energy per second"",[5]=""You regenerate "" .. Formulas.assassinEnergyPerSec(4) .. "" energy per second""},"	yes	reviewed_preserved_or_moved_display
Scripts/Modules/MawCore/SkillTooltip.lua	 energy per second	"[2]=""You regenerate "" .. Formulas.assassinEnergyPerSec(1) .. "" energy per second"",[3]=""You regenerate "" .. Formulas.assassinEnergyPerSec(2) .. "" energy per second"",[4]=""You regenerate "" .. Formulas.assassinEnergyPerSec(3) .. "" energy per second"",[5]=""You regenerate "" .. Formulas.assassinEnergyPerSec(4) .. "" energy per second""},"	yes	reviewed_preserved_or_moved_display
Scripts/Modules/MawCore/SkillTooltip.lua	 energy per second	"[2]=""You regenerate "" .. Formulas.assassinEnergyPerSec(1) .. "" energy per second"",[3]=""You regenerate "" .. Formulas.assassinEnergyPerSec(2) .. "" energy per second"",[4]=""You regenerate "" .. Formulas.assassinEnergyPerSec(3) .. "" energy per second"",[5]=""You regenerate "" .. Formulas.assassinEnergyPerSec(4) .. "" energy per second""},"	yes	reviewed_preserved_or_moved_display
Scripts/Modules/MawCore/SkillTooltip.lua	 energy per second	"[2]=""You regenerate "" .. Formulas.assassinEnergyPerSec(1) .. "" energy per second"",[3]=""You regenerate "" .. Formulas.assassinEnergyPerSec(2) .. "" energy per second"",[4]=""You regenerate "" .. Formulas.assassinEnergyPerSec(3) .. "" energy per second"",[5]=""You regenerate "" .. Formulas.assassinEnergyPerSec(4) .. "" energy per second""},"	yes	reviewed_preserved_or_moved_display
Scripts/Modules/MawCore/SkillTooltip.lua	You regenerate 	"[2]=""You regenerate "" .. Formulas.assassinEnergyPerSec(1) .. "" energy per second"",[3]=""You regenerate "" .. Formulas.assassinEnergyPerSec(2) .. "" energy per second"",[4]=""You regenerate "" .. Formulas.assassinEnergyPerSec(3) .. "" energy per second"",[5]=""You regenerate "" .. Formulas.assassinEnergyPerSec(4) .. "" energy per second""},"	yes	reviewed_preserved_or_moved_display
Scripts/Modules/MawCore/SkillTooltip.lua	You regenerate 	"[2]=""You regenerate "" .. Formulas.assassinEnergyPerSec(1) .. "" energy per second"",[3]=""You regenerate "" .. Formulas.assassinEnergyPerSec(2) .. "" energy per second"",[4]=""You regenerate "" .. Formulas.assassinEnergyPerSec(3) .. "" energy per second"",[5]=""You regenerate "" .. Formulas.assassinEnergyPerSec(4) .. "" energy per second""},"	yes	reviewed_preserved_or_moved_display
Scripts/Modules/MawCore/SkillTooltip.lua	You regenerate 	"[2]=""You regenerate "" .. Formulas.assassinEnergyPerSec(1) .. "" energy per second"",[3]=""You regenerate "" .. Formulas.assassinEnergyPerSec(2) .. "" energy per second"",[4]=""You regenerate "" .. Formulas.assassinEnergyPerSec(3) .. "" energy per second"",[5]=""You regenerate "" .. Formulas.assassinEnergyPerSec(4) .. "" energy per second""},"	yes	reviewed_preserved_or_moved_display
Scripts/Modules/MawCore/SkillTooltip.lua	You regenerate 	"[2]=""You regenerate "" .. Formulas.assassinEnergyPerSec(1) .. "" energy per second"",[3]=""You regenerate "" .. Formulas.assassinEnergyPerSec(2) .. "" energy per second"",[4]=""You regenerate "" .. Formulas.assassinEnergyPerSec(3) .. "" energy per second"",[5]=""You regenerate "" .. Formulas.assassinEnergyPerSec(4) .. "" energy per second""},"	yes	reviewed_preserved_or_moved_display
Scripts/Modules/MawCore/SkillTooltip.lua	"Assassination focuses on eliminating isolated targets before they react. Attacks that spend energy or spells, have your damage increased by 2-3-4-5 per skill point, reduced by 20% for each target's nearby enemy (up to 4 enemies).
Such attacks also grant 1 combo point, allowing the assassin to cast offensive spells.
Bow has 50% chance and energy cost.

Higher levels also grant more starting energy, ideal for high burst damage in short engagements.

"	"[15]={[1]=""Assassination focuses on eliminating isolated targets before they react. Attacks that spend energy or spells, have your damage increased by 2-3-4-5 per skill point, reduced by 20% for each target's nearby enemy (up to 4 enemies).\nSuch attacks also grant 1 combo point, allowing the assassin to cast offensive spells.\nBow has 50% chance and energy cost.\n\nHigher levels also grant more starting energy, ideal for high burst damage in short engagements.\n\n"","	yes	reviewed_preserved_or_moved_display
Scripts/Modules/MawCore/SkillTooltip.lua	Increases your maximum energy by 10	"[2]=""Increases your maximum energy by 10"",[3]=""Increases your maximum energy by 20"",[4]=""Increases your maximum energy by 30"",[5]=""Increases your maximum energy by 40""},"	yes	reviewed_preserved_or_moved_display
Scripts/Modules/MawCore/SkillTooltip.lua	Increases your maximum energy by 20	"[2]=""Increases your maximum energy by 10"",[3]=""Increases your maximum energy by 20"",[4]=""Increases your maximum energy by 30"",[5]=""Increases your maximum energy by 40""},"	yes	reviewed_preserved_or_moved_display
Scripts/Modules/MawCore/SkillTooltip.lua	Increases your maximum energy by 30	"[2]=""Increases your maximum energy by 10"",[3]=""Increases your maximum energy by 20"",[4]=""Increases your maximum energy by 30"",[5]=""Increases your maximum energy by 40""},"	yes	reviewed_preserved_or_moved_display
Scripts/Modules/MawCore/SkillTooltip.lua	Increases your maximum energy by 40	"[2]=""Increases your maximum energy by 10"",[3]=""Increases your maximum energy by 20"",[4]=""Increases your maximum energy by 30"",[5]=""Increases your maximum energy by 40""},"	yes	reviewed_preserved_or_moved_display
Scripts/Modules/MawCore/SkillTooltip.lua	"
------------------------------------------------------------
            Attack| Dmg|"	"return ""Dragons can use their fangs to deal atrocious damage to enemies. Damage is 30 + 2 per level (up to level "" .. cap .. ""). Fang skill increases this amount by a percentage based on mastery and skill level.\n\nWhenever this skill is below dragon skill it will push monsters away\nEach point in the skill increases damage and increases recovery time by 1.5%.\n"" .. ""\n------------------------------------------------------------\n            Attack| Dmg|"""	yes	reviewed_preserved_or_moved_display
Scripts/Modules/MawCore/SkillTooltip.lua	"). Fang skill increases this amount by a percentage based on mastery and skill level.

Whenever this skill is below dragon skill it will push monsters away
Each point in the skill increases damage and increases recovery time by 1.5%.
"	"return ""Dragons can use their fangs to deal atrocious damage to enemies. Damage is 30 + 2 per level (up to level "" .. cap .. ""). Fang skill increases this amount by a percentage based on mastery and skill level.\n\nWhenever this skill is below dragon skill it will push monsters away\nEach point in the skill increases damage and increases recovery time by 1.5%.\n"" .. ""\n------------------------------------------------------------\n            Attack| Dmg|"""	yes	reviewed_preserved_or_moved_display
Scripts/Modules/MawCore/SkillTooltip.lua	Dragons can use their fangs to deal atrocious damage to enemies. Damage is 30 + 2 per level (up to level 	"return ""Dragons can use their fangs to deal atrocious damage to enemies. Damage is 30 + 2 per level (up to level "" .. cap .. ""). Fang skill increases this amount by a percentage based on mastery and skill level.\n\nWhenever this skill is below dragon skill it will push monsters away\nEach point in the skill increases damage and increases recovery time by 1.5%.\n"" .. ""\n------------------------------------------------------------\n            Attack| Dmg|"""	yes	reviewed_preserved_or_moved_display
Scripts/Modules/MawCore/SkillTooltip.lua	").
Scales further enhance their toughness and resistance to magical damage, increasing the thoughness by a percentage.

------------------------------------------------------------
          AC%| Res%"	"return ""Dragons scales are hard enough to work as natural armor, gaining naturally 40 + 1 AC per level (up to level "" .. cap .. "").\nScales further enhance their toughness and resistance to magical damage, increasing the thoughness by a percentage.\n\n------------------------------------------------------------\n          AC%| Res%"""	yes	reviewed_preserved_or_moved_display
Scripts/Modules/MawCore/SkillTooltip.lua	Dragons scales are hard enough to work as natural armor, gaining naturally 40 + 1 AC per level (up to level 	"return ""Dragons scales are hard enough to work as natural armor, gaining naturally 40 + 1 AC per level (up to level "" .. cap .. "").\nScales further enhance their toughness and resistance to magical damage, increasing the thoughness by a percentage.\n\n------------------------------------------------------------\n          AC%| Res%"""	yes	reviewed_preserved_or_moved_display
Scripts/Modules/MawCore/Skills.lua	Wrong Skill ID	"return ""Wrong Skill ID"""	yes	reviewed_preserved_or_moved_display
Scripts/Modules/MawCore/Skills.lua	Unnamed Skill	"return ""Unnamed Skill"""	yes	reviewed_preserved_or_moved_display
Scripts/Modules/MawCore/SkillsUI.lua	Unnamed Skill	"local unnamed = mkcstr(""Unnamed Skill"")"	yes	reviewed_preserved_or_moved_display
Scripts/Modules/MawCore/SpecialItems.lua	I have already bought an item like that.	"AlreadySold = ""I have already bought an item like that."","	yes	reviewed_upstream_26cf80b_display
Scripts/Modules/MawCore/SpecialItems.lua	No, no -- you will still need that %24. Come back once the task it is for is done.	"QuestItem = ""No, no -- you will still need that %24. Come back once the task it is for is done."","	yes	reviewed_upstream_26cf80b_display
Scripts/Modules/MawCore/Tooltip.lua	This potion has been removed	"t.Description=""This potion has been removed"""	yes	reviewed_preserved_or_moved_display
Scripts/Modules/MawCore/Tooltip.lua	"

Best step already taken: "	"t.Description=t.Description .. ""\n\nBest step already taken: "" .. reached"	yes	reviewed_preserved_or_moved_display
Scripts/Modules/MawCore/Tooltip.lua	 Skill Points)	".. "" ("" .. GetTranscendenceSkillPoints(reached) .. "" Skill Points)"""	yes	reviewed_preserved_or_moved_display
Scripts/Modules/MawCore/Tooltip.lua	Charges: 	"t.Description=StrColor(255,255,153,""Charges: "" .. charges) .. ""\n\n"" .. t.Description"	yes	reviewed_preserved_or_moved_display
Scripts/Modules/MawCore/Tooltip.lua	"

Press alt to show recipe list"	"t.Description=t.Description .. StrColor(100,100,100,""\n\nPress alt to show recipe list"")"	yes	reviewed_preserved_or_moved_display
Scripts/Modules/MawCore/Tooltip.lua	Power: 	"t.Enchantment=""Power: "" .. bonus"	yes	reviewed_preserved_or_moved_display
Scripts/Modules/MawCore/Tooltip.lua	"Oracle's Orb is a mysterious and powerful artifact, a large, purple orb with a haunting face suspended within its core. This enigmatic relic is known for storing legendary abilities upon items it enchants.

Right click a legendary item to store its power"	"t.Description=""Oracle's Orb is a mysterious and powerful artifact, a large, purple orb with a haunting face suspended within its core. This enigmatic relic is known for storing legendary abilities upon items it enchants.\n\nRight click a legendary item to store its power"""	yes	reviewed_preserved_or_moved_display
Scripts/Modules/MawCore/Tooltip.lua	"Oracle's Orb is a mysterious and powerful artifact, a large, purple orb with a haunting face suspended within its core. This enigmatic relic is known for storing legendary abilities upon items it enchants.

Adds the following legendary power to an item:"	"t.Description=""Oracle's Orb is a mysterious and powerful artifact, a large, purple orb with a haunting face suspended within its core. This enigmatic relic is known for storing legendary abilities upon items it enchants.\n\nAdds the following legendary power to an item:"""	yes	reviewed_preserved_or_moved_display
Scripts/Modules/MawCore/Tooltip.lua	"
The Celestial Orb allows the transfer of celestial essence from one item to another, preserving the divine property while freeing the original item of its blessing.

(right-click on a celestial item to extract its power charging the Celestial orb, then right-click on a non celestial item to transfer its power.)"	"t.Description=""\nThe Celestial Orb allows the transfer of celestial essence from one item to another, preserving the divine property while freeing the original item of its blessing.\n\n(right-click on a celestial item to extract its power charging the Celestial orb, then right-click on a non celestial item to transfer its power.)"""	yes	reviewed_preserved_or_moved_display
Scripts/Modules/MawCore/Tooltip.lua	Celestial orb is charged and it's ready to grant celestial powers to any non-Artifact Equipment	"t.Description = t.Description .. ""\n\n"" .. StrColor(120, 240, 255,""Celestial orb is charged and it's ready to grant celestial powers to any non-Artifact Equipment"")"	yes	reviewed_preserved_or_moved_display
Scripts/Modules/MawCore/Tooltip.lua	"

Increases Charges by "	"t.Description=t.Description .. StrColor(255,255,30, ""\n\nIncreases Charges by "" .. t.Item.BonusStrength)"	yes	reviewed_preserved_or_moved_display
Scripts/Modules/MawCore/Tooltip.lua	Armor: +	"t.BasicStat= ""Armor: +"" .. ac .. MawQualityText(t.Item)"	yes	reviewed_preserved_or_moved_display
Scripts/Modules/MawCore/Tooltip.lua	  Damage: 	"t.BasicStat= ""Attack: +"" .. bonus .. ""  Damage: "" .. lo .. ""-"" .. hi"	yes	reviewed_preserved_or_moved_display
Scripts/Modules/MawCore/Tooltip.lua	Attack: +	"t.BasicStat= ""Attack: +"" .. bonus .. ""  Damage: "" .. lo .. ""-"" .. hi"	yes	reviewed_preserved_or_moved_display
Scripts/Modules/MawCore/Tooltip.lua	 +X	"txt=baseStatName[bonus] .. "" +X"""	yes	reviewed_preserved_or_moved_display
Scripts/Modules/MawCore/Tooltip.lua	Celestial 	"t.Name=StrColor(120, 240, 255,""Celestial "" .. t.Name)"	yes	reviewed_preserved_or_moved_display
Scripts/Modules/MawCore/Tooltip.lua	Legendary 	"t.Name=StrColor(255,255,30,""Legendary "" .. t.Name)"	yes	reviewed_preserved_or_moved_display
Scripts/Modules/MawCore/Tooltip.lua	Primordial 	"t.Name=StrColor(255,0,0,""Primordial "" .. t.Name)"	yes	reviewed_preserved_or_moved_display
Scripts/Modules/MawCore/Tooltip.lua	Ancient 	"t.Name=StrColor(255,128,0,""Ancient "" .. t.Name)"	yes	reviewed_preserved_or_moved_display
Scripts/Modules/MawCore/Tooltip.lua	"
Current bonus Damage: "	"legText=legText .. ""\nCurrent bonus Damage: "" .. dmg .. ""%"""	yes	reviewed_preserved_or_moved_display
Scripts/Modules/MawCore/Tooltip.lua	"
Current Reduction: "	"legText=legText .. ""\nCurrent Reduction: "" .. red .. ""%"""	yes	reviewed_preserved_or_moved_display
Scripts/Modules/MawCore/Tooltip.lua	Press alt to show craftable stats	"t.Description = t.Description .. ""\n\n"" .. StrColor(100,100,100,""Press alt to show craftable stats"")"	yes	reviewed_preserved_or_moved_display
Scripts/Modules/MawCore/Tooltip.lua	"

Item Bonus Power: "	"local txt=""\n\nItem Bonus Power: "" .. t.Item.MaxCharges .. ""/"" .. GetItemChargesCap(t.Item)"	yes	reviewed_preserved_or_moved_display
Scripts/Modules/MawCore/Tooltip.lua	"

Artifact Level: "	"""\n\nArtifact Level: "" .. round(MawCore.Artifacts.LevelOf(t.Item)))"	yes	reviewed_preserved_or_moved_display
Scripts/Modules/MawCore/Tooltip.lua	Armor: +	"t.BasicStat= ""Armor: +"" .. ac .. MawQualityText(t.Item)"	yes	reviewed_preserved_or_moved_display
Scripts/Modules/MawCore/Tooltip.lua	  Damage: 	"t.BasicStat= ""Attack: +"" .. bonus .. ""  Damage: "" .. lo .. ""-"" .. hi"	yes	reviewed_preserved_or_moved_display
Scripts/Modules/MawCore/Tooltip.lua	Attack: +	"t.BasicStat= ""Attack: +"" .. bonus .. ""  Damage: "" .. lo .. ""-"" .. hi"	yes	reviewed_preserved_or_moved_display
Scripts/Modules/MawCore/Tooltip.lua	"
Attack Speed: "	"t.Type = t.Type .. ""\nAttack Speed: "" .. getItemRecovery(t.Item, playerLevel)/100"	yes	reviewed_preserved_or_moved_display
Scripts/Modules/MawCore/Tooltip.lua	Power: 	"t.Description = t.Description .. ""\n\n"" .. ""Power: "" .. StrColor(255,0,0,increaseDPSPercent .. ""%"")"	yes	reviewed_preserved_or_moved_display
Scripts/Modules/MawCore/Tooltip.lua	Power: 	"t.Description = t.Description .. ""\n\n"" .. ""Power: "" .. StrColor(0,255,0,""+"" .. increaseDPSPercent .. ""%"")"	yes	reviewed_preserved_or_moved_display
Scripts/Modules/MawCore/Tooltip.lua	Vitality: 	"t.Description = t.Description .. ""\n"" .. ""Vitality: "" .. StrColor(255,0,0, increaseVitalityPercent .. ""%"")"	yes	reviewed_preserved_or_moved_display
Scripts/Modules/MawCore/Tooltip.lua	Vitality: 	"t.Description = t.Description .. ""\n"" .. ""Vitality: "" .. StrColor(0,255,0,""+"" .. increaseVitalityPercent .. ""%"")"	yes	reviewed_preserved_or_moved_display
Scripts/Modules/MawCore/Tooltip.lua	"

Level Required: "	"local txt=""\n\nLevel Required: "" .. levelRequired"	yes	reviewed_preserved_or_moved_display
Scripts/Modules/MawCore/Tooltip.lua	"

Celestial Items cannot be upgraded with crafting Gems or Cubes, but scale with player level, up to level 600."	"txt=StrColor(120, 240, 255,""\n\nCelestial Items cannot be upgraded with crafting Gems or Cubes, but scale with player level, up to level 600."")"	yes	reviewed_preserved_or_moved_display
Scripts/Modules/MawCore/Tooltip.lua	"

Celestial Items cannot be upgraded with crafting Gems or Cubes, but scale with player level, up to level 1000."	"txt=StrColor(120, 240, 255,""\n\nCelestial Items cannot be upgraded with crafting Gems or Cubes, but scale with player level, up to level 1000."")"	yes	reviewed_preserved_or_moved_display
Scripts/Modules/MawCore/Tooltip.lua	"
Attack Speed: "	"t.Type = t.Type .. ""\nAttack Speed: "" .. getItemRecovery(t.Item, 0)/100"	yes	reviewed_preserved_or_moved_display
Scripts/Modules/MawCore/Tooltip.lua	 Aura: adds 	"local txt=string.format(name[m] .. "" Aura: adds "" .. damage .. "" Fire Damage to any attack\n\n"")"	yes	reviewed_preserved_or_moved_display
Scripts/Modules/MawCore/Tooltip.lua	" Fire Damage to any attack

"	"local txt=string.format(name[m] .. "" Aura: adds "" .. damage .. "" Fire Damage to any attack\n\n"")"	yes	reviewed_preserved_or_moved_display
Scripts/Modules/MawCore/Tooltip.lua	"Vampiric Aura: damage done will restore player HP.

"	"t.Description=StrColor(255,255,153,""Vampiric Aura: damage done will restore player HP.\n\n"") .. t.Description"	yes	reviewed_preserved_or_moved_display
Scripts/Modules/MawCore/Tooltip.lua	Map Level: 	"t.Enchantment=""Map Level: "" .. it.MaxCharges*10+20+baseLevel"	yes	reviewed_preserved_or_moved_display
Scripts/Modules/MawCore/Tooltip.lua	% craft items drop chances 	"t.Enchantment=t.Enchantment .. StrColor(0, 127, 255,""\n+"" .. round((it.MaxCharges*power+power*20)/8*1.5) .. ""% craft items drop chances ""  .. ""\n+"" .. round((it.MaxCharges*power+power*20)/4) .. ""% item quality "" .. ""%\n+"" .. round((it.MaxCharges*power+power*20)/3) .. ""% monster density"")"	yes	reviewed_preserved_or_moved_display
Scripts/Modules/MawCore/Tooltip.lua	% item quality 	"t.Enchantment=t.Enchantment .. StrColor(0, 127, 255,""\n+"" .. round((it.MaxCharges*power+power*20)/8*1.5) .. ""% craft items drop chances ""  .. ""\n+"" .. round((it.MaxCharges*power+power*20)/4) .. ""% item quality "" .. ""%\n+"" .. round((it.MaxCharges*power+power*20)/3) .. ""% monster density"")"	yes	reviewed_preserved_or_moved_display
Scripts/Modules/MawCore/Tooltip.lua	% monster density	"t.Enchantment=t.Enchantment .. StrColor(0, 127, 255,""\n+"" .. round((it.MaxCharges*power+power*20)/8*1.5) .. ""% craft items drop chances ""  .. ""\n+"" .. round((it.MaxCharges*power+power*20)/4) .. ""% item quality "" .. ""%\n+"" .. round((it.MaxCharges*power+power*20)/3) .. ""% monster density"")"	yes	reviewed_preserved_or_moved_display
Scripts/Modules/MawCore/Tooltip.lua	 Map	"t.Name=Game.MapStats[it.BonusStrength].Name .. "" Map"""	yes	reviewed_preserved_or_moved_display
Scripts/Modules/MawCore/Tooltip.lua	% increased damage	"[1]=""Monsters deal "" .. getMapAffixPower(1, power) .. ""% increased damage"","	yes	reviewed_preserved_or_moved_display
Scripts/Modules/MawCore/Tooltip.lua	Monsters deal 	"[1]=""Monsters deal "" .. getMapAffixPower(1, power) .. ""% increased damage"","	yes	reviewed_preserved_or_moved_display
Scripts/Modules/MawCore/Tooltip.lua	% critical chance	"[2]=""Monsters have "" .. getMapAffixPower(2, power) .. ""% critical chance"","	yes	reviewed_preserved_or_moved_display
Scripts/Modules/MawCore/Tooltip.lua	Monsters have 	"[2]=""Monsters have "" .. getMapAffixPower(2, power) .. ""% critical chance"","	yes	reviewed_preserved_or_moved_display
Scripts/Modules/MawCore/Tooltip.lua	% chance to cast fireball	"[3]=""Monsters have "" .. getMapAffixPower(3, power) .. ""% chance to cast fireball"","	yes	reviewed_preserved_or_moved_display
Scripts/Modules/MawCore/Tooltip.lua	Monsters have 	"[3]=""Monsters have "" .. getMapAffixPower(3, power) .. ""% chance to cast fireball"","	yes	reviewed_preserved_or_moved_display
Scripts/Modules/MawCore/Tooltip.lua	% chance to cast dragon breath	"[4]=""Monsters have "" .. getMapAffixPower(4, power) .. ""% chance to cast dragon breath"","	yes	reviewed_preserved_or_moved_display
Scripts/Modules/MawCore/Tooltip.lua	Monsters have 	"[4]=""Monsters have "" .. getMapAffixPower(4, power) .. ""% chance to cast dragon breath"","	yes	reviewed_preserved_or_moved_display
Scripts/Modules/MawCore/Tooltip.lua	% of physical damage	"[5]=""Monsters reflect "" .. getMapAffixPower(5, power) .. ""% of physical damage"","	yes	reviewed_preserved_or_moved_display
Scripts/Modules/MawCore/Tooltip.lua	Monsters reflect 	"[5]=""Monsters reflect "" .. getMapAffixPower(5, power) .. ""% of physical damage"","	yes	reviewed_preserved_or_moved_display
Scripts/Modules/MawCore/Tooltip.lua	% of magic damage	"[6]=""Monsters reflect "" .. getMapAffixPower(6, power) .. ""% of magic damage"","	yes	reviewed_preserved_or_moved_display
Scripts/Modules/MawCore/Tooltip.lua	Monsters reflect 	"[6]=""Monsters reflect "" .. getMapAffixPower(6, power) .. ""% of magic damage"","	yes	reviewed_preserved_or_moved_display
Scripts/Modules/MawCore/Tooltip.lua	%HP per second	"[7]=""Monsters regenerate "" .. getMapAffixPower(7, power) .. ""%HP per second"","	yes	reviewed_preserved_or_moved_display
Scripts/Modules/MawCore/Tooltip.lua	Monsters regenerate 	"[7]=""Monsters regenerate "" .. getMapAffixPower(7, power) .. ""%HP per second"","	yes	reviewed_preserved_or_moved_display
Scripts/Modules/MawCore/Tooltip.lua	% chance to ignore status resistance	"[8]=""Monsters have "" .. getMapAffixPower(8, power) .. ""% chance to ignore status resistance"","	yes	reviewed_preserved_or_moved_display
Scripts/Modules/MawCore/Tooltip.lua	Monsters have 	"[8]=""Monsters have "" .. getMapAffixPower(8, power) .. ""% chance to ignore status resistance"","	yes	reviewed_preserved_or_moved_display
Scripts/Modules/MawCore/Tooltip.lua	% chance to summon a monster upon death	"[9]=""Monsters have "" .. getMapAffixPower(9, power) .. ""% chance to summon a monster upon death"","	yes	reviewed_preserved_or_moved_display
Scripts/Modules/MawCore/Tooltip.lua	Monsters have 	"[9]=""Monsters have "" .. getMapAffixPower(9, power) .. ""% chance to summon a monster upon death"","	yes	reviewed_preserved_or_moved_display
Scripts/Modules/MawCore/Tooltip.lua	% of player hp as damage	"[10]=""Monsters deal "" .. getMapAffixPower(10, power) .. ""% of player hp as damage"","	yes	reviewed_preserved_or_moved_display
Scripts/Modules/MawCore/Tooltip.lua	Monsters deal 	"[10]=""Monsters deal "" .. getMapAffixPower(10, power) .. ""% of player hp as damage"","	yes	reviewed_preserved_or_moved_display
Scripts/Modules/MawCore/Tooltip.lua	% increased movement speed	"[11]=""Monsters have "" .. getMapAffixPower(11, power) .. ""% increased movement speed"","	yes	reviewed_preserved_or_moved_display
Scripts/Modules/MawCore/Tooltip.lua	Monsters have 	"[11]=""Monsters have "" .. getMapAffixPower(11, power) .. ""% increased movement speed"","	yes	reviewed_preserved_or_moved_display
Scripts/Modules/MawCore/Tooltip.lua	Monsters resistances are increased by 	"[12]=""Monsters resistances are increased by "" .. getMapAffixPower(12, power),"	yes	reviewed_preserved_or_moved_display
Scripts/Modules/MawCore/Tooltip.lua	% extra chance to resist control effects	"[13]=""Monsters have "" .. getMapAffixPower(13, power) .. ""% extra chance to resist control effects"","	yes	reviewed_preserved_or_moved_display
Scripts/Modules/MawCore/Tooltip.lua	Monsters have 	"[13]=""Monsters have "" .. getMapAffixPower(13, power) .. ""% extra chance to resist control effects"","	yes	reviewed_preserved_or_moved_display
Scripts/Modules/MawCore/Tooltip.lua	% chance to deal energy damage	"[14]=""Monsters have "" .. getMapAffixPower(14, power) .. ""% chance to deal energy damage"","	yes	reviewed_preserved_or_moved_display
Scripts/Modules/MawCore/Tooltip.lua	Monsters have 	"[14]=""Monsters have "" .. getMapAffixPower(14, power) .. ""% chance to deal energy damage"","	yes	reviewed_preserved_or_moved_display
Scripts/Modules/MawCore/Tooltip.lua	% increased HP	"[15]=""Monsters have "" .. getMapAffixPower(15, power) .. ""% increased HP"","	yes	reviewed_preserved_or_moved_display
Scripts/Modules/MawCore/Tooltip.lua	Monsters have 	"[15]=""Monsters have "" .. getMapAffixPower(15, power) .. ""% increased HP"","	yes	reviewed_preserved_or_moved_display
Scripts/Modules/MawCore/Tooltip.lua	Boss density increased by 	"[16]=""Boss density increased by "" .. getMapAffixPower(16, power) .. ""%"","	yes	reviewed_preserved_or_moved_display
Scripts/Modules/MawCore/Tooltip.lua	% be an higher tier	"[17]=""Monsters have "" .. getMapAffixPower(17, power) .. ""% be an higher tier"","	yes	reviewed_preserved_or_moved_display
Scripts/Modules/MawCore/Tooltip.lua	Monsters have 	"[17]=""Monsters have "" .. getMapAffixPower(17, power) .. ""% be an higher tier"","	yes	reviewed_preserved_or_moved_display
Scripts/Modules/MawCore/Tooltip.lua	% increased HP and damage	"[18]=""Bosses have "" .. getMapAffixPower(18, power) .. ""% increased HP and damage"","	yes	reviewed_preserved_or_moved_display
Scripts/Modules/MawCore/Tooltip.lua	Bosses have 	"[18]=""Bosses have "" .. getMapAffixPower(18, power) .. ""% increased HP and damage"","	yes	reviewed_preserved_or_moved_display
Scripts/Modules/MawCore/Tooltip.lua	% chance to become a boss	"[19]=""Monsters have "" .. getMapAffixPower(19, power) .. ""% chance to become a boss"","	yes	reviewed_preserved_or_moved_display
Scripts/Modules/MawCore/Tooltip.lua	Monsters have 	"[19]=""Monsters have "" .. getMapAffixPower(19, power) .. ""% chance to become a boss"","	yes	reviewed_preserved_or_moved_display
Scripts/Modules/MawCore/Tooltip.lua	Players critical chance reduced by 	"[20]=""Players critical chance reduced by "" .. getMapAffixPower(20, power) .. ""%"","	yes	reviewed_preserved_or_moved_display
Scripts/Modules/MawCore/Tooltip.lua	Players critical damage reduced by 	"[21]=""Players critical damage reduced by "" .. getMapAffixPower(21, power) .. ""%"","	yes	reviewed_preserved_or_moved_display
Scripts/Modules/MawCore/Tooltip.lua	Players HP/SP regen reduced by 	"[22]=""Players HP/SP regen reduced by "" .. getMapAffixPower(22, power) .. ""%"","	yes	reviewed_preserved_or_moved_display
Scripts/Modules/MawCore/Tooltip.lua	Players physical damage reduced by 	"[23]=""Players physical damage reduced by "" .. getMapAffixPower(23, power) .. ""%"","	yes	reviewed_preserved_or_moved_display
Scripts/Modules/MawCore/Tooltip.lua	Players magic damage reduced by 	"[24]=""Players magic damage reduced by "" .. getMapAffixPower(24, power) .. ""%"","	yes	reviewed_preserved_or_moved_display
Scripts/Modules/MawCore/Tooltip.lua	Players movement speed reduced by 	"[25]=""Players movement speed reduced by "" .. getMapAffixPower(25, power) .. ""%"","	yes	reviewed_preserved_or_moved_display
Scripts/Modules/MawCore/Tooltip.lua	Players attack speed reduced by 	"[26]=""Players attack speed reduced by "" .. getMapAffixPower(26, power) .. ""%"","	yes	reviewed_preserved_or_moved_display
Scripts/Modules/MawCore/Tooltip.lua	Players spell recovery speed increased by 	"[27]=""Players spell recovery speed increased by "" .. getMapAffixPower(27, power) .. ""%"","	yes	reviewed_preserved_or_moved_display
Scripts/Modules/MawCore/Tooltip.lua	Players armor reduced by 	"[28]=""Players armor reduced by "" .. getMapAffixPower(28, power) .. ""%"","	yes	reviewed_preserved_or_moved_display
Scripts/Modules/MawCore/Tooltip.lua	Players resistances reduced by 	"[29]=""Players resistances reduced by "" .. getMapAffixPower(29, power) .. ""%"","	yes	reviewed_preserved_or_moved_display
Scripts/Modules/MawCore/Tooltip.lua	% chance to miss attacks	"[30]=""Players have a "" .. getMapAffixPower(30, power) .. ""% chance to miss attacks"","	yes	reviewed_preserved_or_moved_display
Scripts/Modules/MawCore/Tooltip.lua	Players have a 	"[30]=""Players have a "" .. getMapAffixPower(30, power) .. ""% chance to miss attacks"","	yes	reviewed_preserved_or_moved_display
Scripts/Modules/MawCore/Tooltip.lua	Healing reduced by 	"[31]=""Healing reduced by "" .. getMapAffixPower(31, power) .. ""%"","	yes	reviewed_preserved_or_moved_display
Scripts/Modules/MawCore/Tooltip.lua	Leech reduced by 	"[32]=""Leech reduced by "" .. getMapAffixPower(32, power) .. ""%"","	yes	reviewed_preserved_or_moved_display
Scripts/Modules/MawCore/Tooltip.lua	Buff effects reduced by 	"[33]=""Buff effects reduced by "" .. getMapAffixPower(33, power) .. ""%"","	yes	reviewed_preserved_or_moved_display
Scripts/Modules/MawCore/Tooltip.lua	"Creator's Hourglass and Eye of the void can be used to unlock new affixes, Crafting Cube to change the Map and emerald of power to increase the map Level.
Using this map will teleport you to the entrance."	"t.Description=""\n"" .. txt .. ""Creator's Hourglass and Eye of the void can be used to unlock new affixes, Crafting Cube to change the Map and emerald of power to increase the map Level.\nUsing this map will teleport you to the entrance."""	yes	reviewed_preserved_or_moved_display
Scripts/Modules/MawCore/Tooltip.lua	"

You need at least "	"t.Description=t.Description .. StrColor(255,0,0, ""\n\nYou need at least "" .. mastery[m] .. "" skill in "" ..  name .. "" to open the book"")"	yes	reviewed_preserved_or_moved_display
Scripts/Modules/MawCore/Tooltip.lua	 skill in 	"t.Description=t.Description .. StrColor(255,0,0, ""\n\nYou need at least "" .. mastery[m] .. "" skill in "" ..  name .. "" to open the book"")"	yes	reviewed_preserved_or_moved_display
Scripts/Modules/MawCore/Tooltip.lua	 to open the book	"t.Description=t.Description .. StrColor(255,0,0, ""\n\nYou need at least "" .. mastery[m] .. "" skill in "" ..  name .. "" to open the book"")"	yes	reviewed_preserved_or_moved_display
Scripts/Modules/Multiplayer/Network/Lobby/Messages.lua	Could not read strings, stopped on 	"return false, ""Could not read strings, stopped on "" .. field"	yes	reviewed_preserved_or_moved_display
Scripts/Modules/Multiplayer/Network/Lobby/Messages.lua	Size of binary data is less than minimal necessary: %d / %d	"return (""Size of binary data is less than minimal necessary: %d / %d""):format(got, expect)"	yes	reviewed_preserved_or_moved_display
Scripts/Modules/Multiplayer/Network/STUN.lua	cannot resolve address to ip	"return nil, ""cannot resolve address to ip"""	yes	reviewed_preserved_or_moved_display
Scripts/Modules/Multiplayer/Network/STUN.lua	response timeout	"return nil, ""response timeout"""	yes	reviewed_preserved_or_moved_display
Scripts/Modules/Multiplayer/Packets.lua	versions do not match, server version: 	"error_t = {can_join = false, error = ""versions do not match, server version: "" .. Multiplayer.VERSION}"	yes	reviewed_preserved_or_moved_display
Scripts/Modules/Multiplayer/Packets.lua	server full	"error_t = {can_join = false, error = ""server full""}"	yes	reviewed_preserved_or_moved_display
Scripts/Modules/Multiplayer/Packets.lua	no relay access	"error_t = {can_join = false, error = ""no relay access""}"	yes	reviewed_preserved_or_moved_display
Scripts/Modules/Multiplayer/Synchronization/Evt.lua	%s is busy speaking with %s	"Game.NPCTopic[dummy_topic] = (""%s is busy speaking with %s""):format(NPC.Name, client and client.name or ""other player"")"	yes	reviewed_preserved_or_moved_display
Scripts/Modules/Multiplayer/Synchronization/Evt.lua	other player	"Game.NPCTopic[dummy_topic] = (""%s is busy speaking with %s""):format(NPC.Name, client and client.name or ""other player"")"	yes	reviewed_preserved_or_moved_display
Scripts/Modules/Multiplayer/Synchronization/Monsters/BountyHunt.lua	%s bounty hunt completed!	"local REMOTE_TEXT = ""%s bounty hunt completed!"""	yes	reviewed_preserved_or_moved_display
Scripts/Modules/Multiplayer/Synchronization/Monsters/BountyHunt.lua	%s eliminated bounty hunt target.	"local TARGET_ELIMINATED_TEXT = ""%s eliminated bounty hunt target."""	yes	reviewed_preserved_or_moved_display
Scripts/Modules/Multiplayer/Synchronization/Objects.lua	Another player picked that up first.	"local PICKED_BY_OTHER_TEXT = ""Another player picked that up first."""	yes	reviewed_preserved_or_moved_display
Scripts/Modules/Multiplayer/Synchronization/Players/Experience.lua	%s: %s grants you %s exp.	"local msg = (""%s: %s grants you %s exp.""):format(t[2], t[3], t[1])"	yes	reviewed_preserved_or_moved_display
Scripts/Modules/Multiplayer/Synchronization/Players/Stats.lua	"You have been defeated.
Press ESC to accept death or wait for another player to revive you."	"local text = ""You have been defeated.\nPress ESC to accept death or wait for another player to revive you."""	yes	reviewed_preserved_or_moved_display
Scripts/Modules/Multiplayer/Synchronization/RestScreen.lua	Party missing %s food to start rest.	"local NotEnoughFoodMsg = ""Party missing %s food to start rest."""	yes	reviewed_preserved_or_moved_display
Scripts/Modules/Multiplayer/Synchronization/RestScreen.lua	%s borrowed %s food from you!	"local FoodBorrowed = ""%s borrowed %s food from you!"""	yes	reviewed_preserved_or_moved_display
Scripts/Modules/Multiplayer/Synchronization/SaveLoadExit.lua	Host saved the game.	"Game.ShowStatusText(""Host saved the game."")"	yes	reviewed_preserved_or_moved_display
Scripts/Modules/Multiplayer/Synchronization/SaveLoadExit.lua	(last choice) 	"last_choice.Name = StrColor(46,237,218, ""(last choice) "") .. StrColor(250,250,250) .. last_choice.data.player_name"	yes	reviewed_preserved_or_moved_display
Scripts/Modules/Multiplayer/Synchronization/SaveLoadExit.lua	(current) 	"Name = StrColor(213,70,191, ""(current) "") .. StrColor(250,250,250) .. Party[0].Name,"	yes	reviewed_preserved_or_moved_display
Scripts/Modules/Multiplayer/Synchronization/SaveLoadExit.lua	(client save) 	"Name = StrColor(46,237,218, ""(client save) "") .. StrColor(250,250,250) .. PartyData.player_name,"	yes	reviewed_preserved_or_moved_display
Scripts/Modules/Multiplayer/Synchronization/SaveLoadExit.lua	(Most relevant) 	"choices[1].Name = StrColor(235,235,50, ""(Most relevant) "") .. choices[1].Name"	yes	reviewed_preserved_or_moved_display
Scripts/Modules/Multiplayer/Synchronization/SaveLoadExit.lua	(host save) 	"Name = StrColor(95,235,50, ""(host save) "") .. StrColor(250,250,250) .. last_game.player_name,"	yes	reviewed_preserved_or_moved_display
Scripts/Modules/Multiplayer/Synchronization/SaveLoadExit.lua	Player %s left the game.	"Game.ShowStatusText(string.format(""Player %s left the game."", client.name))"	yes	reviewed_preserved_or_moved_display
Scripts/Modules/Multiplayer/Synchronization/SaveLoadExit.lua	Host have closed the game	"CustomUI.DisplayTooltip(""Host have closed the game"", 20, 100, 160, 440, 0)"	yes	reviewed_preserved_or_moved_display
Scripts/Modules/Multiplayer/Synchronization/Spells.lua	%s casting Lloyd's Beacon... %s...	"local text = ""%s casting Lloyd's Beacon... %s..."""	yes	reviewed_preserved_or_moved_display
Scripts/Modules/Multiplayer/Synchronization/TurnBased.lua	Turn-based mode is not available in multiplayer.	"local DISABLED_TEXT = ""Turn-based mode is not available in multiplayer."""	yes	reviewed_preserved_or_moved_display
Scripts/Modules/Multiplayer/UI/ClientsTable.lua	Clients:	"UIUtils.SimpleText(Multiplayer.UI_SCREEN, ""Clients:"", baseX, baseY + 75, nil, Condition)"	yes	reviewed_preserved_or_moved_display
Scripts/Modules/Multiplayer/UI/ClientsTable.lua	add line	"UIUtils.SimpleText(Multiplayer.UI_SCREEN, ""add line"", baseX + 128, baseY + 75, nil, Condition, new_line)"	yes	reviewed_preserved_or_moved_display
Scripts/Modules/Multiplayer/UI/GlobalMap.lua	Show players location	"Text = ""Show players location"","	yes	reviewed_preserved_or_moved_display
Scripts/Modules/Multiplayer/UI/House.lua	%s (speaking with %s)	"local msg = (""%s (speaking with %s)""):format(v.name or ""Player"", Game.NPC[v.talking_to].Name)"	yes	reviewed_preserved_or_moved_display
Scripts/Modules/Multiplayer/UI/House.lua	Player	"local msg = (""%s (speaking with %s)""):format(v.name or ""Player"", Game.NPC[v.talking_to].Name)"	yes	reviewed_preserved_or_moved_display
Scripts/Modules/Multiplayer/UI/House.lua	Other players in house:	"ShowTextRight(""Other players in house:"", baseX + 76, baseY - (count - 1) * lineHeight - 20)"	yes	reviewed_preserved_or_moved_display
Scripts/Modules/Multiplayer/UI/Lobby.lua	 Direct connect	"local ClienConnTumb = TextTumbler(350, 125, nil, ""Server list"", "" Direct connect"", true,"	yes	reviewed_preserved_or_moved_display
Scripts/Modules/Multiplayer/UI/Lobby.lua	Server list	"local ClienConnTumb = TextTumbler(350, 125, nil, ""Server list"", "" Direct connect"", true,"	yes	reviewed_preserved_or_moved_display
Scripts/Modules/Multiplayer/UI/Lobby.lua	Enter server name	"{header = ""Name:       "", default = conn.MyHostGlobals.Name, empty = ""Enter server name"", multiline = false, limit = 40},"	yes	reviewed_preserved_or_moved_display
Scripts/Modules/Multiplayer/UI/Lobby.lua	Name:       	"{header = ""Name:       "", default = conn.MyHostGlobals.Name, empty = ""Enter server name"", multiline = false, limit = 40},"	yes	reviewed_preserved_or_moved_display
Scripts/Modules/Multiplayer/UI/Lobby.lua	Password:   	"{header = ""Password:   "", default = conn.MyHostGlobals.Password, empty = ""none"", multiline = false, hidden = true, limit = 40},"	yes	reviewed_preserved_or_moved_display
Scripts/Modules/Multiplayer/UI/Lobby.lua	Description:	"{header = ""Description:"", default = conn.MyHostGlobals.Description, empty = ""Enter server description"", multiline = true},"	yes	reviewed_preserved_or_moved_display
Scripts/Modules/Multiplayer/UI/Lobby.lua	Enter server description	"{header = ""Description:"", default = conn.MyHostGlobals.Description, empty = ""Enter server description"", multiline = true},"	yes	reviewed_preserved_or_moved_display
Scripts/Modules/Multiplayer/UI/Lobby.lua	Enter server info:	"""Open lobby"", ""Enter server info:"", inputs, ""  Open "", nil,"	yes	reviewed_preserved_or_moved_display
Scripts/Modules/Multiplayer/UI/Lobby.lua	Open lobby	"""Open lobby"", ""Enter server info:"", inputs, ""  Open "", nil,"	yes	reviewed_preserved_or_moved_display
Scripts/Modules/Multiplayer/UI/Lobby.lua	Players: %d / %d	"(""Players: %d / %d""):format(entry.Data.Players, entry.Data.MaxPlayers), ""Version: "" .. entry.Data.Version)"	yes	reviewed_preserved_or_moved_display
Scripts/Modules/Multiplayer/UI/Lobby.lua	Version: 	"(""Players: %d / %d""):format(entry.Data.Players, entry.Data.MaxPlayers), ""Version: "" .. entry.Data.Version)"	yes	reviewed_preserved_or_moved_display
Scripts/Modules/Multiplayer/UI/Lobby.lua	Attempt %d. Waiting for response...	"local ProgressTemplate = ""Attempt %d. Waiting for response..."""	yes	reviewed_preserved_or_moved_display
Scripts/Modules/Multiplayer/UI/Lobby.lua	Timed out	"return false, ""Timed out"""	yes	reviewed_preserved_or_moved_display
Scripts/Modules/Multiplayer/UI/Lobby.lua	Timed out	"return true, ""Timed out"""	yes	reviewed_preserved_or_moved_display
Scripts/Modules/Multiplayer/UI/Lobby.lua	Connection to 	"UIUtils.PopupProgress(""Connection to "" .. entry.Data.Name, """", Caller, 3000, 15000, ""JoiningLobby"")"	yes	reviewed_preserved_or_moved_display
Scripts/Modules/Multiplayer/UI/Lobby.lua	Server connection	"UIUtils.PopupInput(""Server connection"", ServerDesc, Input, ""Connect"", nil, Accepted)"	yes	reviewed_preserved_or_moved_display
Scripts/Modules/Multiplayer/UI/Lobby.lua	Hide full	"SimpleText(""Hide full"", 150, HeaderY, Game.Smallnum_fnt,"	yes	reviewed_preserved_or_moved_display
Scripts/Modules/Multiplayer/UI/Lobby.lua	Hide passworded	"SimpleText(""Hide passworded"", 250, HeaderY, Game.Smallnum_fnt,"	yes	reviewed_preserved_or_moved_display
Scripts/Modules/Multiplayer/UI/Lobby.lua	Hide other versions	"SimpleText(""Hide other versions"", 400, HeaderY, Game.Smallnum_fnt,"	yes	reviewed_preserved_or_moved_display
Scripts/Modules/Multiplayer/UI/Lobby.lua	Show full	"SimpleText(""Show full"", 150, HeaderY, Game.Smallnum_fnt,"	yes	reviewed_preserved_or_moved_display
Scripts/Modules/Multiplayer/UI/Lobby.lua	Show passworded	"SimpleText(""Show passworded"", 250, HeaderY, Game.Smallnum_fnt,"	yes	reviewed_preserved_or_moved_display
Scripts/Modules/Multiplayer/UI/Lobby.lua	Show other versions	"SimpleText(""Show other versions"", 400, HeaderY, Game.Smallnum_fnt,"	yes	reviewed_preserved_or_moved_display
Scripts/Modules/Multiplayer/UI/RemotePlayers.lua	Target is too far away.	"Multiplayer.utils.delayed_call(Game.ShowStatusText, 2, ""Target is too far away."")"	yes	reviewed_preserved_or_moved_display
Scripts/Modules/Multiplayer/UI/RemotePlayers.lua	Target is out of sight.	"Multiplayer.utils.delayed_call(Game.ShowStatusText, 2,""Target is out of sight."")"	yes	reviewed_preserved_or_moved_display
Scripts/Modules/Multiplayer/UI/RemotePlayers.lua	Select remote player 	"RemoteTargetKeybinds[i] = Keybinds.Add(""RemotePlayer"" .. n, ""Select remote player "" .. n .. "":"", n, true, {0, const.Screens.SelectTarget}, function()"	yes	reviewed_preserved_or_moved_display
Scripts/Modules/Multiplayer/UI/RemotePlayers.lua	Toggle remote players UI:	"Keybinds.Add(""ToggleRemotePlayersUI"", ""Toggle remote players UI:"", ""P"", false, {0, const.Screens.SelectTarget}, function()"	yes	reviewed_preserved_or_moved_display
Scripts/Modules/Multiplayer/UI/RemotePlayers.lua	Placeholder name with class and condition	"widget.text_name = PropText(""Placeholder name with class and condition"", XBase, YBase)"	yes	reviewed_preserved_or_moved_display
Scripts/Modules/Multiplayer/UI/RemotePlayers.lua	Range: far away	"widget.text_range = PropText(""Range: far away"", XBase, YBase + 14)"	yes	reviewed_preserved_or_moved_display
Scripts/Modules/Multiplayer/UI/RemotePlayers.lua	HP: %s / %s pt.	"widget.text_hp = PropText(""HP: %s / %s pt."", XBase, YBase + 28)"	yes	reviewed_preserved_or_moved_display
Scripts/Modules/Multiplayer/UI/RemotePlayers.lua	SP: %s / %s pt.	"widget.text_sp = PropText(""SP: %s / %s pt."", XBase, YBase + 42)"	yes	reviewed_preserved_or_moved_display
Scripts/Modules/Multiplayer/UI/RemotePlayers.lua	taking turn...	"widget.text_tbphase = PropText(""taking turn..."", XBase, YBase + 56)"	yes	reviewed_preserved_or_moved_display
Scripts/Modules/Multiplayer/UI/RemotePlayers.lua	SP: 	"self.text_sp.Text = ""SP: "" .. sp_text"	yes	reviewed_preserved_or_moved_display
Scripts/Modules/Multiplayer/UI/RemotePlayers.lua	Range: 	"self.text_range.Text = ""Range: "" .. range"	yes	reviewed_preserved_or_moved_display
Scripts/Modules/Multiplayer/UI/RemotePlayers.lua	HP: 	"self.text_hp.Text = ""HP: "" .. hp_text"	yes	reviewed_preserved_or_moved_display
Scripts/Modules/Multiplayer/UI/RemotePlayers.lua	Display players despite distance:	"Group:Switch(""Display players despite distance:"", acceptor, ""alwaysDisplay"", function(t)"	yes	reviewed_preserved_or_moved_display
Scripts/Modules/Multiplayer/UI/RemotePlayers.lua	Show remote SP:	"Group:Switch(""Show remote SP:"", acceptor, ""useSP"", function(t)"	yes	reviewed_preserved_or_moved_display
Scripts/Modules/Multiplayer/Utils.lua	Attack	"[const.AIState.CastSpell] = ""Attack"","	yes	reviewed_preserved_or_moved_display
